Show_Id,Category,Title,Country,Rating,Duration,Genre,Release_Day,Release_Month,Release_Year
s1,TV Show,3%,Brazil,TV-MA,4,"International TV Shows, TV Dramas, TV Sci-Fi & Fantasy",14,August,2020
s2,Movie,07:19,Mexico,TV-MA,93,"Dramas, International Movies",23,December,2016
s3,Movie,23:59,Singapore,R,78,"Horror Movies, International Movies",20,December,2018
s4,Movie,9,United States,PG-13,80,"Action & Adventure, Independent Movies, Sci-Fi & Fantasy",16,November,2017
s5,Movie,21,United States,PG-13,123,Dramas,1,January,2020
s6,TV Show,46,Turkey,TV-MA,1,"International TV Shows, TV Dramas, TV Mysteries",1,July,2017
s7,Movie,122,Egypt,TV-MA,95,"Horror Movies, International Movies",1,June,2020
s8,Movie,187,United States,R,119,Dramas,1,November,2019
s9,Movie,706,India,TV-14,118,"Horror Movies, International Movies",1,April,2019
s10,Movie,1920,India,TV-MA,143,"Horror Movies, International Movies, Thrillers",15,December,2017
s11,Movie,1922,United States,TV-MA,103,"Dramas, Thrillers",20,October,2017
s12,TV Show,1983,"Poland, United States",TV-MA,1,"Crime TV Shows, International TV Shows, TV Dramas",30,November,2018
s13,TV Show,1994,Mexico,TV-MA,1,"Crime TV Shows, Docuseries, International TV Shows",17,May,2019
s14,Movie,"2,215",Thailand,TV-MA,89,"Documentaries, International Movies, Sports Movies",1,March,2019
s15,Movie,3022,United States,R,91,"Independent Movies, Sci-Fi & Fantasy, Thrillers",19,March,2020
s16,Movie,Oct-01,Nigeria,TV-14,149,"Dramas, International Movies, Thrillers",1,September,2019
s17,TV Show,Feb-09,Unknown,TV-14,1,"International TV Shows, TV Dramas",20,March,2019
s18,Movie,22-Jul,"Norway, Iceland, United States",R,144,"Dramas, Thrillers",10,October,2018
s19,Movie,15-Aug,India,TV-14,124,"Comedies, Dramas, Independent Movies",29,March,2019
s20,Movie,'89,United Kingdom,TV-PG,87,Sports Movies,16,May,2018
s21,Movie,​​Kuch Bheege Alfaaz,India,TV-14,110,"Dramas, Independent Movies, International Movies",1,September,2018
s22,Movie,​Goli Soda 2,India,TV-14,128,"Action & Adventure, Dramas, International Movies",15,September,2018
s23,Movie,​Maj Rati ​​Keteki,India,TV-14,117,"Dramas, International Movies",15,September,2018
s24,Movie,​Mayurakshi,India,TV-14,100,"Dramas, International Movies",15,September,2018
s25,TV Show,​SAINT SEIYA: Knights of the Zodiac,Japan,TV-14,2,"Anime Series, International TV Shows",23,January,2020
s26,Movie,(T)ERROR,United States,NR,84,Documentaries,30,June,2016
s27,TV Show,(Un)Well,United States,TV-MA,1,Reality TV,12,August,2020
s28,Movie,#Alive,South Korea,TV-MA,99,"Horror Movies, International Movies, Thrillers",8,September,2020
s29,Movie,#AnneFrank - Parallel Stories,Italy,TV-14,95,"Documentaries, International Movies",1,July,2020
s30,TV Show,#blackAF,United States,TV-MA,1,TV Comedies,17,April,2020
s31,Movie,#cats_the_mewvie,Canada,TV-14,90,"Documentaries, International Movies",5,February,2020
s32,Movie,#FriendButMarried,Indonesia,TV-G,102,"Dramas, International Movies, Romantic Movies",21,May,2020
s33,Movie,#FriendButMarried 2,Indonesia,TV-G,104,"Dramas, International Movies, Romantic Movies",28,June,2020
s34,Movie,#realityhigh,United States,TV-14,99,Comedies,8,September,2017
s35,Movie,#Roxy,Canada,TV-14,105,"Comedies, Romantic Movies",10,April,2019
s36,Movie,#Rucker50,United States,TV-PG,56,"Documentaries, Sports Movies",1,December,2016
s37,Movie,#Selfie,Romania,TV-MA,125,"Comedies, Dramas, International Movies",1,June,2019
s38,Movie,#Selfie 69,Romania,TV-MA,119,"Comedies, Dramas, International Movies",1,June,2019
s39,TV Show,แผนร้ายนายเจ้าเล่ห์,Unknown,TV-14,1,"International TV Shows, Romantic TV Shows, TV Comedies",30,March,2019
s40,Movie,"¡Ay, mi madre!",Spain,TV-MA,81,"Comedies, International Movies",19,July,2019
s41,Movie,Çarsi Pazar,Turkey,TV-14,97,"Comedies, International Movies",10,March,2017
s42,Movie,Ég man þig,Iceland,TV-MA,106,"Horror Movies, International Movies",27,March,2018
s43,Movie,Çok Filim Hareketler Bunlar,Turkey,TV-MA,99,"Comedies, International Movies",10,March,2017
s44,Movie,Òlòtūré,Nigeria,TV-MA,107,"Dramas, International Movies",2,October,2020
s45,Movie,Æon Flux,United States,PG-13,93,"Action & Adventure, Sci-Fi & Fantasy",1,February,2018
s46,TV Show,Şubat,Turkey,TV-MA,1,"Crime TV Shows, International TV Shows, TV Dramas",17,January,2017
s47,Movie,1 Chance 2 Dance,United States,TV-PG,89,"Dramas, Romantic Movies",1,July,2017
s48,Movie,1 Mile to You,United States,TV-14,105,"Dramas, Romantic Movies, Sports Movies",7,July,2017
s49,Movie,10 Days in Sun City,"South Africa, Nigeria",TV-14,87,"Comedies, International Movies, Romantic Movies",18,October,2019
s50,Movie,10 jours en or,France,TV-14,97,"Comedies, Dramas, International Movies",1,July,2017
s51,Movie,"10,000 B.C.","United States, South Africa",PG-13,109,Action & Adventure,1,June,2019
s52,TV Show,100 Days My Prince,South Korea,TV-14,1,"International TV Shows, Romantic TV Shows, TV Dramas",7,December,2020
s53,Movie,100 Days Of Solitude,Spain,TV-MA,93,"Documentaries, International Movies",6,July,2018
s54,TV Show,100 Humans,United States,TV-14,1,"Docuseries, Science & Nature TV",13,March,2020
s55,Movie,100 Meters,"Portugal, Spain",TV-MA,109,"Dramas, International Movies, Sports Movies",10,March,2017
s56,Movie,100 Things to do Before High School,United States,TV-Y,44,Movies,2,November,2019
s57,Movie,100 Years: One Woman's Fight for Justice,United States,TV-14,75,Documentaries,20,March,2018
s58,Movie,100% Halal,Indonesia,TV-14,101,"Dramas, International Movies",7,January,2021
s59,TV Show,100% Hotter,United Kingdom,TV-14,1,"British TV Shows, International TV Shows, Reality TV",1,November,2019
s60,Movie,1000 Rupee Note,India,TV-14,89,"Dramas, International Movies",1,December,2016
s61,Movie,12 ROUND GUN,United States,TV-MA,90,"Dramas, Independent Movies, Sports Movies",14,March,2019
s62,TV Show,12 Years Promise,South Korea,TV-14,1,"International TV Shows, Korean TV Shows, Romantic TV Shows",22,May,2017
s63,Movie,13 Cameras,United States,NR,90,"Horror Movies, Independent Movies, Thrillers",13,August,2016
s64,TV Show,13 Reasons Why,United States,TV-MA,4,"Crime TV Shows, TV Dramas, TV Mysteries",5,June,2020
s65,TV Show,13 Reasons Why: Beyond the Reasons,United States,TV-MA,3,"Crime TV Shows, Docuseries",23,August,2019
s66,Movie,13 Sins,United States,R,93,"Horror Movies, Thrillers",13,January,2019
s67,Movie,13TH,United States,TV-MA,101,Documentaries,7,October,2016
s69,Movie,14 Blades,"Hong Kong, China, Singapore",R,113,"Action & Adventure, International Movies",3,April,2019
s70,Movie,14 Cameras,United States,TV-MA,89,"Horror Movies, Thrillers",27,October,2018
s71,Movie,14 Minutes from Earth,United States,TV-MA,84,Documentaries,1,February,2019
s72,Movie,16 Blocks,"United States, Germany",PG-13,102,Action & Adventure,1,November,2019
s73,Movie,17 Again,United States,PG-13,102,Comedies,1,January,2021
s74,Movie,18 Presents,Italy,TV-MA,114,"Dramas, Independent Movies, International Movies",8,May,2020
s75,Movie,1898: Our Last Men in the Philippines,Spain,R,130,"Dramas, International Movies",2,June,2017
s76,Movie,1BR,United States,TV-MA,90,"Horror Movies, Independent Movies, Thrillers",23,August,2020
s77,Movie,1st Summoning,United States,TV-MA,94,"Horror Movies, Independent Movies",26,July,2019
s78,Movie,2 Alone in Paris,France,TV-MA,97,"Comedies, International Movies",1,June,2020
s79,Movie,2 States,India,TV-PG,143,"Comedies, Dramas, International Movies",4,August,2018
s80,Movie,20 Feet From Stardom,United States,PG-13,91,"Documentaries, Music & Musicals",22,September,2018
s81,TV Show,20 Minutes,Turkey,TV-MA,1,"Crime TV Shows, International TV Shows, TV Dramas",15,August,2017
s82,Movie,2015 Dream Concert,South Korea,TV-PG,107,"International Movies, Music & Musicals",28,April,2017
s83,Movie,2036 Origin Unknown,United Kingdom,TV-14,95,Sci-Fi & Fantasy,20,December,2018
s84,Movie,20th Century Women,United States,R,119,"Dramas, Independent Movies",28,June,2019
s85,Movie,21 & Over,United States,R,93,Comedies,16,April,2019
s86,TV Show,21 Again,United Kingdom,TV-MA,1,"British TV Shows, Reality TV",1,July,2020
s87,TV Show,21 Sarfarosh: Saragarhi 1897,India,TV-14,1,"International TV Shows, TV Dramas",1,December,2018
s88,TV Show,21 Thunder,Canada,TV-MA,1,"Crime TV Shows, International TV Shows, TV Dramas",1,March,2018
s89,Movie,2307: Winter's Dream,United States,TV-MA,101,"Action & Adventure, Independent Movies, Sci-Fi & Fantasy",1,March,2018
s90,Movie,24 Hours to Live,"South Africa, China, United States",R,93,Action & Adventure,7,April,2018
s91,Movie,25 Kille,India,TV-14,140,"Action & Adventure, Dramas, International Movies",1,October,2018
s92,Movie,26 Years,South Korea,TV-MA,135,"Dramas, International Movies, Thrillers",1,October,2017
s93,Movie,"27, el club de los malditos",Argentina,TV-MA,82,"Action & Adventure, Comedies, International Movies",1,May,2018
s94,Movie,27: Gone Too Soon,United Kingdom,TV-MA,70,Documentaries,1,May,2018
s95,Movie,28 Days,United States,PG-13,104,"Comedies, Dramas",30,September,2020
s96,TV Show,28 Moons,South Korea,TV-PG,1,"International TV Shows, Korean TV Shows, Romantic TV Shows",10,June,2017
s97,Movie,3 Days to Kill,"United States, France, Serbia",PG-13,117,Action & Adventure,1,December,2020
s98,Movie,3 Deewarein,Unknown,TV-MA,121,"Dramas, International Movies, Thrillers",31,December,2019
s99,Movie,3 Generations,United States,PG-13,92,"Dramas, LGBTQ Movies",28,August,2017
s100,Movie,3 Heroines,Indonesia,TV-PG,124,"Dramas, International Movies, Sports Movies",5,January,2019
s101,Movie,3 Idiots,India,PG-13,164,"Comedies, Dramas, International Movies",1,August,2019
s102,Movie,3 Seconds Divorce,Canada,TV-PG,53,"Documentaries, Faith & Spirituality",15,June,2019
s103,Movie,3 Türken & ein Baby,Germany,TV-MA,93,"Comedies, International Movies",15,December,2016
s104,Movie,30 Days of Luxury,Egypt,TV-14,91,"Comedies, International Movies",18,April,2019
s105,Movie,30 Minutes or Less,United States,R,83,"Action & Adventure, Comedies",1,January,2021
s106,Movie,300 Miles to Heaven,"Denmark, France, Poland",TV-14,93,"Dramas, International Movies",1,October,2019
s107,Movie,365 Days,Poland,TV-MA,114,"Dramas, International Movies, Romantic Movies",7,June,2020
s108,Movie,37 Seconds,Japan,TV-MA,116,"Dramas, International Movies",31,January,2020
s109,TV Show,3Below: Tales of Arcadia,United States,TV-Y7,2,"Kids' TV, TV Action & Adventure, TV Sci-Fi & Fantasy",12,July,2019
s110,Movie,40 Sticks,Kenya,TV-14,93,"International Movies, Thrillers",20,November,2020
s111,Movie,42 Grams,United States,TV-MA,81,Documentaries,1,February,2018
s112,TV Show,44 Cats,Italy,TV-Y7,2,Kids' TV,1,October,2020
s113,TV Show,45 rpm,Spain,TV-MA,1,"International TV Shows, Romantic TV Shows, Spanish-Language TV Shows",16,August,2019
s114,Movie,48 Christmas Wishes,Canada,TV-G,84,"Children & Family Movies, Comedies",20,December,2017
s115,Movie,4L,Spain,TV-MA,105,"Comedies, Dramas, Independent Movies",12,July,2019
s116,Movie,4th Man Out,United States,NR,86,"Comedies, LGBTQ Movies",5,May,2016
s117,Movie,4th Republic,Nigeria,TV-MA,120,"Dramas, International Movies, Thrillers",13,June,2020
s118,Movie,5 Cowok Jagoan,Unknown,TV-MA,106,"Action & Adventure, Comedies, International Movies",5,January,2019
s119,Movie,5 Flights Up,United States,PG-13,92,"Comedies, Dramas, Independent Movies",17,March,2019
s120,Movie,5 Star Christmas,Italy,TV-14,96,"Comedies, International Movies",7,December,2018
s121,Movie,5 to 7,United States,R,97,"Comedies, Dramas, Romantic Movies",16,March,2017
s122,Movie,50 First Dates,United States,PG-13,99,"Comedies, Romantic Movies",1,December,2020
s123,Movie,50/50,United States,R,100,"Comedies, Dramas, Independent Movies",1,June,2019
s124,Movie,5CM,Indonesia,TV-14,126,"Dramas, International Movies",28,September,2018
s125,Movie,5Gang,Romania,TV-14,96,"Comedies, International Movies",27,April,2020
s126,Movie,6 Balloons,United States,TV-MA,75,"Dramas, Independent Movies",6,April,2018
s127,Movie,6 Days,"New Zealand, United Kingdom",R,94,"Action & Adventure, Dramas, International Movies",8,February,2018
s128,Movie,6 Underground,United States,R,129,"Action & Adventure, Dramas",13,December,2019
s129,Movie,6 Years,United States,TV-MA,80,"Dramas, Independent Movies, Romantic Movies",8,September,2015
s130,Movie,6-5=2,India,TV-MA,103,"Horror Movies, International Movies, Thrillers",1,November,2017
s131,TV Show,60 Days In,United States,TV-MA,1,Reality TV,1,November,2020
s132,Movie,68 Kill,United States,R,96,"Comedies, Independent Movies, Thrillers",1,September,2019
s133,TV Show,7 (Seven),India,TV-14,1,TV Shows,30,July,2019
s134,Movie,7 años,Spain,TV-MA,77,"Dramas, International Movies",27,October,2016
s135,TV Show,7 Days Out,United States,TV-PG,1,Docuseries,21,December,2018
s136,Movie,7 Din Mohabbat In,Pakistan,TV-PG,137,"Comedies, International Movies, Music & Musicals",15,May,2019
s137,Movie,7 Khoon Maaf,India,TV-MA,148,"Dramas, International Movies, Thrillers",2,August,2018
s138,TV Show,72 Cutest Animals,Australia,TV-PG,1,"Docuseries, International TV Shows, Science & Nature TV",1,June,2016
s139,TV Show,72 Dangerous Animals: Asia,Australia,TV-14,1,"Docuseries, International TV Shows, Science & Nature TV",10,August,2018
s140,TV Show,72 Dangerous Animals: Latin America,"Australia, United States",TV-14,1,"Docuseries, International TV Shows, Science & Nature TV",22,December,2017
s141,TV Show,72 Dangerous Places to Live,Australia,TV-PG,1,"Docuseries, International TV Shows, Science & Nature TV",1,June,2016
s142,TV Show,7SEEDS,Unknown,TV-MA,2,"Anime Series, International TV Shows",26,March,2020
s143,TV Show,9 Months That Made You,United States,TV-PG,1,"British TV Shows, Docuseries, Science & Nature TV",1,March,2017
s144,Movie,90 ML,India,TV-MA,123,"Comedies, International Movies, Music & Musicals",13,August,2019
s145,Movie,93 Days,Nigeria,TV-PG,121,"Dramas, International Movies, Thrillers",5,March,2020
s146,Movie,A 2nd Chance,Australia,PG,95,"Children & Family Movies, Dramas, Sports Movies",1,July,2017
s147,Movie,A 3 Minute Hug,"Mexico, United States",TV-PG,28,"Documentaries, International Movies",28,October,2019
s148,Movie,A Babysitter's Guide to Monster Hunting,United States,TV-PG,99,Children & Family Movies,15,October,2020
s149,Movie,A Bad Moms Christmas,"United States, China",R,104,Comedies,14,February,2020
s150,Movie,A Beautiful Life,"China, Hong Kong",TV-14,122,"Dramas, International Movies, Romantic Movies",1,December,2018
s151,Movie,A Billion Colour Story,India,TV-14,104,"Dramas, Independent Movies, International Movies",1,April,2018
s152,Movie,A Boy Called Po,United States,PG,94,"Dramas, Sci-Fi & Fantasy",15,January,2018
s153,TV Show,A Boy Name Flora A,Taiwan,TV-MA,1,"International TV Shows, TV Comedies, TV Dramas",1,September,2017
s154,Movie,A Bridge Too Far,"United States, United Kingdom",PG,176,"Action & Adventure, Classic Movies, Dramas",1,July,2020
s155,Movie,A California Christmas,United States,PG-13,107,"Comedies, Romantic Movies",14,December,2020
s156,Movie,A Champion Heart,United States,G,90,"Children & Family Movies, Dramas",14,April,2020
s157,Movie,A Chaster Marriage,Turkey,TV-14,94,"Comedies, International Movies, Romantic Movies",2,October,2020
s158,Movie,A Choo,Taiwan,TV-14,101,"Action & Adventure, International Movies, Romantic Movies",14,October,2020
s159,Movie,A Christmas Catch,Canada,TV-G,87,"Dramas, Romantic Movies",4,November,2020
s160,Movie,A Christmas Prince,United States,TV-PG,92,"Children & Family Movies, Dramas, Romantic Movies",17,November,2017
s161,Movie,A Christmas Prince: The Royal Baby,United States,TV-PG,85,"Children & Family Movies, Dramas, Romantic Movies",5,December,2019
s162,Movie,A Christmas Prince: The Royal Wedding,United States,TV-PG,93,"Children & Family Movies, Dramas, Romantic Movies",30,November,2018
s163,Movie,A Christmas Special: Miraculous: Tales of Ladybug & Cat Noir,"France, South Korea, Japan",TV-Y7,22,Movies,20,December,2016
s164,Movie,A Cinderella Story,"United States, Canada",PG,95,"Children & Family Movies, Comedies",1,January,2020
s165,Movie,A Cinderella Story: Christmas Wish,United States,PG,86,"Children & Family Movies, Comedies, Music & Musicals",1,December,2019
s166,Movie,A Clockwork Orange,"United Kingdom, United States",R,137,"Classic Movies, Cult Movies, Dramas",1,November,2020
s167,Movie,A Dangerous Woman,United States,R,101,"Dramas, Romantic Movies",1,April,2018
s168,Movie,A Fairly Odd Summer,United States,TV-Y7,68,"Children & Family Movies, Comedies",2,November,2019
s169,Movie,A Fall from Grace,United States,TV-MA,121,"Dramas, Thrillers",17,January,2020
s170,Movie,A Family Affair,"Netherlands, Denmark, South Africa",TV-PG,111,"Documentaries, International Movies",16,October,2016
s171,Movie,A Family Man,"Canada, United States",R,110,Dramas,15,December,2019
s172,Movie,A Family Reunion Christmas,United States,TV-PG,29,Movies,9,December,2019
s173,Movie,A Flying Jatt,India,TV-14,142,"Action & Adventure, International Movies, Sci-Fi & Fantasy",15,November,2017
s174,Movie,A Fortunate Man,Denmark,TV-MA,168,"Dramas, International Movies",20,April,2019
s175,Movie,A Futile and Stupid Gesture,United States,TV-MA,102,Comedies,26,January,2018
s176,Movie,A Ghost Story,United States,R,92,"Dramas, Independent Movies",7,January,2020
s177,Movie,A Glimpse Inside the Mind of Charles Swan III,United States,R,86,"Comedies, Independent Movies",15,July,2018
s178,Movie,A Go! Go! Cory Carson Christmas,United States,TV-Y,22,Children & Family Movies,27,November,2020
s179,Movie,A Go! Go! Cory Carson Halloween,Unknown,TV-Y,22,Children & Family Movies,2,October,2020
s180,Movie,A Go! Go! Cory Carson Summer Camp,Unknown,TV-Y,21,Children & Family Movies,4,August,2020
s181,TV Show,A Good Wife,Taiwan,TV-14,1,"International TV Shows, Romantic TV Shows, TV Dramas",1,January,2017
s182,Movie,A Grand Night In: The Story of Aardman,United Kingdom,TV-PG,59,Documentaries,1,November,2016
s183,Movie,A Gray State,United States,TV-MA,93,Documentaries,25,December,2017
s184,Movie,A Haunted House,United States,R,86,"Comedies, Horror Movies",21,February,2020
s185,Movie,A Haunting at Silver Falls: The Return,United States,TV-14,80,"Horror Movies, Independent Movies",17,September,2019
s186,Movie,A Heavy Heart,Germany,TV-MA,109,"Dramas, Independent Movies, International Movies",15,February,2017
s187,Movie,A Holiday Engagement,United States,TV-G,92,"Children & Family Movies, Comedies, Romantic Movies",4,November,2019
s188,Movie,A Home with A View,Hong Kong,TV-MA,92,"Comedies, International Movies",30,April,2019
s189,TV Show,A House of Blocks,Taiwan,TV-PG,1,"International TV Shows, TV Dramas, TV Horror",1,September,2017
s190,Movie,A Kid from Coney Island,"United States, China",TV-MA,89,"Documentaries, Sports Movies",6,July,2020
s191,Movie,A Kind of Murder,United States,R,96,Thrillers,1,May,2017
s192,TV Show,A Korean Odyssey,South Korea,TV-MA,1,"International TV Shows, Korean TV Shows, Romantic TV Shows",5,March,2019
s193,Movie,A Land Imagined,"France, Netherlands, Singapore",TV-MA,95,"Dramas, International Movies",13,April,2019
s194,Movie,A Leaf of Faith,United States,TV-MA,87,Documentaries,27,August,2018
s195,Movie,A Life of Speed: The Juan Manuel Fangio Story,Argentina,TV-14,93,"Documentaries, International Movies, Sports Movies",20,March,2020
s196,TV Show,A Lion in the House,United States,TV-14,1,TV Shows,10,November,2020
s197,Movie,A Little Chaos,United Kingdom,R,113,"Dramas, Independent Movies, International Movies",17,April,2019
s198,TV Show,A Little Help with Carol Burnett,United States,TV-G,1,"Stand-Up Comedy & Talk Shows, TV Comedies",4,May,2018
s199,TV Show,A Little Thing Called First Love,China,TV-G,1,"International TV Shows, Romantic TV Shows, Teen TV Shows",26,October,2019
s200,TV Show,A Love So Beautiful,South Korea,TV-PG,1,"International TV Shows, Romantic TV Shows, TV Comedies",28,December,2020
s201,Movie,A Love Song for Latasha,United States,TV-PG,20,Documentaries,21,September,2020
s202,Movie,A Love Story,Philippines,TV-14,117,"Dramas, International Movies, Romantic Movies",14,March,2019
s203,TV Show,A Man Called God,South Korea,TV-14,1,"Crime TV Shows, International TV Shows, Korean TV Shows",12,March,2019
s204,Movie,A Mighty Team,France,TV-MA,97,"Comedies, International Movies, Sports Movies",15,October,2016
s205,Movie,A Mission in an Old Movie,Unknown,TV-MA,98,"Comedies, International Movies",25,April,2019
s206,Movie,A Monster Calls,"United Kingdom, Spain, United States",PG-13,108,"Dramas, Sci-Fi & Fantasy",16,January,2021
s207,Movie,A Most Violent Year,"United Arab Emirates, United States",R,125,"Dramas, Thrillers",22,July,2018
s208,Movie,A Murder in the Park,United States,PG-13,91,Documentaries,28,April,2017
s209,Movie,A new Capitalism,Brazil,TV-14,76,"Documentaries, International Movies",12,June,2018
s210,Movie,A New York Christmas Wedding,United States,TV-MA,90,"Dramas, LGBTQ Movies, Romantic Movies",5,November,2020
s211,Movie,A Night at the Roxbury,United States,PG-13,82,"Comedies, Cult Movies",1,December,2019
s212,Movie,A Noble Intention,Netherlands,TV-MA,111,"Dramas, International Movies",1,September,2016
s213,Movie,A Patch of Fog,United Kingdom,TV-MA,92,"Dramas, Thrillers",15,April,2017
s214,TV Show,A Perfect Crime,Germany,TV-14,1,"Crime TV Shows, Docuseries, International TV Shows",25,September,2020
s215,Movie,A Perfect Ending,United States,TV-MA,110,"Dramas, Independent Movies, LGBTQ Movies",1,January,2019
s216,Movie,A Perfect Man,United States,R,94,"Dramas, Independent Movies, Romantic Movies",6,June,2019
s217,Movie,A Plastic Ocean,"United Kingdom, Hong Kong",TV-14,100,Documentaries,4,October,2019
s218,Movie,A Princess for Christmas,United States,TV-PG,91,"Children & Family Movies, Dramas, Romantic Movies",28,August,2020
s219,TV Show,A Queen Is Born,Brazil,TV-14,1,"International TV Shows, Reality TV",11,November,2020
s220,Movie,A Remarkable Tale,Spain,TV-MA,94,"Comedies, International Movies",1,November,2019
s221,Movie,A Russell Peters Christmas,Canada,NR,44,Stand-Up Comedy,1,November,2013
s222,Movie,A Scandall,India,TV-MA,108,"International Movies, Thrillers",15,October,2017
s223,Movie,A Second Chance,Philippines,TV-MA,130,"Dramas, International Movies, Romantic Movies",27,February,2019
s224,Movie,A Secret Love,United States,TV-14,83,"Documentaries, LGBTQ Movies",29,April,2020
s225,Movie,A Separation,"Iran, France",PG-13,123,"Dramas, International Movies",16,March,2019
s226,TV Show,A Series of Unfortunate Events,United States,TV-PG,3,"Kids' TV, TV Action & Adventure, TV Comedies",1,January,2019
s227,Movie,A Serious Man,"United States, United Kingdom, France",R,106,"Comedies, Independent Movies",16,January,2018
s228,Movie,A Shaun the Sheep Movie: Farmageddon,"United Kingdom, France, Belgium, United States, China",G,87,"Children & Family Movies, Comedies",14,February,2020
s229,Movie,A Silent Voice,Japan,TV-14,130,"Anime Features, International Movies",5,June,2019
s230,Movie,A Single Man,United States,R,100,"Dramas, Independent Movies, LGBTQ Movies",11,November,2019
s231,Movie,A Sort of Family,"Argentina, Brazil, France, Poland, Germany, Denmark",TV-14,96,"Dramas, International Movies, Thrillers",1,April,2018
s232,Movie,A Sort of Homecoming,United States,TV-PG,89,"Dramas, Independent Movies",1,August,2017
s233,Movie,A Stoning in Fulham County,United States,TV-14,95,Dramas,1,October,2011
s234,Movie,A StoryBots Christmas,United States,TV-Y,26,"Children & Family Movies, Comedies",1,December,2017
s235,Movie,A Sun,Taiwan,TV-MA,156,"Dramas, Independent Movies, International Movies",24,January,2020
s236,TV Show,A Taiwanese Tale of Two Cities,Taiwan,TV-MA,1,"International TV Shows, TV Dramas",27,January,2019
s237,Movie,A Tale of Love and Darkness,"Israel, United States",PG-13,98,"Dramas, International Movies",25,October,2019
s238,Movie,A Tale of Two Kitchens,"United States, Mexico",TV-PG,30,"Documentaries, International Movies",22,May,2019
s239,Movie,A Thin Line Between Love & Hate,United States,R,108,"Comedies, Romantic Movies",1,December,2020
s240,TV Show,A Thousand Goodnights,Taiwan,TV-14,1,"International TV Shows, TV Dramas",1,June,2019
s241,Movie,A Thousand Words,United States,PG-13,92,Comedies,1,July,2020
s242,TV Show,A Touch of Green,Taiwan,TV-MA,1,"International TV Shows, TV Dramas",1,July,2020
s243,Movie,A Trash Truck Christmas,Unknown,TV-Y,28,Children & Family Movies,11,December,2020
s244,Movie,A Trip to Jamaica,Nigeria,TV-MA,99,"Comedies, International Movies",13,December,2019
s245,Movie,A truthful Mother,India,TV-Y7,85,Children & Family Movies,31,March,2020
s246,Movie,A Twelve Year Night,"Uruguay, Argentina, Spain",TV-MA,122,"Dramas, International Movies",28,December,2018
s247,Movie,A Very Country Christmas,"United States, Canada",TV-G,84,"Music & Musicals, Romantic Movies",15,November,2020
s248,Movie,A Very Murray Christmas,United States,TV-14,57,"Comedies, Music & Musicals",4,December,2015
s249,TV Show,A Very Secret Service,France,TV-MA,2,"International TV Shows, TV Comedies",30,July,2018
s250,Movie,A Very Special Love,Philippines,TV-G,107,"International Movies, Romantic Movies",12,November,2020
s251,Movie,A Walk to Remember,United States,PG,102,"Dramas, Romantic Movies",1,July,2020
s252,Movie,A Wednesday,India,TV-MA,103,"Action & Adventure, Dramas, International Movies",1,November,2018
s253,Movie,A Week in Watts,United States,TV-14,91,Documentaries,19,February,2018
s254,Movie,A Whisker Away,Japan,TV-PG,104,"Anime Features, Children & Family Movies, International Movies",18,June,2020
s255,Movie,A Witches' Ball,Canada,PG,91,Children & Family Movies,1,October,2018
s256,Movie,A Wrinkle in Time,United States,PG,110,Children & Family Movies,25,September,2018
s257,TV Show,A Year In Space,United States,TV-PG,1,"Docuseries, International TV Shows, Science & Nature TV",1,November,2019
s258,Movie,A Yellow Bird,"Singapore, France",TV-MA,111,"Dramas, Independent Movies, International Movies",1,May,2017
s260,TV Show,A.D. Kingdom and Empire,United States,TV-14,1,TV Dramas,15,December,2017
s261,TV Show,A.I.C.O.,Japan,TV-14,1,"Anime Series, International TV Shows",9,March,2018
s262,Movie,A.M.I.,Canada,TV-MA,77,Horror Movies,1,October,2020
s263,Movie,A.X.L.,United States,PG,99,"Action & Adventure, Children & Family Movies, Independent Movies",20,March,2019
s264,Movie,Aşk Tesadüfleri Sever,Turkey,TV-MA,122,"Dramas, International Movies, Romantic Movies",4,April,2018
s265,Movie,Aadu 2,India,TV-MA,150,"Comedies, International Movies",15,May,2018
s266,Movie,Aagey Se Right,India,TV-14,117,"Comedies, International Movies, Music & Musicals",1,November,2018
s267,Movie,Aajcha Divas Majha,India,TV-PG,126,"Comedies, Dramas, International Movies",1,January,2018
s268,Movie,Aakhri Adaalat,India,TV-14,148,"Action & Adventure, International Movies",1,September,2017
s269,Movie,Aalorukkam,India,TV-PG,122,"Dramas, Independent Movies, International Movies",15,November,2018
s270,Movie,Aamir,India,TV-14,95,"International Movies, Thrillers",1,November,2018
s271,Movie,Aapla Manus,India,TV-14,133,"Dramas, International Movies, Thrillers",10,September,2020
s272,Movie,Aarakshan,India,TV-14,164,"Dramas, International Movies",31,December,2019
s273,Movie,Aashayein,India,TV-14,115,"Dramas, International Movies",22,October,2017
s274,Movie,Aashik Awara,India,TV-14,154,"Dramas, International Movies, Music & Musicals",1,June,2017
s275,Movie,Aata Pita,India,TV-14,133,"Comedies, Dramas, International Movies",1,January,2018
s276,Movie,Aaviri,India,TV-14,110,"Horror Movies, International Movies, Thrillers",31,December,2019
s277,TV Show,Abby Hatcher,"United States, Canada",TV-Y,1,Kids' TV,1,July,2020
s278,Movie,Abby Sen,India,TV-PG,127,"Comedies, Dramas, International Movies",1,May,2017
s279,Movie,ABCD 2,India,TV-14,146,"Dramas, International Movies, Music & Musicals",1,November,2018
s280,Movie,ABCD: Any Body Can Dance,India,TV-14,136,"Dramas, International Movies",1,November,2018
s281,Movie,Abdo Mota,Egypt,TV-MA,100,"Action & Adventure, Dramas, International Movies",19,April,2019
s282,Movie,Abducted in Plain Sight,United States,TV-14,90,Documentaries,15,January,2019
s283,Movie,"Abdullah, The Final Witness",Pakistan,TV-14,88,"Dramas, International Movies",15,January,2019
s284,Movie,Abhinetri,India,TV-14,131,"Comedies, International Movies, Sci-Fi & Fantasy",1,May,2018
s285,TV Show,Abnormal Summit,South Korea,TV-PG,2,"International TV Shows, Korean TV Shows, Stand-Up Comedy & Talk Shows",4,August,2017
s286,Movie,Abominable Christmas,United States,TV-Y7,44,"Children & Family Movies, Comedies",18,February,2016
s287,Movie,About a Boy,"United Kingdom, United States, France, Germany",PG-13,101,"Comedies, Dramas, International Movies",1,February,2019
s288,Movie,About Time,United Kingdom,R,123,"Comedies, Dramas, International Movies",16,April,2019
s289,TV Show,Abstract: The Art of Design,United States,TV-14,2,Docuseries,25,September,2019
s290,TV Show,Absurd Planet,United States,TV-PG,1,"Docuseries, Science & Nature TV, TV Comedies",22,April,2020
s291,TV Show,Abyss,South Korea,TV-14,1,"Crime TV Shows, International TV Shows, Korean TV Shows",7,May,2019
s292,Movie,Abzurdah,Argentina,TV-MA,90,"Dramas, International Movies",25,August,2016
s293,Movie,Acapulco La vida va,Mexico,TV-MA,89,"Comedies, Dramas, International Movies",3,June,2017
s294,Movie,Accident,Hong Kong,TV-MA,87,"International Movies, Thrillers",1,December,2018
s295,TV Show,Accidentally in Love,China,TV-14,1,"International TV Shows, Romantic TV Shows, TV Comedies",19,October,2018
s296,Movie,Across Grace Alley,United States,TV-PG,24,Dramas,1,December,2016
s297,Movie,Across The Line,Canada,TV-MA,88,"Dramas, Sports Movies",1,April,2019
s298,Movie,Across the Universe,"United States, United Kingdom",PG-13,133,"Dramas, Music & Musicals, Romantic Movies",1,January,2019
s299,Movie,Act of Valor,United States,R,110,Action & Adventure,1,June,2020
s300,Movie,Act of Vengeance,"Turkey, United States",NR,112,"Action & Adventure, International Movies",29,September,2018
s301,Movie,Action Replayy,India,TV-PG,129,"Children & Family Movies, Comedies, International Movies",11,May,2020
s302,Movie,Acts of Vengeance,"Bulgaria, United States",R,87,"Action & Adventure, International Movies",25,January,2018
s303,Movie,Acts of Violence,Canada,R,87,Action & Adventure,1,August,2020
s304,TV Show,Ad Vitam,France,TV-MA,1,"Crime TV Shows, International TV Shows, TV Dramas",1,November,2019
s305,Movie,Adú,Spain,TV-MA,120,"Dramas, International Movies",1,July,2020
s306,Movie,Adam Devine: Best Time of Our Lives,United States,TV-MA,59,Stand-Up Comedy,18,June,2019
s307,TV Show,Adam Ruins Everything,United States,TV-14,1,TV Comedies,30,September,2018
s308,Movie,ADAM SANDLER 100% FRESH,United States,TV-MA,74,Stand-Up Comedy,23,October,2018
s309,Movie,Adam: His Song Continues,United States,TV-MA,96,Dramas,1,October,2011
s310,Movie,Addicted to Life,France,TV-14,91,"Action & Adventure, Documentaries, International Movies",12,June,2020
s311,Movie,Adel Karam: Live from Beirut,United States,TV-MA,59,Stand-Up Comedy,1,March,2018
s312,Movie,Adhugo,India,TV-14,105,"Comedies, International Movies, Thrillers",15,January,2019
s313,Movie,Aditi Mittal: Things They Wouldn't Let Me Say,India,TV-MA,63,Stand-Up Comedy,18,July,2017
s314,Movie,Adore,"Australia, France",R,111,"Dramas, Independent Movies, International Movies",20,November,2019
s315,Movie,Adrift,"Hong Kong, Iceland, United States",PG-13,96,"Action & Adventure, Dramas, Romantic Movies",1,September,2020
s316,Movie,Adrishya,India,TV-14,99,"Horror Movies, Independent Movies, International Movies",31,December,2019
s317,Movie,Advantageous,United States,TV-MA,92,"Dramas, Independent Movies, Sci-Fi & Fantasy",23,June,2015
s318,Movie,Adventures in Public School,"Canada, United States",NR,86,Comedies,15,August,2018
s319,Movie,Aerials,United Arab Emirates,TV-14,90,"International Movies, Sci-Fi & Fantasy",7,May,2020
s320,TV Show,Afflicted,United States,TV-MA,1,"Docuseries, Reality TV, Science & Nature TV",10,August,2018
s321,Movie,Afonso Padilha: Classless,Brazil,TV-MA,63,Stand-Up Comedy,3,September,2020
s322,TV Show,Africa,United Kingdom,TV-PG,1,"British TV Shows, Docuseries, International TV Shows",28,April,2016
s323,TV Show,Afronta! Facing It!,Brazil,TV-PG,1,"Docuseries, International TV Shows",31,October,2020
s324,Movie,After,United States,PG-13,106,"Dramas, Romantic Movies",9,October,2019
s325,TV Show,After Life,United Kingdom,TV-MA,2,"British TV Shows, International TV Shows, TV Comedies",24,April,2020
s326,Movie,After Maria,United States,TV-PG,38,Documentaries,24,May,2019
s327,Movie,After Porn Ends,United States,NR,93,Documentaries,27,May,2019
s328,Movie,After Porn Ends 3,United States,TV-MA,87,Documentaries,30,December,2018
s329,Movie,After the Raid,"United States, Mexico",TV-PG,25,"Documentaries, International Movies",19,December,2019
s330,Movie,After We Collided,United States,R,105,"Dramas, Romantic Movies",22,December,2020
s331,Movie,Aftermath,"United Kingdom, United States",R,94,Dramas,15,March,2020
s332,Movie,Afterschool,United States,TV-MA,107,"Dramas, Independent Movies",13,August,2020
s333,Movie,Aftershock,"United States, Chile",R,89,"Action & Adventure, Horror Movies",7,March,2018
s334,TV Show,Against the Tide,Singapore,TV-14,1,"Crime TV Shows, International TV Shows, TV Dramas",1,July,2017
s335,Movie,Agatha and the Truth of Murder,United Kingdom,TV-MA,92,Dramas,31,January,2019
s336,TV Show,Age Gap Love,United Kingdom,TV-MA,1,"British TV Shows, Reality TV, Romantic TV Shows",12,July,2019
s337,TV Show,Age of Glory,Unknown,TV-MA,2,"International TV Shows, Romantic TV Shows, TV Dramas",14,August,2017
s338,TV Show,Age of Rebellion,Taiwan,TV-MA,1,"Crime TV Shows, International TV Shows, TV Dramas",1,September,2018
s339,TV Show,Age of Tanks,"Germany, France, Russia",TV-PG,1,"Docuseries, International TV Shows, Science & Nature TV",10,November,2018
s340,TV Show,Agent,"Mauritius, South Africa",TV-MA,1,"International TV Shows, TV Dramas",20,December,2019
s341,TV Show,Agent Raghav,India,TV-14,1,"Crime TV Shows, International TV Shows, TV Action & Adventure",15,April,2017
s342,TV Show,Aggretsuko,Japan,TV-14,3,"Anime Series, International TV Shows",27,August,2020
s343,Movie,Aggretsuko: We Wish You a Metal Christmas,Japan,TV-PG,22,Movies,20,December,2018
s344,Movie,Agneepath,India,TV-14,174,"Dramas, International Movies",1,April,2020
s345,Movie,Agustín Aristarán: Soy Rada,Argentina,TV-MA,60,Stand-Up Comedy,16,February,2018
s346,Movie,Agyaat,India,TV-14,97,"Horror Movies, International Movies",1,October,2018
s347,Movie,Ahista Ahista,India,TV-14,122,"Dramas, International Movies, Romantic Movies",31,December,2019
s348,Movie,Ai Weiwei: Never Sorry,United States,R,91,Documentaries,1,March,2018
s349,TV Show,Ainori Love Wagon: African Journey,Japan,TV-14,1,"International TV Shows, Reality TV, Romantic TV Shows",30,January,2020
s350,TV Show,Ainori Love Wagon: Asian Journey,Japan,TV-MA,2,"International TV Shows, Reality TV, Romantic TV Shows",28,March,2019
s351,TV Show,Ainsley Eats the Streets,United Kingdom,TV-PG,1,"British TV Shows, Docuseries, International TV Shows",12,July,2019
s352,Movie,Ainu Mosir,"United States, Japan",TV-PG,84,"Dramas, International Movies",17,November,2020
s353,Movie,Airplane Mode,United States,TV-PG,97,"Comedies, International Movies, Romantic Movies",23,January,2020
s354,Movie,Aisa Yeh Jahaan,India,TV-14,127,"Dramas, Independent Movies, International Movies",15,October,2017
s355,Movie,Aitraaz,India,TV-14,153,"International Movies, Music & Musicals, Romantic Movies",1,March,2018
s356,Movie,Aiyaary,India,TV-MA,158,"Action & Adventure, Dramas, International Movies",15,May,2018
s357,Movie,Aiyyaa,India,TV-14,151,"Comedies, International Movies, Music & Musicals",5,July,2020
s358,TV Show,AJ and the Queen,United States,TV-14,1,"TV Comedies, TV Dramas",10,January,2020
s359,Movie,Ajab Prem Ki Ghazab Kahani,India,TV-14,150,"Comedies, International Movies, Music & Musicals",25,October,2020
s360,TV Show,Ajaibnya Cinta,Unknown,TV-PG,1,"International TV Shows, TV Dramas",13,October,2017
s361,TV Show,AJIN: Demi-Human,Japan,TV-MA,2,"Anime Series, International TV Shows",27,December,2016
s362,Movie,Ajji,India,TV-MA,105,"Dramas, International Movies",1,May,2018
s363,Movie,AK vs AK,India,TV-MA,109,"Comedies, Dramas, International Movies",25,December,2020
s364,TV Show,Akame ga Kill!,Japan,TV-14,1,"Anime Series, Crime TV Shows, International TV Shows",1,March,2020
s365,TV Show,Akbar Birbal,India,TV-G,1,"Kids' TV, TV Comedies, TV Dramas",31,March,2020
s366,TV Show,Akulah Balqis,Unknown,TV-14,1,"International TV Shows, TV Dramas",3,November,2017
s367,Movie,Al acecho,Unknown,TV-MA,81,"International Movies, Thrillers",12,January,2021
s368,TV Show,Al Hayba,Lebanon,TV-14,1,"Crime TV Shows, International TV Shows, TV Dramas",15,September,2018
s369,Movie,Ala Vaikunthapurramuloo,India,TV-14,162,"Action & Adventure, Comedies, Dramas",27,February,2020
s370,Movie,Alakada Reloaded,Unknown,TV-MA,104,"Comedies, International Movies",6,March,2020
s371,Movie,Alan Saldaña: Mi vida de pobre,Mexico,TV-MA,54,Stand-Up Comedy,4,August,2017
s372,Movie,Alarmoty in the Land of Fire,Egypt,TV-MA,94,"Comedies, International Movies",5,August,2019
s373,Movie,Alaska Is a Drag,United States,TV-MA,83,"Dramas, LGBTQ Movies",31,December,2020
s374,Movie,Albert Pinto Ko Gussa Kyun Aata Hai?,India,TV-MA,85,"Dramas, Independent Movies, International Movies",31,December,2019
s375,Movie,Albion: The Enchanted Stallion,"United States, Bulgaria",TV-PG,106,Children & Family Movies,1,July,2017
s376,Movie,Alejandro Riaño: Especial de stand up,Colombia,TV-MA,60,Stand-Up Comedy,10,January,2018
s377,Movie,Alejandro Sanz: What I Was Is What I Am,Spain,TV-MA,102,"Documentaries, International Movies, Music & Musicals",18,August,2018
s378,Movie,Alelí,"Uruguay, Argentina",TV-MA,88,"Comedies, Dramas, International Movies",16,April,2020
s379,Movie,Alex Fernández: The Best Comedian in the World,Mexico,TV-MA,51,Stand-Up Comedy,23,January,2020
s380,Movie,Alex Strangelove,United States,TV-MA,100,"Comedies, Dramas, Independent Movies",8,June,2018
s381,TV Show,Alexa & Katie,United States,TV-G,4,"Kids' TV, TV Comedies",13,June,2020
s382,Movie,Alexandria ... Why?,"Egypt, Algeria",TV-MA,131,"Classic Movies, Dramas, International Movies",18,June,2020
s383,Movie,Alexandria: Again and Forever,"France, Egypt",TV-MA,109,"Classic Movies, Dramas, International Movies",18,June,2020
s384,Movie,Alexis Viera: A Story of Surviving,Uruguay,TV-MA,69,"Documentaries, International Movies, Sports Movies",20,March,2019
s385,Movie,Ali & Alia,United Arab Emirates,TV-14,106,"Dramas, International Movies, Romantic Movies",12,May,2020
s386,Movie,Ali Baba ve 7 Cüceler,Turkey,TV-MA,115,"Action & Adventure, Comedies, International Movies",1,July,2020
s387,Movie,Ali Wong: Baby Cobra,United States,TV-MA,60,Stand-Up Comedy,6,May,2016
s388,Movie,Ali Wong: Hard Knock Wife,United States,TV-MA,64,Stand-Up Comedy,13,May,2018
s389,Movie,Ali's Wedding,Australia,TV-MA,110,"Comedies, Independent Movies, International Movies",8,June,2018
s390,TV Show,Alias Grace,Canada,TV-MA,1,"Crime TV Shows, International TV Shows, TV Dramas",3,November,2017
s391,Movie,"Alias JJ, la celebridad del mal",Unknown,TV-MA,54,"Documentaries, International Movies",1,September,2017
s392,Movie,Alibaba Aur 40 Chor,"Soviet Union, India",TV-14,147,"Action & Adventure, International Movies, Sci-Fi & Fantasy",15,January,2018
s393,Movie,Alice Doesn't Live Here Anymore,United States,PG,112,"Classic Movies, Comedies, Dramas",1,July,2019
s394,TV Show,Alice in Borderland,Japan,TV-MA,1,"International TV Shows, TV Action & Adventure, TV Mysteries",10,December,2020
s395,Movie,Alice Junior,Brazil,TV-MA,87,"Comedies, International Movies, LGBTQ Movies",23,October,2020
s396,Movie,Alien Contact: Outer Space,United States,TV-PG,63,Documentaries,9,January,2018
s397,TV Show,Alien TV,Unknown,TV-Y7,1,"Kids' TV, TV Comedies",21,August,2020
s398,Movie,Alien Warfare,United States,TV-MA,88,"Action & Adventure, Sci-Fi & Fantasy",5,April,2019
s399,TV Show,Alien Worlds,United Kingdom,TV-PG,1,"British TV Shows, Docuseries, International TV Shows",2,December,2020
s400,Movie,Alien Xmas,United States,TV-Y,42,Children & Family Movies,20,November,2020
s401,Movie,Aliens Ate My Homework,United States,PG,90,"Children & Family Movies, Comedies, Sci-Fi & Fantasy",6,March,2018
s402,Movie,Alive and Kicking,"Sweden, United States",TV-14,89,Documentaries,10,August,2017
s403,Movie,All About Love,South Africa,TV-MA,79,"Dramas, International Movies, Romantic Movies",6,March,2020
s404,Movie,All About Nina,United States,R,101,"Comedies, Dramas, Independent Movies",18,March,2019
s405,TV Show,All About the Washingtons,United States,TV-PG,1,TV Comedies,10,August,2018
s406,TV Show,All American,United States,TV-14,2,"TV Dramas, Teen TV Shows",17,March,2020
s407,Movie,All Because of You,Malaysia,TV-PG,102,"Action & Adventure, Comedies, International Movies",1,October,2020
s408,Movie,All Day and a Night,United States,R,122,"Dramas, Independent Movies",1,May,2020
s409,Movie,All Dogs Go to Heaven,"Ireland, United Kingdom, United States",G,85,Children & Family Movies,1,June,2020
s410,TV Show,All For Love,Colombia,TV-MA,1,"International TV Shows, Romantic TV Shows, Spanish-Language TV Shows",26,June,2020
s411,Movie,All Good Ones Get Away,"Spain, Italy",TV-MA,83,"International Movies, Thrillers",30,July,2019
s412,TV Show,All Hail King Julien,United States,TV-Y7,5,"Kids' TV, TV Comedies",1,December,2017
s413,TV Show,All Hail King Julien: Exiled,Unknown,TV-Y7,1,"Kids' TV, TV Action & Adventure, TV Comedies",12,May,2017
s414,Movie,All Hallows' Eve,United States,TV-G,92,"Children & Family Movies, Independent Movies",1,August,2017
s415,Movie,All In My Family,United States,TV-14,40,"Documentaries, LGBTQ Movies",3,May,2019
s416,Movie,All Light Will End,United States,TV-MA,84,"Horror Movies, Thrillers",2,February,2019
s417,Movie,All of You,Philippines,TV-MA,104,"Comedies, Dramas, International Movies",11,January,2019
s418,Movie,All the Boys Love Mandy Lane,United States,R,91,Horror Movies,3,July,2018
s419,Movie,All The Bright Places,United States,TV-MA,109,"Dramas, Romantic Movies",28,February,2020
s420,Movie,All the Devil's Men,United Kingdom,R,100,Action & Adventure,15,May,2019
s421,Movie,All the Freckles in the World,Mexico,TV-14,90,"Comedies, International Movies, Romantic Movies",3,January,2020
s422,Movie,All The Reasons To Forget,Brazil,TV-MA,90,"Comedies, Dramas, International Movies",19,April,2018
s423,Movie,All Together Now,United States,PG,94,Dramas,29,August,2020
s424,Movie,"All's Well, End's Well (2009)",Hong Kong,TV-14,99,"Comedies, International Movies, Romantic Movies",9,November,2018
s425,Movie,Alles ist gut,Germany,TV-MA,90,"Dramas, International Movies",6,June,2019
s426,Movie,AllI Wish,United States,R,95,"Dramas, Romantic Movies",18,March,2020
s427,TV Show,Almost Happy,Argentina,TV-MA,1,"International TV Shows, Spanish-Language TV Shows, TV Comedies",2,May,2020
s428,Movie,Almost Love,United States,TV-MA,92,"Comedies, Dramas, Independent Movies",2,August,2020
s429,TV Show,Alone,Unknown,TV-14,1,Reality TV,2,June,2020
s430,Movie,Alone in Berlin,"United Kingdom, France, Germany",R,103,Dramas,15,February,2019
s431,Movie,Alone/Together,Philippines,TV-14,103,"Dramas, International Movies, Romantic Movies",5,November,2020
s432,Movie,Along Came a Spider,"United States, Germany, Canada",R,103,Thrillers,1,October,2019
s433,Movie,Alpha and Omega 2: A Howl-iday Adventure,United States,TV-G,45,Children & Family Movies,1,October,2019
s434,Movie,Alpha and Omega: The Legend of the Saw Tooth Cave,"United States, India",TV-Y7,45,Children & Family Movies,1,January,2020
s435,TV Show,Alphablocks,United Kingdom,TV-Y,5,Kids' TV,25,May,2020
s436,Movie,AlphaGo,United States,TV-G,90,Documentaries,1,January,2018
s437,Movie,Alt-Right: Age of Rage,Unknown,TV-MA,106,Documentaries,28,January,2019
s438,TV Show,Altered Carbon,United States,TV-MA,2,"Crime TV Shows, TV Action & Adventure, TV Dramas",27,February,2020
s439,Movie,Altered Carbon: Resleeved,"Japan, United States",TV-MA,75,"Action & Adventure, Anime Features, International Movies",19,March,2020
s440,Movie,Always a Bridesmaid,United States,TV-14,98,"Comedies, Romantic Movies",3,March,2020
s441,TV Show,Always a Witch,Colombia,TV-14,2,"International TV Shows, Spanish-Language TV Shows, TV Comedies",28,February,2020
s442,Movie,Always Be My Maybe,Philippines,TV-14,112,"International Movies, Romantic Movies",1,September,2020
s443,Movie,Amanda Knox,"Denmark, United States",TV-MA,92,Documentaries,30,September,2016
s444,Movie,Amandla! A Revolution in Four Part Harmony,"South Africa, United States",PG-13,103,"Documentaries, International Movies, Music & Musicals",28,September,2020
s445,Movie,Amar,Spain,TV-MA,104,"Dramas, International Movies, Romantic Movies",15,July,2017
s446,Movie,Amar Akbar & Tony,United Kingdom,TV-MA,92,"Comedies, Dramas, International Movies",20,June,2017
s447,Movie,Amar Akbar Anthony,India,TV-14,172,"Action & Adventure, Classic Movies, Comedies",31,December,2019
s448,Movie,Amar's Hands,Egypt,TV-14,125,"Dramas, International Movies",26,April,2019
s449,Movie,Amateur,United States,TV-MA,96,"Dramas, Independent Movies, Sports Movies",6,April,2018
s450,TV Show,Amazing Interiors,United Kingdom,TV-PG,1,"British TV Shows, International TV Shows, Reality TV",20,July,2018
s451,Movie,Amelia: A Tale of Two Sisters,United Kingdom,TV-PG,44,Documentaries,1,June,2017
s452,TV Show,America's Book of Secrets,United States,TV-14,1,Docuseries,15,September,2019
s453,TV Show,America's Next Top Model,United States,TV-14,2,Reality TV,15,November,2020
s454,Movie,American Anarchist,United States,TV-MA,81,Documentaries,23,June,2017
s455,Movie,American Assassin,United States,R,112,Action & Adventure,31,January,2020
s456,Movie,American Beauty,United States,R,122,Dramas,1,January,2020
s457,Movie,American Circumcision,United States,TV-14,101,Documentaries,16,December,2018
s458,TV Show,American Crime,United States,TV-MA,3,"Crime TV Shows, TV Dramas",30,May,2017
s459,TV Show,American Crime Story: The People v. O.J. Simpson,United States,TV-MA,1,"Crime TV Shows, TV Dramas",6,March,2019
s460,Movie,American Experience: Ruby Ridge,United States,TV-MA,53,Documentaries,19,April,2017
s461,TV Show,American Experience: The Circus,United States,TV-PG,1,Docuseries,2,May,2019
s462,Movie,American Experience: The Island Murder,United States,TV-14,53,Documentaries,1,May,2019
s463,Movie,American Factory,United States,TV-14,110,Documentaries,21,August,2019
s464,Movie,American Factory: A Conversation with the Obamas,United States,TV-G,10,Documentaries,5,September,2019
s465,Movie,American Hangman,Canada,TV-MA,99,Thrillers,30,July,2019
s466,Movie,American Heist,"Canada, Luxembourg",R,95,"Action & Adventure, Dramas",23,October,2019
s467,Movie,American History X,United States,R,119,Dramas,1,November,2019
s468,Movie,American Honey,"United Kingdom, United States",R,163,"Dramas, Independent Movies",27,April,2019
s469,TV Show,American Horror Story,United States,TV-MA,9,"TV Horror, TV Mysteries, TV Thrillers",13,November,2020
s470,Movie,American Masters: Ted Williams,United States,TV-MA,55,"Documentaries, Sports Movies",1,April,2019
s471,Movie,American Murder: The Family Next Door,United States,TV-MA,84,Documentaries,30,September,2020
s472,TV Show,American Odyssey,United States,TV-14,1,"TV Dramas, TV Thrillers",5,April,2016
s473,Movie,American Pie 9: Girls' Rules,United States,R,96,Comedies,6,October,2020
s474,Movie,American Psycho,"United States, Canada",R,102,"Comedies, Cult Movies, Dramas",1,September,2019
s475,Movie,American Son,United States,TV-MA,90,Dramas,1,November,2019
s476,TV Show,American Vandal,United States,TV-MA,2,"Crime TV Shows, TV Comedies, Teen TV Shows",14,September,2018
s477,Movie,American Warfighter,United States,TV-MA,106,Dramas,13,September,2019
s478,Movie,Amit Tandon: Family Tandoncies,India,TV-14,72,Stand-Up Comedy,28,February,2020
s479,TV Show,AMO,Philippines,TV-MA,1,"International TV Shows, TV Dramas",9,April,2018
s480,Movie,Among Family,Turkey,TV-14,127,"Comedies, International Movies",15,February,2019
s481,Movie,Amrapali,India,TV-PG,116,"Dramas, International Movies, Music & Musicals",1,July,2017
s482,Movie,Amy,United Kingdom,R,128,"Documentaries, International Movies, Music & Musicals",26,July,2018
s483,Movie,Amy Schumer Growing,United States,TV-MA,61,Stand-Up Comedy,19,March,2019
s484,Movie,Amy Schumer: The Leather Special,United States,TV-MA,57,Stand-Up Comedy,7,March,2017
s485,Movie,An American in Madras,India,TV-PG,80,"Documentaries, International Movies",1,January,2017
s486,Movie,An American Tail,United States,G,80,Children & Family Movies,1,April,2018
s487,Movie,An American Tail: Fievel Goes West,United States,G,75,Children & Family Movies,1,April,2018
s488,Movie,An American Tail: The Mystery of the Night Monster,United States,G,75,Children & Family Movies,1,April,2018
s489,Movie,An American Tail: The Treasures of Manhattan Island,United States,G,79,Children & Family Movies,1,April,2018
s490,Movie,An Easy Girl,France,TV-MA,93,"Comedies, Dramas, International Movies",13,August,2020
s491,Movie,An Egyptian Story,Egypt,TV-MA,129,"Classic Movies, Dramas, International Movies",18,June,2020
s492,Movie,An Evening with Beverly Luff Linn,"United Kingdom, United States",R,108,"Comedies, Independent Movies",17,June,2020
s493,Movie,An Hour and a Half,Egypt,TV-14,87,"Dramas, International Movies",26,April,2019
s494,Movie,An Imperfect Murder,United States,R,71,"Dramas, Thrillers",13,January,2021
s495,TV Show,An Innocent Mistake,Taiwan,TV-14,1,"International TV Shows, Romantic TV Shows, TV Dramas",1,January,2017
s496,Movie,An Interview with God,United States,TV-PG,97,"Dramas, Faith & Spirituality",1,March,2019
s497,Movie,An Ordinary Man,"Serbia, United States",R,91,"Dramas, Thrillers",1,October,2020
s498,Movie,An Unremarkable Christmas,Colombia,TV-14,83,"Comedies, Dramas, International Movies",17,December,2020
s499,Movie,An Upper Egyptian,Egypt,TV-MA,85,"Comedies, Dramas, International Movies",20,June,2019
s500,Movie,Ana e Vitória,Brazil,TV-MA,116,"Comedies, International Movies, LGBTQ Movies",2,November,2018
s501,Movie,Anaamika,India,TV-14,130,"International Movies, Thrillers",17,September,2020
s502,Movie,Anarkali of Aarah,India,TV-MA,111,"Dramas, Independent Movies, International Movies",1,August,2017
s503,Movie,Anchor and Hope,Spain,TV-MA,113,"Comedies, Dramas, LGBTQ Movies",15,February,2019
s504,Movie,Anchor Baby,"Canada, Nigeria",TV-MA,97,"Dramas, International Movies",20,May,2020
s505,TV Show,Ancient Aliens,United States,TV-14,1,"Docuseries, Science & Nature TV",17,September,2019
s506,Movie,And Breathe Normally,"Iceland, Sweden, Belgium",TV-14,102,"Dramas, Independent Movies, International Movies",4,January,2019
s507,Movie,Andaleeb El Dokki,Egypt,TV-14,106,"Comedies, International Movies",2,June,2020
s508,Movie,Andaz Apna Apna,India,TV-14,160,"Action & Adventure, Comedies, Cult Movies",11,May,2020
s509,Movie,Andhadhun,India,TV-14,137,"Comedies, Dramas, International Movies",16,December,2018
s510,Movie,Andhaghaaram,Unknown,TV-14,171,"Horror Movies, International Movies, Thrillers",24,November,2020
s511,Movie,Andhakaaram,India,TV-14,171,"Horror Movies, International Movies, Thrillers",24,November,2020
s512,Movie,André & his olive tree,Singapore,TV-PG,104,"Documentaries, International Movies",8,December,2020
s513,Movie,Anelka: Misunderstood,France,TV-14,95,"Documentaries, International Movies, Sports Movies",5,August,2020
s514,Movie,Anesthesia,United States,R,90,"Dramas, Independent Movies",30,December,2018
s515,Movie,Angamaly Diaries,India,TV-14,128,"Action & Adventure, Comedies, Dramas",1,July,2018
s516,TV Show,Angel 'N' Devil,Taiwan,TV-14,1,"International TV Shows, TV Action & Adventure, TV Comedies",30,April,2019
s517,TV Show,Angel Beats!,Japan,TV-PG,1,"Anime Series, International TV Shows",15,July,2019
s518,Movie,Angel Eyes,United States,R,103,"Dramas, Romantic Movies",5,September,2020
s519,Movie,Angel Has Fallen,United States,R,121,Action & Adventure,4,April,2020
s520,Movie,Angela's Christmas,"Ireland, Canada",TV-Y,30,Children & Family Movies,30,November,2018
s521,Movie,Angela's Christmas Wish,United States,TV-Y,48,Children & Family Movies,1,December,2020
s522,Movie,Angels & Demons,"United States, Italy",PG-13,139,Thrillers,1,December,2020
s523,Movie,Anger Management,United States,PG-13,105,Comedies,1,November,2019
s524,TV Show,Angry Birds,Finland,TV-Y7,3,"Kids' TV, TV Comedies",16,March,2019
s525,Movie,Angry Indian Goddesses,"India, Germany",TV-MA,104,"Dramas, Independent Movies, International Movies",14,March,2017
s526,Movie,Angu Vaikuntapurathu (Malayalam),Unknown,TV-14,162,"Action & Adventure, Comedies, Dramas",5,March,2020
s527,Movie,Ani... Dr. Kashinath Ghanekar,India,TV-14,157,"Dramas, International Movies",10,September,2020
s528,Movie,ANIMA,United Kingdom,TV-PG,15,"Dramas, Independent Movies, Music & Musicals",27,June,2019
s529,Movie,Animal Crackers,"China, Spain, South Korea, United States",TV-Y7,106,"Children & Family Movies, Comedies",24,July,2020
s530,Movie,Animal World,China,TV-MA,130,"Action & Adventure, International Movies, Sci-Fi & Fantasy",28,September,2018
s531,Movie,Animas,"Spain, Belgium",TV-MA,88,"Horror Movies, International Movies",25,January,2019
s532,TV Show,Anitta: Made In Honório,Brazil,TV-MA,1,"Docuseries, International TV Shows",16,December,2020
s533,Movie,Anjaan,India,TV-14,146,"Action & Adventure, Dramas, International Movies",1,October,2018
s534,TV Show,Anjaan: Rural Myths,India,TV-14,1,"International TV Shows, TV Horror, TV Thrillers",15,December,2018
s535,TV Show,Anjaan: Special Crimes Unit,India,TV-14,1,"International TV Shows, TV Horror, TV Mysteries",1,May,2018
s536,Movie,Anjelah Johnson: Not Fancy,United States,TV-14,64,Stand-Up Comedy,2,October,2015
s537,Movie,Ankhon Dekhi,India,TV-PG,104,"Dramas, Independent Movies, International Movies",28,September,2020
s538,Movie,Ankur Arora Murder Case,India,TV-14,127,"Dramas, International Movies, Thrillers",15,October,2017
s539,Movie,Annabelle Hooper and the Ghosts of Nantucket,United States,TV-PG,92,Children & Family Movies,1,August,2017
s540,TV Show,Anne with an E,Canada,TV-PG,3,"International TV Shows, TV Dramas, Teen TV Shows",3,January,2020
s541,TV Show,Anohana: The Flower We Saw That Day,Japan,TV-14,1,"Anime Series, International TV Shows, Teen TV Shows",15,July,2019
s542,Movie,Anon,"United Kingdom, Canada, United States, Germany",TV-MA,100,"Dramas, Sci-Fi & Fantasy, Thrillers",4,May,2018
s543,Movie,Another Forever,"Brazil, Netherlands, United States, Colombia, Austria, Germany",TV-PG,72,"Dramas, Independent Movies, International Movies",21,March,2017
s544,TV Show,Another Life,United States,TV-MA,1,"TV Action & Adventure, TV Dramas, TV Mysteries",25,July,2019
s545,TV Show,Another Miss Oh,South Korea,TV-MA,1,"International TV Shows, Korean TV Shows, Romantic TV Shows",16,October,2019
s546,TV Show,Answer for Heaven,Unknown,TV-MA,1,"Crime TV Shows, International TV Shows, TV Comedies",27,June,2019
s547,Movie,Ant-Man and the Wasp,United States,PG-13,118,"Action & Adventure, Comedies, Sci-Fi & Fantasy",29,January,2019
s548,Movie,Antar: Son of Shadad,Egypt,TV-MA,110,"Comedies, International Movies",9,May,2019
s549,Movie,Antariksha Ke Rakhwale,Unknown,TV-Y7,65,Children & Family Movies,18,June,2019
s551,Movie,Anthony Jeselnik: Fire in the Maternity Ward,United States,TV-MA,64,Stand-Up Comedy,30,April,2019
s552,Movie,Anthony Jeselnik: Thoughts and Prayers,United States,TV-MA,59,Stand-Up Comedy,16,October,2015
s553,Movie,Anthony Kaun Hai?,India,TV-14,122,"Comedies, Dramas, International Movies",1,July,2018
s554,Movie,Antidote,United States,TV-MA,90,"Action & Adventure, Horror Movies",14,April,2019
s555,Movie,Antoine Griezmann: The Making of a Legend,Unknown,TV-PG,60,"Documentaries, International Movies, Sports Movies",21,March,2019
s556,Movie,Anwar,India,TV-14,134,"Dramas, Independent Movies, International Movies",31,December,2019
s557,TV Show,忍者ハットリくん,Japan,TV-Y7,2,"Anime Series, Kids' TV",23,December,2018
s558,Movie,Apache Warrior,United States,TV-MA,89,Documentaries,1,November,2019
s559,TV Show,Apache: The Life of Carlos Tevez,Argentina,TV-MA,1,"Crime TV Shows, International TV Shows, Spanish-Language TV Shows",16,August,2019
s560,TV Show,Apaches,Spain,TV-MA,1,"Crime TV Shows, International TV Shows, Spanish-Language TV Shows",8,September,2017
s561,Movie,Apaharan,India,TV-14,161,"Dramas, International Movies",8,January,2021
s562,Movie,APEX: The Story of the Hypercar,United States,NR,86,Documentaries,1,August,2016
s563,Movie,Apollo 18,"United States, Canada",PG-13,87,"Horror Movies, Sci-Fi & Fantasy, Thrillers",9,March,2019
s564,Movie,Apostle,"United Kingdom, United States",TV-MA,130,"Horror Movies, International Movies, Thrillers",12,October,2018
s565,Movie,April and the Extraordinary World,"France, Canada, Belgium",PG,107,"Action & Adventure, Comedies, International Movies",1,October,2017
s566,TV Show,Aquarius,United States,TV-MA,2,"Crime TV Shows, TV Dramas",16,June,2017
s567,Movie,Arès,France,TV-MA,80,"Action & Adventure, International Movies, Sci-Fi & Fantasy",23,May,2017
s568,Movie,"Aram, Aram",United States,TV-14,79,"Dramas, Independent Movies",15,February,2017
s569,Movie,Arango y Sanint: Ríase el show,Colombia,TV-MA,62,Stand-Up Comedy,17,January,2018
s570,TV Show,ARASHI's Diary -Voyage-,Japan,TV-PG,1,"Docuseries, International TV Shows",31,December,2019
s571,TV Show,Archibald's Next Big Thing,Unknown,TV-Y7,2,"Kids' TV, TV Comedies",20,March,2020
s572,Movie,Arctic Dogs,"India, United Kingdom, China, Canada, Japan, South Korea, United States",PG,93,"Children & Family Movies, Comedies",4,May,2020
s573,Movie,Arctic Heart,"France, Belgium",TV-14,81,"Dramas, International Movies, Romantic Movies",14,April,2017
s574,Movie,Are We Done Yet?,Egypt,TV-14,87,"Comedies, Dramas, International Movies",1,August,2019
s575,TV Show,Are You The One,United States,TV-14,2,Reality TV,1,December,2020
s576,TV Show,Ares,Netherlands,TV-MA,1,"International TV Shows, TV Dramas, TV Horror",17,January,2020
s577,TV Show,Argon,South Korea,TV-MA,1,"International TV Shows, Korean TV Shows, TV Dramas",22,November,2017
s578,Movie,Ari Eldjárn: Pardon My Icelandic,Iceland,TV-MA,54,Stand-Up Comedy,2,December,2020
s579,TV Show,Ari Shaffir: Double Negative,United States,TV-MA,1,Stand-Up Comedy & Talk Shows,18,July,2017
s580,Movie,"Ariana grande: excuse me, i love you",United States,TV-MA,98,"Documentaries, Music & Musicals",21,December,2020
s581,Movie,Arisan 2,Indonesia,TV-14,113,"Comedies, Dramas, International Movies",15,September,2018
s582,Movie,Arjun: The Warrior Prince,India,TV-14,91,"Action & Adventure, Dramas, International Movies",1,November,2018
s583,Movie,ARQ,"Canada, United States",TV-MA,89,"International Movies, Sci-Fi & Fantasy, Thrillers",16,September,2016
s584,TV Show,Arrested Development,United States,TV-MA,5,TV Comedies,29,May,2018
s585,TV Show,Arrow,United States,TV-14,8,"Crime TV Shows, TV Action & Adventure",5,February,2020
s586,Movie,Arsenio Hall: Smart & Classy,United States,TV-MA,63,Stand-Up Comedy,29,October,2019
s587,TV Show,Arthdal Chronicles,South Korea,TV-MA,1,"International TV Shows, Korean TV Shows, TV Action & Adventure",2,June,2019
s588,Movie,Arthur,United States,PG-13,110,"Comedies, Romantic Movies",1,April,2019
s589,Movie,Arthur Christmas,"United Kingdom, United States",PG,98,"Children & Family Movies, Comedies",1,January,2020
s590,Movie,Article 15,India,TV-MA,125,"Dramas, International Movies, Thrillers",6,September,2019
s591,Movie,Aruna & Her Palate,"Indonesia, South Korea, Singapore",TV-14,106,"Dramas, International Movies",1,January,2020
s592,Movie,"As Above, So Below",United States,R,93,"Horror Movies, Thrillers",16,September,2018
s593,Movie,As Good as It Gets,United States,PG-13,139,"Comedies, Romantic Movies",1,January,2020
s594,Movie,Ascharyachakit!,India,TV-MA,90,"Dramas, Independent Movies, International Movies",19,December,2018
s595,Movie,Asees,India,TV-14,123,"Dramas, International Movies, Music & Musicals",1,November,2018
s596,TV Show,Ash vs. Evil Dead,United States,TV-MA,3,"TV Action & Adventure, TV Comedies, TV Horror",29,April,2019
s597,TV Show,Ashes of Love,China,TV-14,1,"International TV Shows, Romantic TV Shows, TV Comedies",16,December,2018
s598,TV Show,Ask the Doctor,Australia,TV-PG,1,"Docuseries, International TV Shows, Science & Nature TV",19,October,2018
s599,TV Show,Ask the StoryBots,United States,TV-Y,3,Kids' TV,2,August,2019
s600,Movie,Asoka,India,R,168,"Action & Adventure, Dramas, International Movies",15,March,2017
s601,Movie,Asperger's Are Us,United States,TV-MA,83,Documentaries,11,December,2016
s602,Movie,Asphalt Burning,Norway,TV-14,101,"Action & Adventure, Comedies, International Movies",2,January,2021
s603,Movie,Assimilate,United States,TV-MA,94,"Horror Movies, Sci-Fi & Fantasy, Thrillers",25,October,2019
s604,TV Show,Astronomy Club: The Sketch Show,United States,TV-MA,1,TV Comedies,6,December,2019
s605,Movie,Asu Mare 2,Peru,TV-14,100,"Comedies, International Movies",1,December,2016
s606,Movie,Asura Guru,India,TV-14,117,"Dramas, International Movies",13,June,2020
s607,Movie,Asura: The City of Madness,South Korea,NR,133,"Action & Adventure, Dramas, International Movies",15,February,2018
s608,Movie,At All Costs,United States,TV-MA,81,"Documentaries, Sports Movies",14,December,2016
s609,Movie,At First Light,Canada,TV-14,91,"Dramas, Sci-Fi & Fantasy",27,December,2018
s610,TV Show,At the Dolphin Bay,Taiwan,TV-14,1,"International TV Shows, Romantic TV Shows",15,November,2019
s611,TV Show,Atelier,Japan,TV-PG,1,"International TV Shows, TV Dramas",1,December,2015
s612,Movie,Athlete A,United States,PG-13,104,"Documentaries, Sports Movies",24,June,2020
s613,Movie,Atlantics,"France, Senegal, Belgium",TV-14,106,"Dramas, Independent Movies, International Movies",29,November,2019
s614,Movie,Atlas Shrugged: Part II,United States,PG-13,112,Dramas,19,December,2020
s615,Movie,ATM,"United States, Canada",TV-14,122,"Comedies, International Movies, Romantic Movies",5,September,2018
s616,TV Show,Atomic Puppet,"Canada, France",TV-Y7,1,"Crime TV Shows, Kids' TV, TV Comedies",1,December,2017
s617,TV Show,Attack on Titan,Japan,TV-MA,1,"Anime Series, International TV Shows",24,February,2019
s618,Movie,Attacking the Devil: Harold Evans and the Last Nazi War Crime,United Kingdom,TV-14,102,"Documentaries, International Movies",15,May,2016
s619,Movie,Attitude Test,Chile,TV-14,88,"Comedies, Independent Movies, International Movies",19,August,2018
s620,TV Show,Atypical,United States,TV-14,3,"TV Comedies, TV Dramas, Teen TV Shows",1,November,2019
s621,Movie,Audrie & Daisy,United States,TV-MA,99,Documentaries,23,September,2016
s622,TV Show,Aunty Donna's Big Ol' House of Fun,Australia,TV-MA,1,TV Comedies,11,November,2020
s623,Movie,Aurora,"Romania, France, Switzerland, Germany",TV-MA,186,"Dramas, International Movies",4,March,2020
s624,Movie,Auschwitz: Blueprints of Genocide,United Kingdom,TV-PG,49,Documentaries,19,January,2019
s625,TV Show,Aussie Gold Hunters,Australia,TV-MA,1,"Docuseries, International TV Shows, Reality TV",1,August,2017
s626,Movie,Austin Powers in Goldmember,United States,PG-13,94,"Action & Adventure, Comedies",1,December,2019
s627,Movie,Austin Powers: International Man of Mystery,United States,PG-13,90,Comedies,1,December,2019
s628,Movie,Austin Powers: The Spy Who Shagged Me,United States,PG-13,95,"Action & Adventure, Comedies, Sci-Fi & Fantasy",1,December,2019
s629,Movie,Autohead,India,TV-MA,97,"Dramas, International Movies, Thrillers",1,January,2017
s630,Movie,Automata,"Bulgaria, United States, Spain, Canada",R,110,"International Movies, Sci-Fi & Fantasy, Thrillers",8,September,2017
s631,TV Show,Autumn's Concerto,Taiwan,TV-14,1,"International TV Shows, Romantic TV Shows, TV Dramas",1,August,2016
s632,Movie,Ava,United States,R,97,"Action & Adventure, Dramas",7,December,2020
s633,TV Show,Avatar: The Last Airbender,United States,TV-Y7,3,"Classic & Cult TV, Kids' TV, TV Action & Adventure",15,May,2020
s634,Movie,Ave Maryam,Indonesia,TV-PG,73,"Dramas, International Movies, Romantic Movies",3,September,2020
s635,Movie,Avengement,United Kingdom,TV-MA,88,Action & Adventure,17,September,2019
s636,Movie,Avengers: Infinity War,United States,PG-13,150,"Action & Adventure, Sci-Fi & Fantasy",25,December,2018
s637,Movie,Avicii: True Stories,"Sweden, Netherlands",TV-MA,97,"Documentaries, International Movies, Music & Musicals",28,December,2018
s638,Movie,Await Further Instructions,United Kingdom,TV-MA,91,"Horror Movies, Sci-Fi & Fantasy",2,February,2019
s639,Movie,Awake,United States,TV-MA,92,Thrillers,24,November,2019
s640,TV Show,Awake: The Million Dollar Game,United States,TV-PG,1,Reality TV,14,June,2019
s641,TV Show,Away,United States,TV-14,1,"Romantic TV Shows, TV Dramas, TV Sci-Fi & Fantasy",4,September,2020
s642,TV Show,Away From Home,Unknown,TV-PG,1,"International TV Shows, TV Dramas",8,May,2019
s643,Movie,Awe,India,TV-MA,111,"Dramas, International Movies, Sci-Fi & Fantasy",15,February,2019
s644,Movie,Axone,India,TV-MA,101,"Comedies, Dramas, Independent Movies",12,June,2020
s645,Movie,Ayana,India,TV-MA,112,"Dramas, International Movies",15,February,2019
s646,Movie,"Ayotzinapa, el paso de la tortuga",Mexico,TV-MA,73,"Documentaries, International Movies",1,December,2018
s647,Movie,Azali,Ghana,TV-14,89,"Dramas, International Movies",7,February,2020
s648,Movie,Azhar,India,TV-14,129,"Dramas, International Movies, Sports Movies",12,April,2019
s649,Movie,Aziz Ansari Live at Madison Square Garden,United States,TV-MA,58,Stand-Up Comedy,6,March,2015
s650,Movie,Aziz Ansari: Buried Alive,United States,TV-MA,80,Stand-Up Comedy,1,November,2013
s651,Movie,Aziz Ansari: RIGHT NOW,United States,TV-MA,65,Stand-Up Comedy,9,July,2019
s652,TV Show,B: The Beginning,Japan,TV-MA,1,"Anime Series, Crime TV Shows, International TV Shows",2,March,2018
s653,Movie,B.A. Pass,India,TV-14,99,"Dramas, Independent Movies, International Movies",7,June,2018
s654,Movie,B.A. Pass 2,India,TV-14,126,"Dramas, International Movies",1,June,2018
s655,Movie,Baadshaho,India,TV-14,135,"Action & Adventure, International Movies",16,October,2017
s656,Movie,Baaghi,India,TV-14,127,"Action & Adventure, International Movies",4,August,2018
s657,Movie,Baahubali 2: The Conclusion (Hindi Version),India,TV-MA,165,"Action & Adventure, Dramas, International Movies",7,August,2017
s658,Movie,Baahubali 2: The Conclusion (Malayalam Version),Unknown,TV-14,166,"Action & Adventure, Dramas, International Movies",7,August,2017
s659,Movie,Baahubali 2: The Conclusion (Tamil Version),Unknown,TV-MA,166,"Action & Adventure, Dramas, International Movies",7,August,2017
s660,Movie,Baahubali: The Beginning (English Version),Unknown,TV-14,138,"Action & Adventure, Dramas, International Movies",24,October,2018
s661,Movie,Baahubali: The Beginning (Hindi Version),India,TV-14,159,"Action & Adventure, Dramas, International Movies",7,August,2017
s662,Movie,Baahubali: The Beginning (Malayalam Version),Unknown,TV-14,160,"Action & Adventure, Dramas, International Movies",7,August,2017
s663,Movie,Baahubali: The Beginning (Tamil Version),Unknown,TV-14,159,"Action & Adventure, Dramas, International Movies",7,August,2017
s664,Movie,Baazaar,India,TV-MA,136,"Dramas, International Movies",13,January,2019
s665,Movie,Babam ve Oğlum,Turkey,TV-14,112,"Dramas, International Movies",30,April,2018
s666,Movie,Babamın Ceketi,Turkey,TV-MA,101,"Comedies, International Movies",17,April,2020
s667,Movie,Babel,"France, United States, Mexico",R,143,"Dramas, Independent Movies",1,January,2019
s668,TV Show,Babies,United States,TV-14,2,"Docuseries, Science & Nature TV",19,June,2020
s669,TV Show,Baby,Italy,TV-MA,3,"International TV Shows, TV Dramas, Teen TV Shows",16,September,2020
s670,TV Show,Baby Ballroom,United Kingdom,TV-MA,2,"British TV Shows, International TV Shows, Reality TV",10,July,2018
s671,Movie,Baby Dolls,India,TV-PG,127,"Comedies, International Movies, Romantic Movies",1,December,2019
s672,Movie,Baby Mamas,South Africa,TV-14,98,"Comedies, Dramas, International Movies",13,March,2020
s673,TV Show,Babylon Berlin,Germany,TV-MA,3,"Crime TV Shows, International TV Shows, TV Dramas",1,March,2020
s674,Movie,Bachelor Girls,India,TV-MA,61,"Documentaries, International Movies",1,March,2018
s675,Movie,Back and Forth,Brazil,NR,95,"Comedies, Dramas, International Movies",5,January,2017
s676,Movie,Back of the Net,Australia,TV-Y,86,"Children & Family Movies, Sports Movies",21,December,2019
s677,TV Show,Back Street Girls -GOKUDOLS-,Japan,TV-MA,1,"Anime Series, International TV Shows",12,December,2018
s678,TV Show,Back to 1989,Taiwan,TV-PG,1,"International TV Shows, Romantic TV Shows, TV Comedies",1,December,2016
s679,Movie,Back to School,Unknown,TV-MA,84,"Comedies, International Movies",30,August,2019
s680,Movie,Back to the 90s,Thailand,TV-14,111,"Comedies, International Movies, Music & Musicals",1,January,2019
s681,TV Show,Back with the Ex,Unknown,TV-MA,1,"International TV Shows, Reality TV, Romantic TV Shows",11,January,2019
s682,Movie,Backcountry,Canada,NR,92,"Horror Movies, Independent Movies, Thrillers",30,March,2017
s683,Movie,Backdraft 2,United States,R,102,"Action & Adventure, Dramas",14,May,2019
s684,Movie,Backfire,United States,TV-MA,97,"Dramas, Independent Movies, Thrillers",5,April,2019
s685,Movie,Backtrack,"Australia, United Kingdom, United Arab Emirates, Canada",R,90,"Dramas, Thrillers",25,December,2018
s686,TV Show,Bad Blood,Canada,TV-MA,2,"Crime TV Shows, TV Dramas",31,May,2019
s687,TV Show,Bad Boy Billionaires: India,India,TV-14,1,"British TV Shows, Docuseries, International TV Shows",5,October,2020
s688,Movie,Bad Boys,United States,R,119,"Action & Adventure, Comedies",1,October,2019
s689,Movie,Bad Boys II,United States,R,147,"Action & Adventure, Comedies",1,October,2019
s690,Movie,Bad Day for the Cut,United Kingdom,TV-MA,99,"Independent Movies, International Movies, Thrillers",18,January,2018
s691,TV Show,Bad Education,United Kingdom,TV-MA,3,"British TV Shows, TV Comedies",15,December,2018
s692,Movie,Bad Genius,Thailand,TV-MA,130,"Dramas, International Movies, Thrillers",1,June,2018
s693,Movie,Bad Grandpa .5,United States,TV-MA,87,Comedies,1,January,2021
s694,TV Show,Bad Guys,South Korea,TV-MA,1,"Crime TV Shows, International TV Shows, Korean TV Shows",8,August,2019
s695,TV Show,Bad Guys: Vile City,South Korea,TV-MA,1,"Crime TV Shows, International TV Shows, Korean TV Shows",8,March,2018
s696,Movie,Bad Match,"Singapore, United States",TV-MA,83,Thrillers,11,March,2018
s697,Movie,Bad Rap,"United States, Canada",TV-MA,83,"Documentaries, Music & Musicals",21,August,2017
s698,Movie,Bad Seeds,"France, Belgium",TV-MA,105,"Comedies, Dramas, International Movies",21,December,2018
s699,TV Show,Badalte Rishton Ki Dastaan,India,TV-14,1,"International TV Shows, TV Dramas",1,April,2017
s700,Movie,Badha,India,TV-14,91,"Dramas, International Movies",1,January,2018
s701,Movie,Badla,India,TV-14,117,"International Movies, Thrillers",7,August,2019
s702,Movie,Badland,United States,TV-14,117,Dramas,26,March,2020
s703,TV Show,Baewatch: Parental Guidance,Unknown,TV-MA,1,"British TV Shows, Reality TV, Romantic TV Shows",22,August,2020
s704,TV Show,BAKI,Japan,TV-MA,3,"Anime Series, International TV Shows",4,June,2020
s705,TV Show,Bakugan: Armored Alliance,Unknown,TV-Y7,1,"Anime Series, Kids' TV",6,November,2020
s706,TV Show,Bakugan: Battle Planet,"Japan, Canada, United States",TV-PG,1,"Anime Series, Kids' TV",6,November,2020
s707,TV Show,Bal Ganesh,Unknown,TV-Y7,1,Kids' TV,31,March,2020
s708,TV Show,Bala Loca,Chile,TV-MA,1,"International TV Shows, Spanish-Language TV Shows, TV Dramas",1,April,2017
s709,Movie,Balto,United States,G,78,"Children & Family Movies, Dramas",1,April,2018
s710,Movie,Balto 2: Wolf Quest,United States,G,75,Children & Family Movies,1,April,2018
s711,Movie,Balto 3: Wings of Change,United States,G,78,Children & Family Movies,1,April,2018
s712,Movie,Balu Mahi,Pakistan,TV-MA,149,"International Movies, Romantic Movies",1,March,2018
s713,Movie,Bana Masal Anlatma,Turkey,TV-14,103,"Comedies, International Movies, Romantic Movies",10,March,2017
s714,Movie,Banana Island Ghost,Nigeria,TV-14,108,"Comedies, International Movies",6,December,2019
s715,Movie,Banana Split,United States,TV-MA,84,"Comedies, Dramas, Independent Movies",26,July,2020
s716,Movie,Band Aid,United States,R,94,"Comedies, Dramas, Independent Movies",12,April,2019
s717,Movie,Band of Robbers,United States,NR,95,"Action & Adventure, Comedies, Independent Movies",15,April,2016
s718,Movie,Bandie,India,TV-PG,141,"Action & Adventure, Dramas, International Movies",1,November,2017
s719,Movie,Bang Rajan 2,Thailand,TV-MA,122,"Action & Adventure, International Movies",25,July,2018
s720,Movie,Bangistan,India,TV-14,134,"Comedies, Dramas, International Movies",15,December,2019
s721,TV Show,Bangkok Bachelors,Unknown,TV-MA,1,"International TV Shows, Romantic TV Shows, TV Comedies",4,June,2018
s722,TV Show,Bangkok Buddies,Thailand,TV-MA,1,"International TV Shows, TV Comedies, TV Dramas",20,November,2019
s723,Movie,Bangkok Hell,Thailand,TV-MA,107,"Dramas, International Movies",14,September,2018
s724,TV Show,Bangkok Love Stories: Hey You!,Unknown,TV-14,1,"International TV Shows, Romantic TV Shows, TV Dramas",8,March,2019
s725,TV Show,Bangkok Love Stories: Innocence,Thailand,TV-14,1,"International TV Shows, Romantic TV Shows, TV Dramas",31,July,2019
s726,TV Show,Bangkok Love Stories: Objects of Affection,Thailand,TV-14,1,"International TV Shows, Romantic TV Shows, TV Dramas",2,July,2019
s727,TV Show,Bangkok Love Stories: Plead,Thailand,TV-14,1,"International TV Shows, Romantic TV Shows, TV Dramas",2,July,2019
s728,Movie,Bangkok Traffic (Love) Story,Thailand,TV-14,126,"Comedies, International Movies, Romantic Movies",5,September,2018
s729,Movie,Barça Dreams,Spain,TV-MA,122,"Documentaries, International Movies, Sports Movies",1,September,2018
s730,Movie,Barah Aana,India,TV-14,95,"Dramas, International Movies",31,December,2019
s731,Movie,Barakah Meets Barakah,Saudi Arabia,TV-MA,88,"Comedies, International Movies, Romantic Movies",12,October,2017
s732,TV Show,Barbarians,Germany,TV-MA,1,"International TV Shows, TV Action & Adventure, TV Dramas",23,October,2020
s733,Movie,Barbecue,"Australia, Armenia, Japan, Jordan, Mexico, Mongolia, New Zealand, Philippines, South Africa, Sweden, United States, Uruguay",TV-MA,101,"Documentaries, International Movies",15,August,2017
s734,Movie,Barbie & Her Sisters in a Pony Tale,United States,TV-Y,74,Children & Family Movies,1,October,2017
s735,Movie,Barbie Dolphin Magic,"United States, Canada",TV-Y,64,Children & Family Movies,18,September,2017
s736,TV Show,Barbie Dreamhouse Adventures,"United States, Canada",TV-Y,3,Kids' TV,14,February,2019
s737,TV Show,Barbie Dreamhouse Adventures: Go Team Roberts,Unknown,TV-Y,2,Kids' TV,21,March,2020
s738,Movie,Barbie in A Mermaid Tale,United States,TV-Y,74,Children & Family Movies,1,October,2017
s739,Movie,Barbie in Princess Power,United States,TV-Y,74,Children & Family Movies,1,October,2017
s740,Movie,Barbie in Rock 'N Royals,United States,TV-Y,83,Children & Family Movies,1,October,2017
s741,TV Show,Barbie Life in the Dreamhouse,"United States, Canada",TV-Y,1,"Kids' TV, TV Comedies",1,July,2017
s742,Movie,Barbie Princess Adventure,United States,TV-Y,72,"Children & Family Movies, Music & Musicals",1,September,2020
s743,Movie,Barbie Star Light Adventure,United States,TV-Y,79,Children & Family Movies,1,October,2017
s744,Movie,Barbie: A Fairy Secret,United States,TV-Y7,72,Children & Family Movies,1,October,2017
s745,Movie,Barbie: Princess Charm School,"United States, Canada",TV-Y,80,Children & Family Movies,1,October,2017
s746,Movie,Barbie: Spy Squad,"United States, Canada",TV-Y,75,Children & Family Movies,1,October,2017
s747,Movie,Barbie: The Princess & the Popstar,United States,TV-Y,75,Children & Family Movies,1,October,2017
s748,Movie,Barbie: Video Game Hero,United States,TV-Y,72,Children & Family Movies,1,October,2017
s749,Movie,Barbra: The Music ... The Mem'ries ... The Magic!,United States,TV-14,109,Music & Musicals,22,November,2017
s750,Movie,Barcelona: A Love Untold,Philippines,TV-14,132,"Dramas, International Movies, Romantic Movies",14,March,2019
s751,TV Show,Bard of Blood,India,TV-MA,1,"International TV Shows, TV Action & Adventure, TV Dramas",27,September,2019
s752,Movie,Bareilly Ki Barfi,India,TV-14,110,"Comedies, Dramas, International Movies",21,August,2018
s753,Movie,Barely Lethal,United States,PG-13,99,"Action & Adventure, Comedies",26,July,2018
s754,Movie,Barfi!,India,TV-14,144,"Comedies, Dramas, International Movies",1,November,2018
s755,Movie,Barrio Universitario,Chile,TV-14,91,"Comedies, International Movies",19,August,2018
s756,Movie,Barry,United States,TV-MA,105,Dramas,16,December,2016
s757,Movie,Barsaat,India,TV-PG,166,"Action & Adventure, International Movies, Music & Musicals",1,April,2018
s758,Movie,BASEketball,United States,R,103,"Comedies, Sports Movies",1,November,2018
s759,Movie,Basic Instinct,"United States, France",R,128,"Classic Movies, Thrillers",1,October,2020
s760,TV Show,Basketball or Nothing,United States,TV-PG,1,"Docuseries, Reality TV",2,August,2019
s761,TV Show,Bat Pat,Italy,TV-Y,1,Kids' TV,31,December,2017
s762,TV Show,Bates Motel,United States,TV-MA,5,"Crime TV Shows, TV Dramas, TV Horror",20,February,2018
s763,Movie,Bathinda Express,India,TV-14,118,"Dramas, International Movies, Sports Movies",1,October,2018
s764,Movie,Bathtubs Over Broadway,United States,PG-13,87,"Documentaries, Music & Musicals",9,May,2019
s765,Movie,Batman: The Killing Joke,United States,R,77,Action & Adventure,15,October,2020
s766,Movie,Battle,"Norway, Denmark, Netherlands, Sweden",TV-MA,98,"Dramas, International Movies, Romantic Movies",1,December,2018
s767,TV Show,Battle Creek,United States,TV-14,1,"Crime TV Shows, TV Comedies, TV Dramas",31,December,2015
s768,Movie,Battle Drone,United States,TV-MA,94,"Action & Adventure, Independent Movies, Sci-Fi & Fantasy",1,March,2018
s769,TV Show,Battlefield Recovery,United Kingdom,TV-PG,1,"British TV Shows, Docuseries, Reality TV",1,August,2016
s770,TV Show,Battlefish,Unknown,TV-MA,1,"Reality TV, Science & Nature TV, TV Action & Adventure",21,September,2018
s771,Movie,Bawarchi,India,TV-PG,125,"Classic Movies, Comedies, Dramas",31,December,2019
s772,Movie,Baxu and the Giants,Namibia,TV-PG,29,"Dramas, International Movies",30,September,2020
s773,Movie,Bayonet,"Mexico, Finland",TV-MA,102,"Dramas, International Movies, Sports Movies",29,March,2019
s774,Movie,Bazaar,India,TV-14,121,"Dramas, Independent Movies, International Movies",31,December,2019
s775,Movie,Bbuddah Hoga Terra Baap,India,TV-14,116,"Action & Adventure, Comedies, Dramas",5,July,2020
s776,Movie,Be Here Now,"United States, Australia",TV-MA,110,Documentaries,28,February,2017
s777,Movie,Be Somebody,United States,PG,88,"Comedies, Dramas, Romantic Movies",20,November,2019
s778,TV Show,Be with Me,Taiwan,TV-PG,1,"International TV Shows, Romantic TV Shows, TV Dramas",1,October,2016
s779,TV Show,Be with You,Taiwan,TV-14,1,"International TV Shows, Romantic TV Shows, TV Dramas",1,October,2016
s780,TV Show,Be-Be-Bears,Russia,TV-Y,1,Kids' TV,29,August,2018
s781,Movie,Beak & Brain: Genius Birds From Down Under,Germany,TV-G,52,"Documentaries, International Movies",1,March,2017
s782,Movie,Bean: The Ultimate Disaster Movie,"United Kingdom, United States",PG-13,89,"Comedies, International Movies",1,August,2018
s783,Movie,Beary Tales,United States,TV-G,52,"Children & Family Movies, Documentaries, International Movies",1,March,2017
s784,TV Show,Beast Legends,Canada,TV-PG,1,Docuseries,1,February,2019
s785,TV Show,BEASTARS,Japan,TV-MA,1,"Anime Series, International TV Shows",13,March,2020
s786,Movie,Beasts of No Nation,United States,TV-MA,137,"Dramas, Independent Movies",16,October,2015
s787,TV Show,Beat Bugs,"Australia, Canada",TV-Y,3,Kids' TV,21,July,2019
s788,Movie,Beat Bugs: All Together Now,"Australia, Canada",TV-Y,51,"Children & Family Movies, Music & Musicals",21,November,2017
s789,TV Show,Beating Again,South Korea,TV-14,1,"International TV Shows, Korean TV Shows, Romantic TV Shows",22,May,2017
s790,Movie,Beats,United States,TV-MA,110,"Dramas, Independent Movies, Music & Musicals",19,June,2019
s791,Movie,Beauties of the Night,Mexico,TV-MA,92,"Documentaries, International Movies",25,November,2016
s792,TV Show,Beauty & the Beast,Canada,TV-14,4,"Crime TV Shows, Romantic TV Shows, TV Dramas",19,September,2016
s793,Movie,Beauty and the Bestie,Philippines,TV-14,119,"Action & Adventure, Comedies, International Movies",27,February,2019
s794,TV Show,Beauty and the Bitches,Unknown,TV-MA,2,"International TV Shows, Romantic TV Shows, TV Comedies",23,April,2019
s795,Movie,Beavis and Butt-head Do America,United States,PG-13,81,"Comedies, Cult Movies",20,November,2019
s796,Movie,Bebe's Kids,United States,PG-13,73,Comedies,20,November,2019
s797,Movie,Because of Soccer,Indonesia,TV-14,75,"Comedies, Dramas, International Movies",8,December,2018
s798,TV Show,Because This Is My First Life,South Korea,TV-14,1,"International TV Shows, Korean TV Shows, Romantic TV Shows",1,January,2020
s799,Movie,Because We're Heading Out,Egypt,TV-14,99,"Comedies, International Movies",18,April,2019
s800,Movie,Becoming,United States,PG,89,Documentaries,6,May,2020
s801,TV Show,Becoming Champions,Mexico,TV-G,1,"Docuseries, International TV Shows",1,August,2018
s802,Movie,Becoming Jane,"United Kingdom, Ireland",PG-13,121,"Dramas, Romantic Movies",12,January,2019
s803,Movie,Bedtime Stories,United States,PG,100,"Children & Family Movies, Comedies",5,March,2019
s804,Movie,Bee Movie,"United States, Australia",PG,92,"Children & Family Movies, Comedies",1,January,2017
s805,Movie,Been So Long,Unknown,TV-MA,100,"Dramas, International Movies, Music & Musicals",26,October,2018
s806,TV Show,Before 30,Nigeria,TV-MA,1,"International TV Shows, Romantic TV Shows, TV Comedies",24,November,2020
s807,Movie,Before I Fall,United States,PG-13,98,"Dramas, Romantic Movies",8,June,2020
s808,Movie,Before I Wake,United States,PG-13,97,"Horror Movies, Thrillers",5,January,2018
s809,Movie,Before the Flood,United States,PG,97,Documentaries,1,February,2018
s810,Movie,Before the Summer Crowds,Egypt,TV-14,86,"Dramas, International Movies",5,June,2020
s811,Movie,"Behind ""The Cove"": The Quiet Japanese Speak Out","Japan, United States",TV-14,105,"Documentaries, International Movies",25,August,2017
s812,TV Show,Behind Enemy Lines,United States,TV-14,1,"British TV Shows, Docuseries",15,August,2016
s813,Movie,Behind the Curtain: Todrick Hall,United States,TV-MA,100,"Documentaries, LGBTQ Movies, Music & Musicals",5,April,2018
s814,Movie,Behind the Curve,United States,TV-14,96,Documentaries,15,February,2019
s815,TV Show,Behind the Newsroom,Unknown,TV-MA,1,"International TV Shows, Romantic TV Shows, TV Dramas",14,September,2018
s816,TV Show,Behzat Ç.,Turkey,TV-MA,1,"Crime TV Shows, International TV Shows, TV Dramas",19,May,2017
s817,Movie,Beiimaan Love,India,TV-MA,115,"Dramas, International Movies, Romantic Movies",1,November,2017
s818,Movie,Being AP,United Kingdom,TV-14,99,"Documentaries, International Movies, Sports Movies",15,August,2016
s819,Movie,Being Elmo: A Puppeteer's Journey,United States,PG,76,Documentaries,21,February,2012
s820,TV Show,Being Mary Jane: The Series,United States,TV-14,4,"Romantic TV Shows, TV Dramas",1,July,2017
s821,Movie,Being Mrs Elliot,Nigeria,TV-14,113,"Dramas, International Movies, Romantic Movies",20,December,2019
s822,Movie,Being Napoleon,United States,TV-MA,88,Documentaries,1,August,2018
s823,Movie,Beirut Oh Beirut,Lebanon,TV-14,106,"Classic Movies, Dramas, International Movies",19,October,2020
s824,Movie,Belgica,"Belgium, France",TV-MA,127,"Dramas, International Movies",15,April,2016
s825,Movie,Belief: The Possession of Janet Moses,New Zealand,TV-MA,90,"Documentaries, International Movies",15,October,2017
s826,TV Show,Bella and the Bulldogs,United States,TV-G,1,"Kids' TV, TV Comedies",2,November,2019
s827,Movie,Belmonte,"Uruguay, Spain, Mexico",TV-MA,74,"Dramas, Independent Movies, International Movies",7,June,2019
s828,Movie,Below Her Mouth,Canada,TV-MA,91,"Dramas, Independent Movies, International Movies",1,August,2017
s829,TV Show,Ben & Holly's Little Kingdom,United Kingdom,TV-Y,1,Kids' TV,15,March,2020
s830,TV Show,Ben 10,United States,TV-Y7,1,Kids' TV,30,September,2018
s831,Movie,Ben Platt Live from Radio City Music Hall,United States,TV-PG,85,Music & Musicals,20,May,2020
s832,Movie,Benchwarmers 2: Breaking Balls,United States,PG-13,90,"Comedies, Sports Movies",31,December,2019
s833,Movie,Bending the Arc,United States,TV-MA,102,Documentaries,22,October,2020
s834,Movie,Beneath the Leaves,United States,TV-MA,90,"Independent Movies, Thrillers",8,June,2019
s835,Movie,Benji,"United Arab Emirates, United States",TV-PG,87,"Children & Family Movies, Dramas",16,March,2018
s836,Movie,Benji: Off the Leash,United States,PG,100,"Children & Family Movies, Dramas",6,March,2018
s837,Movie,Benji's Very Own Christmas Story,United States,TV-G,25,Children & Family Movies,3,October,2018
s838,Movie,Bennett's War,United States,PG-13,94,"Dramas, Sports Movies",2,May,2020
s839,Movie,Berlin Calling,Germany,TV-MA,105,"Dramas, International Movies, Music & Musicals",15,January,2017
s840,Movie,Berlin Kaplani,Turkey,TV-14,99,"Comedies, International Movies, Sports Movies",10,March,2017
s841,Movie,Berlin Syndrome,Australia,R,116,"International Movies, Thrillers",25,August,2017
s842,Movie,"Berlin, Berlin: Lolle on the Run",Germany,TV-MA,82,"Comedies, International Movies",7,August,2020
s843,Movie,"Berlin, I Love You",Germany,R,120,"Dramas, International Movies, Romantic Movies",8,June,2019
s844,Movie,Berserk: The Golden Age Arc I - The Egg of the King,Japan,TV-MA,77,"Action & Adventure, Anime Features, International Movies",15,October,2016
s845,Movie,Berserk: The Golden Age Arc II - The Battle for Doldrey,Japan,TV-MA,92,"Action & Adventure, Anime Features, International Movies",1,September,2017
s846,Movie,Berserk: The Golden Age Arc III - The Advent,Japan,TV-MA,107,"Action & Adventure, Anime Features, International Movies",1,September,2017
s847,Movie,Bert Kreischer: Hey Big Boy,United States,TV-MA,62,Stand-Up Comedy,17,March,2020
s848,Movie,Bert Kreischer: Secret Time,Unknown,TV-MA,57,Stand-Up Comedy,24,August,2018
s849,Movie,Bert Kreischer: The Machine,United States,TV-MA,70,Stand-Up Comedy,22,February,2019
s850,TV Show,Best Leftovers Ever!,United States,TV-G,1,Reality TV,30,December,2020
s851,TV Show,Best Lover,"South Korea, China",TV-14,1,"International TV Shows, Romantic TV Shows, TV Comedies",23,February,2018
s852,Movie,Best Neighbors,Unknown,TV-14,98,"Comedies, International Movies",6,June,2019
s853,Movie,Best of Stand-Up 2020,Unknown,TV-MA,77,Stand-Up Comedy,31,December,2020
s854,Movie,"Best Wishes, Warmest Regards: A Schitt's Creek Farewell",Canada,TV-MA,44,"Documentaries, LGBTQ Movies",3,October,2020
s855,Movie,Best Worst Thing That Ever Could Have Happened,United States,TV-MA,97,Documentaries,18,March,2017
s856,TV Show,Best.Worst.Weekend.Ever.,United States,TV-PG,1,"Kids' TV, TV Comedies",19,October,2018
s857,TV Show,Betaal,India,TV-MA,1,"International TV Shows, TV Action & Adventure, TV Horror",24,May,2020
s858,Movie,Bethany Hamilton: Unstoppable,United States,PG,100,"Children & Family Movies, Documentaries, Sports Movies",25,March,2020
s859,TV Show,Better Call Saul,United States,TV-MA,4,"Crime TV Shows, TV Comedies, TV Dramas",9,February,2020
s860,TV Show,Better Than Us,Russia,TV-MA,1,"Crime TV Shows, International TV Shows, TV Dramas",16,August,2019
s861,Movie,Betting on Zero,United States,TV-PG,104,Documentaries,1,June,2017
s862,Movie,Betty White: First Lady of Television,United States,TV-14,56,Documentaries,12,January,2020
s863,TV Show,Between,Canada,TV-14,2,"International TV Shows, TV Dramas, TV Mysteries",1,July,2016
s864,Movie,Between Maybes,Philippines,TV-14,108,"Dramas, International Movies, Romantic Movies",3,December,2020
s865,Movie,Between Two Ferns: The Movie,United States,TV-MA,83,Comedies,20,September,2019
s866,Movie,Between Worlds,Spain,R,91,Thrillers,6,April,2019
s867,Movie,Bewafaa,India,TV-PG,149,"Dramas, International Movies, Romantic Movies",21,July,2019
s868,Movie,Bewildered Bolbol,Egypt,TV-14,112,"Comedies, International Movies, Romantic Movies",20,June,2019
s869,TV Show,Beyblade Burst,Japan,TV-Y7,1,"Anime Series, Kids' TV",1,October,2017
s870,TV Show,Beyblade Burst Evolution,Unknown,TV-Y,1,"Anime Series, Kids' TV",15,November,2018
s871,TV Show,Beyblade Burst Rise,Japan,TV-Y7,1,"Anime Series, Kids' TV",15,November,2020
s872,TV Show,Beyblade Burst Turbo,Unknown,TV-Y7,1,"Anime Series, Kids' TV",10,October,2019
s873,TV Show,Beyblade: Metal Fusion,Japan,TV-Y7,1,"Anime Series, Kids' TV",15,December,2017
s874,Movie,Beynelmilel,Turkey,TV-MA,102,"Comedies, Dramas, International Movies",28,April,2020
s875,Movie,Beyond All Boundaries,"United States, India",TV-14,98,"Documentaries, International Movies, Sports Movies",1,April,2017
s876,Movie,Beyond Skyline,"United States, Canada, Indonesia, United Kingdom, China, Singapore",R,107,"Action & Adventure, Sci-Fi & Fantasy",15,April,2018
s877,TV Show,Beyond Stranger Things,United States,TV-14,1,"Stand-Up Comedy & Talk Shows, TV Mysteries, TV Sci-Fi & Fantasy",27,October,2017
s878,Movie,Beyond the Boundary: ICC Women's T20 World Cup Australia 2020,Unknown,TV-G,59,"Documentaries, International Movies, Sports Movies",14,August,2020
s879,Movie,Beyond the Clouds,"India, Iran",TV-14,120,"Dramas, Independent Movies, International Movies",10,August,2018
s880,TV Show,Bh Se Bhade,India,TV-PG,1,"International TV Shows, TV Comedies",1,April,2018
s881,TV Show,Bhaag Beanie Bhaag,India,TV-MA,1,"International TV Shows, Romantic TV Shows, TV Comedies",4,December,2020
s882,TV Show,Bhaage Re Mann,India,TV-14,1,"International TV Shows, Romantic TV Shows, TV Dramas",15,April,2017
s883,Movie,Bhagam Bhag,India,TV-14,151,"Comedies, International Movies, Romantic Movies",31,December,2019
s884,Movie,Bhai: Vyakti Ki Valli - Poorvardha,India,TV-14,116,"Dramas, International Movies",10,September,2020
s885,Movie,Bhai: Vyakti Ki Valli - Uttarardh,India,TV-PG,112,"Dramas, International Movies",10,September,2020
s886,Movie,Bhaji In Problem,India,TV-14,117,"Comedies, International Movies",19,September,2020
s887,Movie,Bhangra Paa Le,India,TV-14,130,"Comedies, Dramas, International Movies",1,March,2020
s888,Movie,Bhasmasur,India,TV-14,74,"Dramas, Independent Movies, International Movies",29,January,2019
s889,Movie,Bhavesh Joshi Superhero,India,TV-14,150,"Dramas, International Movies, Sci-Fi & Fantasy",16,August,2018
s890,Movie,Bheemayan,Unknown,TV-Y,63,Children & Family Movies,10,May,2019
s891,Movie,Bheeshma,India,TV-14,138,"Action & Adventure, Comedies, International Movies",25,April,2020
s892,Movie,Bhool Bhulaiyaa,India,TV-14,148,"Dramas, International Movies, Thrillers",22,October,2017
s893,Movie,Bhoot,India,TV-MA,114,"Horror Movies, International Movies, Thrillers",31,December,2019
s894,Movie,Bhouri,India,TV-14,123,"Dramas, Independent Movies, International Movies",1,December,2017
s895,Movie,Bibi & Tina,Germany,TV-PG,97,"Children & Family Movies, Music & Musicals",15,April,2017
s896,Movie,Bibi & Tina II,Germany,TV-14,105,"Children & Family Movies, Music & Musicals",15,April,2017
s897,Movie,Bibi & Tina: Girls Versus Boys,Germany,TV-14,107,"Children & Family Movies, Music & Musicals",15,April,2017
s898,Movie,Bibi & Tina: Tohuwabohu Total,Germany,TV-14,106,"Children & Family Movies, Music & Musicals",27,December,2017
s899,TV Show,Bibik-Bibikku,Unknown,TV-PG,1,"International TV Shows, TV Comedies",8,May,2019
s900,TV Show,Big Bad Beetleborgs,"United States, France, Japan",TV-G,2,"Kids' TV, TV Comedies",1,January,2016
s901,Movie,Big Bear,United States,TV-MA,87,Comedies,28,February,2018
s902,Movie,Big Daddy,United States,PG-13,93,Comedies,1,October,2020
s903,TV Show,"Big Dreams, Small Spaces",United Kingdom,TV-G,3,"British TV Shows, International TV Shows, Reality TV",26,July,2019
s904,Movie,Big Fat Liar,"United States, Germany",PG,88,"Children & Family Movies, Comedies",15,January,2020
s905,Movie,Big Kill,United States,R,126,Action & Adventure,18,June,2019
s906,Movie,Big Miracle,"United States, United Kingdom",PG,107,"Children & Family Movies, Dramas",30,September,2018
s907,TV Show,Big Mouth,United States,TV-MA,4,TV Comedies,4,December,2020
s908,Movie,Big Stone Gap,United States,PG-13,103,"Comedies, Romantic Movies",5,June,2020
s909,Movie,Big Time,Denmark,TV-MA,90,Documentaries,1,April,2018
s910,Movie,Big Time Movie,"United States, Canada",TV-PG,68,"Children & Family Movies, Comedies, Music & Musicals",2,November,2019
s911,Movie,Bigflo & Oli: Hip Hop Frenzy,France,TV-MA,100,"Documentaries, International Movies, Music & Musicals",8,October,2020
s912,Movie,Bigger Fatter Liar,United States,PG,95,"Children & Family Movies, Comedies",18,April,2017
s913,Movie,Biggie & Tupac,United Kingdom,R,108,"Documentaries, Music & Musicals",26,January,2019
s914,Movie,"Bikram: Yogi, Guru, Predator",United States,TV-MA,86,Documentaries,20,November,2019
s915,Movie,Bill Burr: I'm Sorry You Feel That Way,United States,TV-MA,81,Stand-Up Comedy,5,December,2014
s916,Movie,Bill Burr: Let It Go,United States,NR,65,Stand-Up Comedy,10,November,2017
s917,Movie,Bill Burr: Paper Tiger,"United States, United Kingdom",TV-MA,67,Stand-Up Comedy,10,September,2019
s918,Movie,Bill Burr: Walk Your Way Out,United States,TV-MA,78,Stand-Up Comedy,31,January,2017
s919,Movie,Bill Burr: You People Are All the Same,United States,TV-MA,69,Stand-Up Comedy,30,June,2018
s920,Movie,Bill Hicks: One Night Stand,United Kingdom,TV-MA,28,Stand-Up Comedy,31,December,2018
s921,Movie,Bill Hicks: Reflections,Unknown,TV-MA,34,Documentaries,31,December,2018
s922,Movie,Bill Hicks: Relentless,United Kingdom,TV-MA,61,Stand-Up Comedy,31,December,2018
s923,Movie,Bill Hicks: Revelations,United Kingdom,TV-MA,56,Stand-Up Comedy,31,December,2018
s924,Movie,Bill Hicks: Sane Man,United States,TV-MA,81,Stand-Up Comedy,31,December,2018
s925,TV Show,Bill Nye Saves the World,United States,TV-14,3,Stand-Up Comedy & Talk Shows,11,May,2018
s926,Movie,Bill Nye: Science Guy,United States,TV-PG,97,Documentaries,25,April,2018
s927,Movie,Billu,India,TV-PG,132,"Dramas, International Movies",1,April,2018
s928,Movie,Billy Elliot,"United Kingdom, France",R,110,"Dramas, Independent Movies, International Movies",1,February,2019
s929,Movie,Billy Graham: An Extraordinary Journey,United States,TV-PG,66,"Documentaries, Faith & Spirituality",28,February,2019
s930,TV Show,Billy on the Street,United States,TV-14,4,"International TV Shows, Reality TV, TV Comedies",1,November,2019
s931,Movie,Bilu Rakkhosh,India,TV-MA,127,"Dramas, International Movies",15,March,2018
s932,TV Show,Biohackers,Germany,TV-MA,1,"International TV Shows, TV Dramas, TV Sci-Fi & Fantasy",20,August,2020
s933,Movie,Bioscope,India,TV-14,131,"Dramas, International Movies, LGBTQ Movies",15,August,2018
s934,Movie,Bir Baba Hindu,"Turkey, India",TV-MA,107,"Action & Adventure, Comedies, International Movies",28,April,2020
s935,Movie,Bird Box,United States,R,124,"Dramas, Sci-Fi & Fantasy, Thrillers",21,December,2018
s936,Movie,Birders,"United States, Mexico",TV-G,38,"Documentaries, International Movies",25,September,2019
s937,Movie,Birdshot,"Philippines, Qatar",TV-MA,115,"Dramas, International Movies, Thrillers",26,March,2018
s938,Movie,Birthmarked,Canada,TV-MA,88,"Comedies, Independent Movies, International Movies",28,June,2018
s939,Movie,Bitch,United States,R,97,"Comedies, Dramas, Independent Movies",11,March,2018
s940,Movie,Bitcoin Heist,Vietnam,TV-14,116,"Action & Adventure, Comedies, International Movies",2,September,2017
s941,TV Show,Bitten,Canada,TV-MA,3,"International TV Shows, TV Dramas, TV Horror",26,May,2016
s942,TV Show,Bitter Daisies,Spain,TV-MA,1,"Crime TV Shows, International TV Shows, TV Dramas",29,March,2019
s943,Movie,Bittersweet,Egypt,TV-MA,132,"Comedies, Dramas, International Movies",25,April,2020
s944,Movie,Bittoo Boss,India,TV-14,117,"Comedies, Dramas, International Movies",5,July,2020
s945,Movie,Black,India,TV-14,137,"Action & Adventure, International Movies",19,September,2020
s946,Movie,Black '47,"Ireland, Luxembourg, Belgium",R,100,"Action & Adventure, Dramas, Independent Movies",24,October,2020
s947,Movie,Black & Privileged: Volume 1,United States,TV-MA,79,Dramas,12,July,2019
s948,TV Show,Black Butler,Japan,TV-MA,3,"Anime Series, International TV Shows",30,September,2020
s949,TV Show,Black Crows,"Saudi Arabia, Syria, Egypt, Lebanon, Kuwait",TV-14,1,"International TV Shows, TV Dramas",30,April,2018
s950,TV Show,Black Earth Rising,United Kingdom,TV-MA,1,"British TV Shows, International TV Shows, TV Dramas",25,January,2019
s951,Movie,Black Friday,India,TV-MA,162,"Dramas, International Movies",19,November,2020
s952,Movie,Black Hawk Down,"United States, United Kingdom",R,144,"Action & Adventure, Dramas",1,January,2019
s953,TV Show,Black Heart,Turkey,TV-14,1,"Crime TV Shows, International TV Shows, TV Dramas",12,October,2018
s954,TV Show,Black Ink Crew New York,United States,TV-14,2,Reality TV,15,December,2020
s955,TV Show,Black Lightning,United States,TV-14,3,"TV Action & Adventure, TV Dramas, TV Sci-Fi & Fantasy",17,March,2020
s956,Movie,Black Man White Skin,Spain,TV-PG,79,"Documentaries, International Movies",1,June,2016
s957,TV Show,Black Mirror,United Kingdom,TV-MA,5,"British TV Shows, International TV Shows, TV Dramas",5,June,2019
s958,Movie,Black Mirror: Bandersnatch,United States,TV-MA,312,"Dramas, International Movies, Sci-Fi & Fantasy",28,December,2018
s959,TV Show,Black Money Love,Turkey,TV-MA,1,"Crime TV Shows, International TV Shows, TV Dramas",15,October,2019
s960,Movie,Black Panther,United States,PG-13,135,"Action & Adventure, Sci-Fi & Fantasy",4,September,2018
s961,Movie,Black Rose,"Russia, United States",TV-MA,83,"Action & Adventure, International Movies",2,July,2017
s962,Movie,Black Sea,"United Kingdom, Russia, United States",R,114,"Action & Adventure, Dramas, International Movies",16,February,2019
s963,Movie,Black Site Delta,United States,TV-MA,88,Action & Adventure,9,August,2017
s964,Movie,Black Snake Moan,United States,R,116,"Dramas, Independent Movies",20,November,2019
s965,Movie,Black Snow,"Argentina, Spain",TV-MA,91,"Dramas, International Movies, Thrillers",1,July,2017
s966,TV Show,Black Spot,"France, Belgium",TV-MA,2,"Crime TV Shows, International TV Shows, TV Dramas",14,June,2019
s967,TV Show,Black Summer,"Canada, United States",TV-MA,1,"TV Action & Adventure, TV Dramas, TV Horror",11,April,2019
s968,Movie,Blackfish,United States,PG-13,83,Documentaries,1,May,2020
s969,Movie,BLACKPINK: Light Up the Sky,United States,TV-14,80,"Documentaries, Music & Musicals",14,October,2020
s970,Movie,Blackway,United States,PG-13,90,Thrillers,15,December,2017
s971,Movie,BLAME!,Japan,TV-14,106,"Action & Adventure, Anime Features, International Movies",19,May,2017
s972,Movie,Blaze,United States,R,129,"Dramas, Independent Movies, Music & Musicals",30,August,2020
s973,TV Show,Blazing Transfer Students,Japan,TV-MA,1,"International TV Shows, TV Action & Adventure, TV Comedies",10,November,2017
s974,TV Show,Bleach,Japan,TV-14,5,"Anime Series, International TV Shows",21,April,2020
s975,Movie,Bleach The Movie: Fade to Black,Japan,TV-PG,94,"Action & Adventure, Anime Features, Sci-Fi & Fantasy",15,October,2016
s976,Movie,Bleach the Movie: Hell Verse,Japan,TV-14,94,"Action & Adventure, Anime Features, Sci-Fi & Fantasy",15,October,2016
s977,Movie,Bleed for This,United States,R,120,"Dramas, Sports Movies",11,April,2020
s978,Movie,Blessed Benefit,"Germany, Jordan, Netherlands",TV-14,83,"Comedies, Dramas, International Movies",13,October,2017
s979,Movie,Blind Date,France,TV-14,91,"Comedies, International Movies, Music & Musicals",15,October,2016
s980,Movie,Blind Detective,"Hong Kong, China",TV-MA,130,"Action & Adventure, Comedies, International Movies",1,December,2018
s981,TV Show,Bling Empire,Unknown,TV-MA,1,Reality TV,15,January,2021
s982,Movie,Blinky Bill: The Movie,"Australia, United States",PG,91,Children & Family Movies,8,February,2017
s983,Movie,Blitz Patrollie,South Africa,TV-MA,102,"Action & Adventure, Comedies, International Movies",27,December,2019
s984,Movie,Blockbuster,France,TV-MA,85,"Comedies, Independent Movies, International Movies",24,January,2018
s985,TV Show,Blood & Treasures,Thailand,TV-14,1,"International TV Shows, TV Dramas, TV Sci-Fi & Fantasy",14,July,2018
s986,TV Show,Blood & Water,South Africa,TV-MA,1,"International TV Shows, TV Dramas, TV Mysteries",20,May,2020
s987,Movie,Blood Father,France,R,88,"Action & Adventure, International Movies",26,March,2020
s988,Movie,Blood Money,India,TV-14,110,"Dramas, International Movies, Romantic Movies",5,July,2020
s989,TV Show,Blood of Zeus,United States,TV-MA,1,Anime Series,27,October,2020
s990,TV Show,Blood Pact,Brazil,TV-MA,1,"Crime TV Shows, International TV Shows, TV Dramas",10,October,2018
s991,Movie,Blood Will Tell,"Argentina, United States",TV-MA,113,"Dramas, Independent Movies, International Movies",21,June,2019
s992,TV Show,Bloodline,United States,TV-MA,3,"TV Dramas, TV Mysteries, TV Thrillers",26,May,2017
s993,TV Show,Bloodride,Norway,TV-MA,1,"International TV Shows, TV Horror, TV Mysteries",13,March,2020
s994,Movie,Blow,United States,R,123,Dramas,1,October,2019
s995,TV Show,Blown Away,Canada,TV-14,1,"International TV Shows, Reality TV",12,July,2019
s996,TV Show,Blue Exorcist,Japan,TV-MA,2,"Anime Series, International TV Shows",1,September,2020
s997,Movie,Blue Is the Warmest Color,"France, Belgium, Spain",NC-17,180,"Dramas, Independent Movies, International Movies",26,August,2016
s998,Movie,Blue Jasmine,United States,PG-13,98,"Comedies, Dramas, Independent Movies",8,March,2019
s999,Movie,Blue Jay,United States,TV-MA,81,"Dramas, Independent Movies, Romantic Movies",6,December,2016
s1000,Movie,Blue Mountain State: The Rise of Thadland,United States,R,90,Comedies,1,March,2016
s1001,TV Show,Blue Planet II,United Kingdom,TV-G,1,"British TV Shows, Docuseries, Science & Nature TV",3,December,2018
s1002,Movie,Blue Ruin,"United States, France",R,90,"Independent Movies, Thrillers",25,February,2019
s1003,Movie,Blue Streak,"Germany, United States",PG-13,94,"Action & Adventure, Comedies",1,January,2021
s1004,Movie,Blue Valentine,United States,R,112,"Dramas, Independent Movies, Romantic Movies",5,July,2018
s1005,Movie,BluffMaster!,India,TV-14,129,"Comedies, International Movies, Romantic Movies",8,January,2021
s1006,Movie,Blurred Lines: Inside the Art World,Canada,TV-MA,85,Documentaries,31,December,2017
s1007,TV Show,BNA,Japan,TV-14,1,"Anime Series, International TV Shows",30,June,2020
s1008,Movie,BNK48: Girls Don't Cry,Thailand,TV-14,108,"Documentaries, International Movies, Music & Musicals",1,March,2019
s1009,Movie,Bo Burnham: Make Happy,United States,TV-MA,60,"Music & Musicals, Stand-Up Comedy",3,June,2016
s1010,Movie,Bo Burnham: what.,United States,TV-MA,60,Stand-Up Comedy,1,July,2018
s1011,TV Show,Bo on the Go!,Canada,TV-Y,1,Kids' TV,21,March,2019
s1012,Movie,Bob Lazar: Area 51 & Flying Saucers,United States,TV-MA,97,Documentaries,18,June,2019
s1013,TV Show,Bob Ross: Beauty Is Everywhere,Unknown,TV-G,1,TV Shows,1,June,2016
s1014,Movie,Bob's Broken Sleigh,Canada,TV-G,47,Children & Family Movies,17,December,2015
s1015,Movie,Bobbi Jene,"Denmark, Sweden, Israel, United States",TV-MA,99,Documentaries,1,June,2018
s1016,Movie,Bobbleheads The Movie,United States,PG,83,"Children & Family Movies, Comedies",8,December,2020
s1017,Movie,Bobby,India,TV-14,168,"Classic Movies, Dramas, International Movies",31,December,2019
s1018,Movie,Bobby Jasoos,India,TV-14,116,"Comedies, Dramas, International Movies",31,December,2020
s1019,TV Show,Bobby Kennedy for President,Unknown,TV-MA,1,Docuseries,27,April,2018
s1020,Movie,Bobby Robson: More Than a Manager,United Kingdom,TV-14,99,"Documentaries, International Movies, Sports Movies",1,December,2018
s1021,Movie,Bobby Sands: 66 Days,"Ireland, United Kingdom",TV-14,106,Documentaries,28,September,2017
s1022,TV Show,Boca Juniors Confidential,Unknown,TV-PG,1,"Docuseries, International TV Shows, Spanish-Language TV Shows",14,September,2018
s1023,Movie,Bodyguard,India,TV-14,130,"Action & Adventure, Comedies, International Movies",19,November,2020
s1024,Movie,Bogda,India,TV-PG,161,"Dramas, International Movies",16,July,2019
s1025,Movie,Boi,Spain,TV-MA,111,"Dramas, Independent Movies, International Movies",26,July,2019
s1026,TV Show,BoJack Horseman,United States,TV-MA,6,TV Comedies,25,October,2019
s1027,Movie,BoJack Horseman Christmas Special: Sabrina's Christmas Wish,United States,TV-MA,26,Movies,19,December,2014
s1028,Movie,Bokeh,"United States, Iceland",TV-14,92,"Dramas, Independent Movies, Sci-Fi & Fantasy",22,June,2017
s1029,TV Show,Bolívar,Colombia,TV-MA,1,"International TV Shows, Romantic TV Shows, Spanish-Language TV Shows",21,June,2019
s1030,Movie,Bollywood Calling,India,TV-MA,102,"Comedies, Dramas, International Movies",15,April,2019
s1031,Movie,Bolt,United States,PG,99,"Children & Family Movies, Comedies",22,July,2018
s1032,Movie,Bomb Scared,Spain,TV-MA,89,"Comedies, Independent Movies, International Movies",12,October,2017
s1033,Movie,Bombairiya,"United Arab Emirates, United Kingdom, India",TV-MA,108,"Comedies, Dramas, International Movies",15,March,2019
s1034,Movie,Bombay Talkies,India,TV-MA,123,"Dramas, International Movies",5,July,2020
s1035,Movie,Bombshell,New Zealand,TV-MA,86,Dramas,1,October,2016
s1036,Movie,Bombshell: The Hedy Lamarr Story,United States,TV-14,89,Documentaries,31,May,2018
s1037,Movie,Bon Bini Holland,Netherlands,TV-MA,88,"Comedies, International Movies",1,September,2016
s1038,Movie,Bon Cop Bad Cop 2,Canada,TV-MA,126,"Action & Adventure, Comedies, International Movies",11,November,2017
s1039,Movie,"Bon Cop, Bad Cop",Canada,TV-MA,117,"Action & Adventure, Comedies, International Movies",15,March,2017
s1040,TV Show,Bondi Rescue,Australia,TV-PG,1,Reality TV,1,November,2019
s1041,TV Show,BONDING,United States,TV-MA,1,"TV Comedies, TV Dramas",22,September,2019
s1042,Movie,Bonnie and Clyde,United States,R,111,"Action & Adventure, Classic Movies, Dramas",1,January,2021
s1043,TV Show,Bonus Family,Sweden,TV-MA,3,"International TV Shows, TV Dramas",12,July,2019
s1044,TV Show,Booba,Russia,TV-Y7,3,"Kids' TV, TV Comedies",16,January,2020
s1045,TV Show,Bookmarks,United States,TV-Y,1,Kids' TV,1,September,2020
s1046,Movie,Boom,India,TV-MA,79,"Action & Adventure, Dramas, International Movies",1,March,2018
s1047,TV Show,Border Patrol,Unknown,TV-PG,1,Reality TV,2,October,2019
s1048,TV Show,Border Security: America's Front Line,Canada,TV-14,1,"Crime TV Shows, International TV Shows, Reality TV",1,January,2020
s1049,TV Show,Borderline,United Kingdom,TV-14,2,"British TV Shows, TV Comedies",2,December,2017
s1050,TV Show,Borderliner,"Norway, Germany, Sweden",TV-MA,1,"Crime TV Shows, International TV Shows, TV Dramas",6,March,2018
s1051,TV Show,Bordertown,"Finland, France",TV-MA,3,"Crime TV Shows, International TV Shows, TV Dramas",11,May,2020
s1052,TV Show,Borgen,Denmark,TV-MA,3,"International TV Shows, TV Dramas",1,September,2020
s1053,TV Show,Borges,Brazil,TV-MA,1,"International TV Shows, TV Comedies",25,June,2018
s1054,Movie,Born Beautiful,Philippines,TV-MA,96,"Comedies, Dramas, International Movies",8,April,2020
s1055,Movie,Born in Gaza,Spain,TV-14,70,"Documentaries, International Movies",17,May,2019
s1056,Movie,Born in Syria,"Denmark, Spain",TV-14,87,"Documentaries, International Movies",17,May,2019
s1057,Movie,Born Racer,New Zealand,R,89,"Documentaries, Sports Movies",8,July,2020
s1058,Movie,Born Strong,United States,TV-MA,86,"Documentaries, Sports Movies",31,December,2017
s1059,Movie,Born to Be Free,"United Kingdom, Russia",TV-14,74,"Documentaries, International Movies",1,April,2017
s1060,Movie,Boss,India,TV-14,139,"Action & Adventure, Comedies, Dramas",5,July,2020
s1061,Movie,Bosta,Lebanon,TV-14,112,"Dramas, International Movies, Music & Musicals",19,October,2020
s1062,TV Show,Botched Up Bodies,United Kingdom,TV-MA,1,"British TV Shows, Docuseries, International TV Shows",2,October,2019
s1063,TV Show,Bottersnikes & Gumbles,"United States, United Kingdom, Australia",TV-Y7,2,"British TV Shows, Kids' TV",24,March,2017
s1064,Movie,Bottom of the World,"Canada, United States",TV-MA,84,"Dramas, Independent Movies, Thrillers",28,May,2020
s1065,TV Show,Bountiful Blessings,Singapore,TV-14,1,"International TV Shows, TV Dramas, TV Sci-Fi & Fantasy",1,August,2017
s1066,Movie,Boushkash,Egypt,TV-MA,100,"Comedies, International Movies",28,April,2020
s1067,Movie,Boy and the World,Brazil,PG,80,Children & Family Movies,1,October,2017
s1068,Movie,Boy Bye,United States,TV-MA,86,"Comedies, Romantic Movies",2,April,2019
s1069,Movie,Boy Missing,Spain,TV-MA,105,"International Movies, Thrillers",19,February,2017
s1070,Movie,Boyka: Undisputed,"Bulgaria, United States",R,90,Action & Adventure,1,August,2019
s1071,TV Show,Boys Over Flowers,South Korea,TV-14,1,"International TV Shows, Korean TV Shows, Romantic TV Shows",16,May,2020
s1072,Movie,Brad Paisley's Comedy Rodeo,United States,TV-MA,63,Stand-Up Comedy,15,August,2017
s1073,Movie,Brahman Naman,"India, United Kingdom",TV-MA,96,"Comedies, Independent Movies, International Movies",6,July,2016
s1074,TV Show,Brain Games,United States,TV-G,3,"Docuseries, Science & Nature TV",15,March,2019
s1075,Movie,Brain on Fire,"United States, Canada, Ireland",PG-13,89,"Dramas, Independent Movies, International Movies",22,June,2018
s1076,TV Show,Brainchild,Unknown,TV-G,1,Kids' TV,2,November,2018
s1077,Movie,Brampton's Own,United States,TV-MA,90,"Dramas, Romantic Movies, Sports Movies",19,April,2019
s1078,Movie,Bratz: The Movie,United States,PG,102,"Children & Family Movies, Comedies",29,June,2020
s1079,Movie,Brave Blue World: Racing to Solve Our Water Crisis,"Canada, United Kingdom",TV-PG,51,"Documentaries, International Movies",21,October,2020
s1080,TV Show,Brave Miss World,"United States, Israel, Italy, South Africa",TV-14,1,"Crime TV Shows, Docuseries",17,February,2018
s1081,Movie,Brave New Jersey,United States,TV-MA,92,"Comedies, Independent Movies",15,December,2017
s1082,Movie,Braven,Canada,R,94,Action & Adventure,17,December,2020
s1083,TV Show,Braxton Family Values,United States,TV-PG,2,Reality TV,15,February,2020
s1084,TV Show,Bread Barbershop,Unknown,TV-Y,1,"Kids' TV, TV Comedies",15,August,2020
s1085,Movie,Break,"France, Belgium",TV-MA,96,"Comedies, Dramas, International Movies",3,December,2020
s1086,TV Show,BREAK IT ALL: The History of Rock in Latin America,Unknown,TV-MA,1,"Docuseries, Spanish-Language TV Shows",16,December,2020
s1087,Movie,Break Ke Baad,India,TV-14,108,"Comedies, International Movies, Music & Musicals",19,November,2020
s1088,Movie,Break Up 100,Hong Kong,TV-14,105,"Comedies, International Movies, Romantic Movies",1,December,2018
s1089,TV Show,"Breakfast, Lunch & Dinner",United States,TV-MA,1,Docuseries,23,October,2019
s1090,TV Show,Breaking Bad,United States,TV-MA,5,"Crime TV Shows, TV Dramas, TV Thrillers",2,August,2013
s1091,Movie,Breaking Free,India,TV-MA,81,"Documentaries, International Movies, LGBTQ Movies",15,December,2017
s1092,Movie,Breaking the Bank,United Kingdom,TV-PG,105,"Comedies, International Movies",1,January,2020
s1093,TV Show,Breakout,Unknown,TV-14,1,"International TV Shows, TV Dramas",1,July,2017
s1094,Movie,Breath,Australia,TV-MA,116,"Dramas, Sports Movies",5,December,2018
s1095,Movie,Brené Brown: The Call to Courage,Unknown,TV-14,77,Documentaries,19,April,2019
s1096,TV Show,Brews Brothers,United States,TV-MA,1,TV Comedies,10,April,2020
s1097,Movie,Brian Regan: Nunchucks and Flamethrowers,United States,TV-PG,61,Stand-Up Comedy,21,November,2017
s1098,Movie,Brick,United States,R,110,"Independent Movies, Thrillers",1,September,2018
s1099,Movie,Bride For Rent,Philippines,TV-PG,110,"Comedies, International Movies, Romantic Movies",27,February,2019
s1100,Movie,Bridezilla,Indonesia,TV-MA,94,"Comedies, Dramas, International Movies",24,December,2020
s1101,TV Show,Bridgerton,United States,TV-MA,1,"Romantic TV Shows, TV Dramas",25,December,2020
s1102,Movie,Bridget Christie: Stand Up for Her,United Kingdom,TV-MA,51,Stand-Up Comedy,31,March,2017
s1103,Movie,Bright,United States,TV-MA,118,"Action & Adventure, Sci-Fi & Fantasy",22,December,2017
s1104,TV Show,Bright: The Music Videos,Unknown,TV-MA,1,TV Shows,23,November,2017
s1105,Movie,Brij Mohan Amar Rahe,India,TV-MA,100,"Comedies, Dramas, International Movies",4,August,2018
s1106,TV Show,"Bring It On, Ghost",South Korea,TV-14,1,"International TV Shows, Korean TV Shows, Romantic TV Shows",30,October,2019
s1107,Movie,Bring It On: Worldwide Showdown,United States,PG-13,95,Comedies,29,August,2017
s1108,TV Show,Bringing Sexy Back,Unknown,TV-14,1,"International TV Shows, Reality TV",2,October,2019
s1109,TV Show,Broadchurch,United Kingdom,TV-MA,3,"British TV Shows, Crime TV Shows, International TV Shows",27,November,2017
s1110,TV Show,Broken,United States,TV-14,1,Docuseries,27,November,2019
s1111,TV Show,Bromance,Taiwan,TV-PG,1,"International TV Shows, Romantic TV Shows, TV Comedies",1,December,2016
s1112,Movie,Brooklyn's Finest,United States,R,133,"Dramas, Thrillers",1,October,2018
s1113,Movie,Brother,France,TV-MA,97,"Dramas, Independent Movies, International Movies",22,November,2019
s1114,Movie,Brother in Love,Turkey,TV-MA,110,"Comedies, International Movies, Romantic Movies",4,October,2019
s1115,Movie,Brother's Shadow,United States,TV-MA,90,"Dramas, Independent Movies",1,September,2017
s1116,TV Show,Brotherhood,Brazil,TV-MA,1,"Crime TV Shows, International TV Shows, TV Dramas",25,October,2019
s1117,Movie,Brotherhood of Blades II: The Infernal Battlefield,China,TV-MA,120,"Action & Adventure, International Movies",28,November,2018
s1118,Movie,Brothers,"India, United States",TV-14,155,"Action & Adventure, Dramas, International Movies",1,April,2020
s1119,TV Show,Brown Nation,United States,TV-14,1,TV Comedies,15,November,2016
s1120,Movie,Bruno and Boots: Go Jump in the Pool,Canada,TV-PG,91,"Children & Family Movies, Comedies",24,June,2017
s1121,Movie,Bruno and Boots: The Wizzle War,Canada,TV-PG,90,"Children & Family Movies, Comedies",1,July,2017
s1122,Movie,Bruno and Boots: This Can't Be Happening at Macdonald Hall,Canada,TV-PG,90,"Children & Family Movies, Comedies",24,June,2017
s1123,Movie,Bucket List,India,TV-14,129,"Dramas, International Movies",5,November,2018
s1124,Movie,Budapest,"France, Belgium",TV-MA,103,"Comedies, International Movies",1,March,2019
s1125,TV Show,Buddha,Unknown,TV-PG,1,"International TV Shows, TV Dramas",1,April,2018
s1126,TV Show,Buddi,"United Kingdom, China",TV-Y,2,"British TV Shows, Kids' TV",11,September,2020
s1127,Movie,Buddies,Brazil,TV-MA,103,"Comedies, Dramas, Independent Movies",15,February,2019
s1128,TV Show,Buddy Thunderstruck,United States,TV-Y7,1,"Kids' TV, TV Comedies",10,March,2017
s1129,Movie,Buddy Thunderstruck: The Maybe Pile,United States,TV-Y7,14,Movies,14,July,2017
s1130,Movie,Budhia Singh: Born to Run,India,TV-MA,95,"Dramas, Independent Movies, International Movies",5,July,2020
s1131,Movie,Buffalo Boys,"Indonesia, Singapore",TV-MA,103,"Action & Adventure, International Movies",12,April,2019
s1132,Movie,Bugs,"Netherlands, Denmark, France, Germany",TV-G,73,"Documentaries, International Movies",20,February,2018
s1133,Movie,Bulbbul,India,TV-MA,94,"Horror Movies, International Movies",24,June,2020
s1134,Movie,Bulbul Can Sing,India,TV-14,95,"Dramas, Independent Movies, International Movies",15,January,2020
s1135,Movie,Bullet Head,"Bulgaria, United States",R,94,"International Movies, Thrillers",7,March,2018
s1136,Movie,Bulletproof 2,United States,TV-MA,97,"Action & Adventure, Comedies",9,January,2020
s1137,Movie,Bullitt County,United States,TV-MA,98,"Independent Movies, Thrillers",1,June,2019
s1138,Movie,Bully,United States,PG-13,98,Documentaries,29,September,2020
s1139,TV Show,Bumping Mics with Jeff Ross & Dave Attell,United States,TV-MA,1,"Stand-Up Comedy & Talk Shows, TV Comedies",27,November,2018
s1140,TV Show,Bunk'd,United States,TV-G,4,"Kids' TV, TV Comedies",24,August,2020
s1141,TV Show,"Bure Kaam Bura Natija, Kyun Bhai Chacha Haan Bhatija",Unknown,TV-PG,1,Kids' TV,31,March,2018
s1142,Movie,Burlesque,United States,PG-13,119,"Dramas, Romantic Movies",16,December,2019
s1143,Movie,Burlesque: Heart of the Glitter Tribe,United States,TV-MA,76,Documentaries,1,June,2017
s1144,Movie,Burn Out,"France, Belgium",TV-MA,104,"Action & Adventure, International Movies",15,March,2019
s1145,TV Show,Burned Cocoon,Turkey,TV-MA,1,"International TV Shows, TV Dramas",1,April,2017
s1146,Movie,Burning,"South Korea, Japan",TV-MA,148,"Dramas, Independent Movies, International Movies",29,April,2019
s1147,Movie,Burning Cane,United States,TV-MA,78,Dramas,6,November,2019
s1148,Movie,Burning Sands,United States,TV-MA,102,"Dramas, Independent Movies",10,March,2017
s1149,TV Show,Burnistoun,United Kingdom,TV-MA,2,"British TV Shows, TV Comedies",1,October,2019
s1150,Movie,Bushwick,United States,TV-MA,94,"Action & Adventure, Independent Movies",24,November,2017
s1151,TV Show,Busted!,South Korea,TV-14,2,"Crime TV Shows, International TV Shows, Korean TV Shows",8,November,2019
s1152,Movie,Buster's Mal Heart,United States,TV-MA,98,"Independent Movies, Thrillers",26,August,2017
s1153,Movie,Butterfield 8,United States,TV-14,108,"Classic Movies, Dramas, Romantic Movies",1,November,2019
s1154,Movie,BuyBust,Philippines,TV-MA,128,"Action & Adventure, International Movies",13,November,2018
s1155,Movie,Bwakaw,"Philippines, Canada, United Kingdom, United States",TV-MA,110,"Dramas, International Movies, LGBTQ Movies",16,December,2020
s1156,Movie,By the Sea,"France, Malta, United States",R,122,"Dramas, Romantic Movies",16,February,2020
s1157,Movie,Bye Bye London,Kuwait,TV-14,177,"Comedies, Dramas, International Movies",21,May,2020
s1158,Movie,Bygones Be Bygones,Turkey,TV-MA,104,"Comedies, International Movies, Romantic Movies",11,October,2019
s1159,Movie,Bypass Road,India,TV-14,135,"International Movies, Thrillers",15,March,2020
s1160,Movie,C Kkompany,India,TV-14,127,"Action & Adventure, Comedies, International Movies",31,May,2019
s1161,Movie,Cézanne et moi,"Belgium, France",R,114,"Dramas, Independent Movies, International Movies",7,September,2017
s1162,Movie,Cabin Fever,United States,R,98,"Horror Movies, Thrillers",6,June,2019
s1163,TV Show,Cabins in the Wild with Dick Strawbridge,United Kingdom,TV-PG,1,"British TV Shows, International TV Shows, Reality TV",15,September,2018
s1164,TV Show,Cable Girls,Spain,TV-MA,6,"International TV Shows, Romantic TV Shows, Spanish-Language TV Shows",3,July,2020
s1165,Movie,Cadaver,Norway,TV-MA,87,"Horror Movies, International Movies",22,October,2020
s1166,TV Show,Cagaster of an Insect Cage,Japan,TV-MA,1,"Anime Series, International TV Shows",6,February,2020
s1167,Movie,Cahaya Dari Timur Beta Maluku,Indonesia,TV-14,151,"Dramas, International Movies, Sports Movies",5,October,2018
s1168,Movie,Caida del Cielo,Argentina,TV-MA,78,"Comedies, International Movies, Romantic Movies",20,January,2017
s1169,TV Show,Cain and Abel,South Korea,TV-MA,1,"International TV Shows, Korean TV Shows, Romantic TV Shows",12,March,2019
s1170,Movie,Cairo Station,Egypt,TV-14,73,"Classic Movies, Dramas, International Movies",18,June,2020
s1171,Movie,Cake,"United Kingdom, Pakistan",TV-MA,125,"Comedies, Dramas, International Movies",15,May,2019
s1172,Movie,Calendar Girls,India,TV-14,126,"Dramas, International Movies",15,October,2017
s1173,Movie,Calibre,United Kingdom,TV-MA,101,"Dramas, International Movies, Thrillers",29,June,2018
s1174,TV Show,Calico Critters,Unknown,TV-Y,1,Kids' TV,1,November,2018
s1175,TV Show,Calico Critters Mini Episodes Clover,Unknown,TV-Y,1,Kids' TV,1,March,2020
s1176,Movie,Calico Critters: A Town of Dreams,Unknown,TV-Y,11,Children & Family Movies,1,November,2018
s1177,Movie,Calico Critters: Everyone's Big Dream Flying in the Sky,Unknown,TV-Y,11,Children & Family Movies,1,March,2020
s1178,Movie,Calico Critters: The Treasure of Calico Village,Unknown,TV-Y,22,Children & Family Movies,1,November,2018
s1179,TV Show,Caliphate,Sweden,TV-MA,1,"International TV Shows, TV Dramas",18,March,2020
s1180,TV Show,Call Me Francis,Italy,TV-14,1,"International TV Shows, Spanish-Language TV Shows, TV Dramas",16,December,2016
s1181,TV Show,Call My Agent!,France,TV-MA,3,"International TV Shows, TV Comedies, TV Dramas",4,January,2019
s1182,TV Show,Call the Midwife,United Kingdom,TV-MA,9,"British TV Shows, International TV Shows, TV Dramas",15,September,2020
s1183,Movie,Calum von Moger: Unbroken,United States,TV-MA,93,"Documentaries, Sports Movies",13,August,2019
s1184,Movie,Cam,United States,TV-MA,95,"Horror Movies, Independent Movies, Thrillers",16,November,2018
s1185,TV Show,Camarón Revolution,Unknown,TV-14,1,"Docuseries, International TV Shows, Spanish-Language TV Shows",18,July,2018
s1186,Movie,Camarón: The Film,Spain,TV-14,105,"Documentaries, International Movies, Music & Musicals",18,July,2018
s1187,TV Show,Camelia la Texana,"Mexico, United States",TV-14,1,"Crime TV Shows, Romantic TV Shows, Spanish-Language TV Shows",1,February,2017
s1188,Movie,Camera Store,United States,TV-MA,104,"Comedies, Dramas",20,August,2017
s1189,Movie,Camp Cool Kids,United States,TV-G,104,"Children & Family Movies, Comedies, Dramas",1,January,2018
s1190,TV Show,Camp X,Canada,TV-MA,1,Docuseries,1,February,2019
s1191,Movie,Camp X-Ray,United States,R,117,"Dramas, Independent Movies",14,January,2017
s1192,TV Show,Can We Get Married?,South Korea,TV-14,1,"International TV Shows, Korean TV Shows, Romantic TV Shows",22,May,2017
s1193,TV Show,Can You Hear Me?,Canada,TV-MA,2,"International TV Shows, TV Comedies, TV Dramas",2,November,2020
s1194,TV Show,"Can't Cope, Won't Cope",Ireland,TV-MA,2,"TV Comedies, TV Dramas",28,May,2020
s1195,Movie,Can't Hardly Wait,United States,PG-13,101,"Comedies, Romantic Movies",1,January,2021
s1196,Movie,Can't Help Falling in Love,Philippines,TV-14,120,"Comedies, Dramas, International Movies",27,February,2019
s1197,Movie,Can’t Complain,Egypt,TV-MA,114,"Comedies, International Movies, Romantic Movies",3,June,2020
s1198,Movie,Candy Jar,United States,TV-14,93,"Children & Family Movies, Dramas, Romantic Movies",27,April,2018
s1199,TV Show,Candy Online,Taiwan,TV-MA,1,"International TV Shows, TV Dramas, Teen TV Shows",17,November,2019
s1200,Movie,Candyflip,India,TV-MA,104,"Dramas, Independent Movies, International Movies",15,February,2019
s1201,Movie,Candyman,"United States, United Kingdom",R,99,"Cult Movies, Horror Movies",1,October,2019
s1202,TV Show,Cannabis,France,TV-MA,1,"Crime TV Shows, International TV Shows, TV Dramas",15,December,2016
s1203,TV Show,Cannon Busters,"United States, Japan",TV-MA,1,"Anime Series, International TV Shows",15,August,2019
s1204,Movie,Canvas,United States,G,9,"Children & Family Movies, Dramas",11,December,2020
s1205,Movie,Capital in the Twenty-First Century,"France, New Zealand",TV-14,103,Documentaries,8,September,2020
s1206,Movie,Cappuccino,India,TV-PG,126,"Comedies, Dramas, International Movies",1,July,2018
s1207,Movie,Captain Underpants Epic Choice-o-Rama,United States,TV-Y7,81,"Children & Family Movies, Comedies",11,February,2020
s1208,Movie,Captain Underpants Mega Blissmas,United States,TV-Y7,46,"Children & Family Movies, Comedies",4,December,2020
s1209,TV Show,Captive,United Kingdom,TV-MA,1,"Crime TV Shows, Docuseries",9,December,2016
s1210,TV Show,Car Masters: Rust to Riches,Unknown,TV-PG,2,Reality TV,27,March,2020
s1211,Movie,Carbon,"France, Belgium",TV-MA,104,"Dramas, International Movies, Thrillers",1,September,2018
s1212,Movie,Cardboard Gangsters,Ireland,TV-MA,92,"Dramas, International Movies",15,September,2018
s1213,TV Show,Cardcaptor Sakura,Japan,TV-Y7,2,"Anime Series, International TV Shows",1,June,2020
s1214,TV Show,Care Bears & Cousins,United States,TV-Y,2,Kids' TV,5,February,2016
s1215,TV Show,Care Bears: Welcome to Care-a-Lot,United States,TV-Y,1,Kids' TV,2,August,2019
s1216,Movie,Care of Kancharapalem,India,TV-14,142,"Comedies, Dramas, Independent Movies",6,September,2019
s1217,Movie,Caregiver,Philippines,TV-14,131,"Dramas, International Movies",5,March,2019
s1218,Movie,Cargo,India,TV-14,113,"Comedies, Dramas, Independent Movies",9,September,2020
s1219,Movie,Carlos Almaraz: Playing with Fire,United States,TV-14,83,"Documentaries, LGBTQ Movies",1,October,2020
s1220,Movie,Carlos Ballarta: El amor es de putos,Mexico,TV-MA,67,Stand-Up Comedy,21,November,2016
s1221,Movie,Carlos Ballarta: Furia Ñera,Mexico,TV-MA,63,Stand-Up Comedy,11,May,2018
s1222,TV Show,Carmel: Who Killed Maria Marta?,Argentina,TV-14,1,"Crime TV Shows, Docuseries, International TV Shows",5,November,2020
s1223,TV Show,Carmen Sandiego,United States,TV-Y7,4,"Kids' TV, TV Thrillers",15,January,2021
s1224,Movie,Carmen Sandiego: To Steal or Not to Steal,"Canada, United States",TV-Y7,82,Children & Family Movies,10,March,2020
s1225,Movie,Carol,"United Kingdom, United States, Australia",R,119,"Dramas, LGBTQ Movies, Romantic Movies",20,October,2020
s1226,TV Show,CAROLE & TUESDAY,Japan,TV-MA,2,"Anime Series, International TV Shows, Teen TV Shows",24,December,2019
s1227,Movie,Carrie,United States,R,98,"Classic Movies, Cult Movies, Horror Movies",1,June,2019
s1228,Movie,Carrie Pilby,United States,TV-MA,98,"Comedies, Dramas",5,September,2017
s1229,Movie,Carriers,United States,PG-13,85,"Horror Movies, Sci-Fi & Fantasy, Thrillers",20,November,2019
s1230,Movie,Casa de mi Padre,"United States, Mexico",R,84,Comedies,14,November,2012
s1231,Movie,Casablancas: The Man Who Loved Women,France,TV-14,82,"Documentaries, International Movies",13,January,2017
s1232,TV Show,Case,Iceland,TV-MA,1,"Crime TV Shows, International TV Shows, TV Dramas",9,November,2016
s1233,Movie,Case 39,"United States, Canada",R,111,"Horror Movies, Thrillers",1,January,2021
s1234,TV Show,Case Closed,Japan,TV-14,1,"Anime Series, Crime TV Shows, TV Thrillers",4,January,2019
s1235,Movie,Casino Royale,"United Kingdom, Czech Republic, United States, Germany, Bahamas",PG-13,145,Action & Adventure,31,August,2020
s1236,Movie,Casino Tycoon,Hong Kong,TV-MA,125,"Action & Adventure, Dramas, International Movies",1,August,2018
s1237,Movie,Casino Tycoon 2,Hong Kong,TV-MA,108,"Action & Adventure, Dramas, International Movies",16,August,2018
s1238,Movie,Casting JonBenet,"United States, Australia, China",TV-14,81,Documentaries,28,April,2017
s1239,TV Show,Castle and Castle,Nigeria,TV-MA,1,"International TV Shows, TV Dramas",14,February,2020
s1240,TV Show,Castle of Stars,Unknown,TV-MA,1,"International TV Shows, Romantic TV Shows, TV Comedies",7,September,2018
s1241,TV Show,Castlevania,United States,TV-MA,3,"Anime Series, TV Horror, TV Thrillers",5,March,2020
s1242,Movie,Cat on a Hot Tin Roof,United States,NR,108,"Classic Movies, Dramas",1,November,2019
s1243,Movie,Catch Me If You Can,"United States, Canada",PG-13,141,Dramas,1,January,2021
s1244,Movie,Catching Feelings,South Africa,TV-MA,117,"Comedies, International Movies, Romantic Movies",18,May,2018
s1245,Movie,Catching the Sun,"China, Germany, India, United States",TV-14,74,Documentaries,22,April,2016
s1246,Movie,Catfight,United States,TV-MA,96,"Comedies, Independent Movies",1,June,2017
s1247,TV Show,Cathedral of the Sea,Spain,TV-MA,1,"International TV Shows, Spanish-Language TV Shows, TV Dramas",31,August,2018
s1248,Movie,Cats & Dogs: The Revenge of Kitty Galore,"United States, Australia",PG,82,"Children & Family Movies, Comedies",1,February,2019
s1249,Movie,Catwalk: Tales from the Cat Show Circuit,Canada,TV-PG,75,"Documentaries, International Movies",7,January,2019
s1250,TV Show,Caught on Camera,United Kingdom,TV-MA,3,"British TV Shows, Crime TV Shows, Docuseries",15,August,2016
s1251,Movie,Cave,Norway,TV-MA,77,"Action & Adventure, International Movies, Thrillers",15,June,2017
s1252,Movie,Cedric the Entertainer: Live from the Ville,United States,TV-MA,60,Stand-Up Comedy,16,September,2016
s1253,Movie,Celebrity Marriage,Unknown,TV-PG,107,"Dramas, International Movies",6,December,2019
s1254,TV Show,Cells at Work!,Japan,TV-PG,1,"Anime Series, Teen TV Shows",1,January,2020
s1255,Movie,Celluloid Man,India,TV-PG,156,"Documentaries, International Movies",1,April,2017
s1256,Movie,Cemara's Family,Indonesia,TV-G,110,"Children & Family Movies, Dramas, International Movies",24,December,2020
s1257,Movie,Center Stage,United States,PG-13,116,Dramas,1,January,2020
s1258,Movie,Chaahat,India,TV-14,148,"Dramas, International Movies, Romantic Movies",1,May,2017
s1259,Movie,Chaar Sahibzaade,India,TV-PG,126,"Dramas, Faith & Spirituality, International Movies",1,November,2018
s1260,Movie,Chadi Jawani Budhe Nu,India,TV-PG,135,"Comedies, International Movies, Romantic Movies",1,September,2017
s1261,Movie,Chal Bhaag,India,TV-14,110,"Comedies, Dramas, International Movies",1,December,2018
s1262,Movie,Chal Dhar Pakad,India,TV-14,129,"Comedies, Dramas, International Movies",15,March,2018
s1263,Movie,Chal Mere Bhai,India,TV-14,132,"Comedies, International Movies, Romantic Movies",31,December,2019
s1264,Movie,Chalay Thay Saath,Pakistan,TV-14,118,"Comedies, Dramas, International Movies",15,May,2018
s1265,TV Show,Challenger,United States,TV-14,1,"Docuseries, Science & Nature TV",16,September,2020
s1266,Movie,Chalte Chalte,India,TV-14,166,"Dramas, International Movies, Romantic Movies",1,July,2018
s1267,Movie,Chaman Bahaar,India,TV-MA,112,"Comedies, Dramas, International Movies",19,June,2020
s1268,Movie,Chamatkar,India,TV-14,164,"Comedies, International Movies, Sci-Fi & Fantasy",15,May,2017
s1269,TV Show,Chambers,United States,TV-MA,1,"TV Horror, TV Mysteries, Teen TV Shows",26,April,2019
s1270,Movie,Chameli,India,TV-14,102,"Dramas, International Movies",15,February,2019
s1271,TV Show,Champions,United States,TV-14,1,TV Comedies,8,March,2019
s1272,Movie,Chance Pe Dance,India,TV-14,121,"Comedies, Dramas, International Movies",1,November,2018
s1273,Movie,Chandani: The Daughter of the Elephant Whisperer,"Germany, Sri Lanka",TV-G,87,"Documentaries, International Movies",1,March,2017
s1274,Movie,Change in the Air,United States,PG,95,Dramas,1,March,2020
s1275,Movie,Chaotic Love Poems,Indonesia,TV-14,86,"Dramas, International Movies, Romantic Movies",5,January,2019
s1276,Movie,Chappaquiddick,"United States, Sweden",PG-13,106,Dramas,1,October,2018
s1277,Movie,Chappie,"South Africa, United States",R,121,"Action & Adventure, Sci-Fi & Fantasy",1,January,2019
s1278,TV Show,Charité,Germany,TV-MA,1,"International TV Shows, TV Dramas",19,April,2018
s1279,TV Show,Charité at War,Unknown,TV-MA,1,"International TV Shows, TV Dramas",15,June,2019
s1280,Movie,Charlie and the Chocolate Factory,"United Kingdom, United States",PG,115,"Children & Family Movies, Comedies",1,January,2020
s1281,Movie,Charlie's Angels,"United States, Germany",PG-13,98,"Action & Adventure, Comedies",1,October,2019
s1282,Movie,Charlie's Angels: Full Throttle,United States,PG-13,106,"Action & Adventure, Comedies",1,October,2019
s1283,TV Show,Charlie's Colorforms City,United States,TV-Y,1,Kids' TV,22,March,2019
s1284,Movie,Charlotte's Web,United States,G,94,"Children & Family Movies, Classic Movies",23,November,2019
s1285,TV Show,Charmed,United States,TV-14,2,"TV Dramas, TV Sci-Fi & Fantasy",9,May,2020
s1286,Movie,Charming,"Canada, United States, Cayman Islands",TV-Y7,85,"Children & Family Movies, Comedies",8,January,2021
s1287,Movie,Chashme Baddoor,India,TV-14,121,"Comedies, International Movies, Music & Musicals",5,July,2020
s1288,Movie,Chashme Buddoor,India,TV-PG,121,"Comedies, International Movies, Music & Musicals",1,May,2017
s1289,Movie,Chasing Amy,United States,R,113,"Comedies, Cult Movies, Dramas",1,January,2020
s1290,TV Show,Chasing Cameron,United States,TV-14,1,"Reality TV, Teen TV Shows",27,December,2016
s1291,Movie,Chasing Coral,United States,TV-PG,89,Documentaries,14,July,2017
s1292,TV Show,Chasing Monsters,Canada,TV-PG,2,"Docuseries, Reality TV, Science & Nature TV",15,December,2017
s1293,Movie,Chasing the Dragon,"Hong Kong, China",TV-MA,129,"Action & Adventure, Dramas, International Movies",19,April,2018
s1294,Movie,Chasing Trane,United States,TV-PG,99,"Documentaries, Music & Musicals",13,November,2017
s1295,Movie,Chatô: The King of Brazil,Brazil,TV-MA,105,"Dramas, International Movies",1,October,2016
s1296,Movie,Chauthi Koot,"India, France",TV-14,116,"Dramas, Independent Movies, International Movies",1,February,2017
s1297,TV Show,Cheapest Weddings,Australia,TV-14,1,"International TV Shows, Reality TV",1,December,2017
s1298,TV Show,Check The Store Next Door: The Next Chapter,Indonesia,TV-14,2,"International TV Shows, TV Comedies, TV Dramas",2,December,2020
s1299,TV Show,Cheer,United States,TV-MA,1,"Docuseries, Reality TV, Teen TV Shows",8,January,2020
s1300,TV Show,Cheer Squad,United States,TV-PG,1,"Reality TV, Teen TV Shows",14,March,2017
s1301,TV Show,Cheers,United States,TV-PG,11,"Classic & Cult TV, TV Comedies",1,July,2017
s1302,TV Show,Cheese in the Trap,South Korea,TV-14,1,"International TV Shows, Korean TV Shows, Romantic TV Shows",1,October,2019
s1303,Movie,Chef,United States,R,115,"Comedies, Independent Movies",1,December,2020
s1304,TV Show,Chef & My Fridge,South Korea,TV-PG,2,"International TV Shows, Korean TV Shows, Reality TV",4,August,2017
s1305,TV Show,Chef's Table,United States,TV-MA,6,"Docuseries, Reality TV",22,February,2019
s1306,TV Show,Chef's Table: BBQ,United States,TV-14,1,"Docuseries, Reality TV",2,September,2020
s1307,TV Show,Chef's Table: France,Unknown,TV-14,1,Docuseries,2,September,2016
s1308,TV Show,Chelsea,United States,TV-MA,2,"Stand-Up Comedy & Talk Shows, TV Comedies",14,April,2017
s1309,TV Show,Chelsea Does,United States,TV-MA,1,"Docuseries, Science & Nature TV",23,January,2016
s1310,Movie,Chelsea Handler: Uganda Be Kidding Me Live,United States,TV-MA,71,Stand-Up Comedy,10,October,2014
s1311,Movie,Chelsea Peretti: One of the Greats,United States,TV-MA,75,Stand-Up Comedy,14,November,2014
s1312,Movie,Chennai Express,India,TV-14,135,"Action & Adventure, Comedies, International Movies",31,August,2018
s1313,Movie,Chernobyl Diaries,United States,R,88,"Horror Movies, Thrillers",1,August,2018
s1314,TV Show,Cheuk Wan-Chi: Two Night Stand,Unknown,TV-MA,1,"International TV Shows, Stand-Up Comedy & Talk Shows, TV Comedies",15,December,2017
s1315,TV Show,Chewin' the Fat,United Kingdom,TV-14,1,"British TV Shows, TV Comedies",1,October,2016
s1316,TV Show,Chewing Gum,United Kingdom,TV-MA,2,"British TV Shows, International TV Shows, Romantic TV Shows",4,April,2017
s1317,TV Show,Chhota Bheem,India,TV-Y,1,Kids' TV,11,July,2019
s1318,Movie,Chhota Bheem and the Curse of Damyaan,India,TV-Y7,87,Children & Family Movies,1,April,2020
s1319,Movie,Chhota Bheem Aur Kaala Yodha,Unknown,TV-Y7,63,Movies,10,May,2019
s1320,Movie,Chhota Bheem Ka Romani Adventure,Unknown,TV-Y7,62,Children & Family Movies,10,May,2019
s1321,Movie,Chhota Bheem Ka Troll Se Takkar,Unknown,TV-Y7,62,Movies,10,May,2019
s1322,TV Show,Chhota Bheem Kung Fu Dhamaka Series,Unknown,TV-Y7,1,Kids' TV,1,January,2020
s1323,Movie,Chhota Bheem Kungfu Dhamaka,India,TV-Y7,112,Children & Family Movies,15,August,2019
s1324,TV Show,Chicago Typewriter,South Korea,TV-14,1,"International TV Shows, Korean TV Shows, Romantic TV Shows",1,October,2019
s1325,Movie,Chicken Kokkachi,India,TV-14,113,"Comedies, International Movies",1,July,2018
s1326,Movie,Chicken Little,United States,G,82,"Children & Family Movies, Comedies",16,March,2016
s1327,TV Show,Chicken Soup for the Soul's Being Dad,United States,TV-MA,1,Docuseries,27,August,2018
s1328,Movie,Chico Bon Bon and the Very Berry Holiday,Unknown,TV-Y,25,Children & Family Movies,3,December,2020
s1329,TV Show,Chico Bon Bon: Monkey with a Tool Belt,United States,TV-Y,4,Kids' TV,27,October,2020
s1330,Movie,Chief Daddy,Nigeria,TV-MA,98,"Comedies, Dramas, International Movies",15,March,2019
s1331,TV Show,Chief of Staff,South Korea,TV-14,2,"International TV Shows, Korean TV Shows, TV Dramas",12,November,2019
s1332,Movie,Child's Play,United States,R,87,"Cult Movies, Horror Movies",31,December,2019
s1333,TV Show,Children of Adam,Lebanon,TV-14,1,"International TV Shows, TV Dramas, TV Thrillers",12,December,2020
s1334,Movie,Children of God,United Kingdom,TV-MA,63,Documentaries,1,August,2016
s1335,Movie,Children of the Sea,Japan,TV-PG,112,Anime Features,1,September,2020
s1336,TV Show,Children of the Whales,Japan,TV-14,1,"Anime Series, International TV Shows",13,March,2018
s1337,TV Show,Chill with Bob Ross,Unknown,TV-G,1,TV Shows,1,December,2016
s1338,Movie,Chillar Party,India,TV-PG,127,"Children & Family Movies, Comedies, Dramas",2,August,2018
s1339,TV Show,Chilling Adventures of Sabrina,United States,TV-14,4,"TV Horror, TV Mysteries, TV Sci-Fi & Fantasy",31,December,2020
s1340,Movie,China Salesman,China,TV-MA,111,"Action & Adventure, International Movies",24,September,2018
s1341,Movie,Chingo Bling: They Can't Deport Us All,Unknown,TV-MA,63,Stand-Up Comedy,1,June,2017
s1342,TV Show,Chip and Potato,"United Kingdom, Canada",TV-Y,2,Kids' TV,29,November,2019
s1343,Movie,Chippa,India,TV-14,92,"Comedies, Dramas, Independent Movies",1,June,2020
s1344,Movie,Chittagong,"United States, India, Bangladesh",NR,105,"Dramas, Independent Movies, International Movies",1,January,2018
s1345,Movie,Chitty Chitty Bang Bang,"United Kingdom, United States",G,146,"Children & Family Movies, Classic Movies, Comedies",1,January,2020
s1346,Movie,Chloe,"United States, Canada, France",R,96,"Independent Movies, Thrillers",1,January,2020
s1347,TV Show,Chocolate,South Korea,TV-14,1,"International TV Shows, Korean TV Shows, Romantic TV Shows",30,November,2019
s1348,Movie,Chocolate City: Vegas Strip,United States,TV-MA,90,Dramas,12,August,2017
s1349,Movie,Choked: Paisa Bolta Hai,India,TV-14,114,"Dramas, International Movies",5,June,2020
s1350,Movie,Chopsticks,India,TV-MA,101,"Comedies, Dramas, Independent Movies",31,May,2019
s1351,TV Show,Chosen,China,TV-14,2,"Crime TV Shows, International TV Shows, TV Action & Adventure",17,October,2019
s1352,Movie,Chris Brown: Welcome to My Life,United States,TV-MA,80,"Documentaries, Music & Musicals",7,October,2017
s1353,Movie,Chris D'Elia: Incorrigible,United States,TV-MA,84,Stand-Up Comedy,17,April,2015
s1354,Movie,Chris D'Elia: Man on Fire,United States,TV-MA,66,Stand-Up Comedy,27,June,2017
s1355,Movie,Chris D'Elia: No Pain,United States,TV-MA,55,Stand-Up Comedy,14,April,2020
s1356,Movie,Chris Rock Total Blackout: The Tamborine Extended Cut,Unknown,TV-MA,98,Stand-Up Comedy,12,January,2021
s1357,Movie,Chris Rock: Tamborine,United States,TV-MA,65,Stand-Up Comedy,14,February,2018
s1358,Movie,Chris Tucker Live,United States,TV-MA,92,Stand-Up Comedy,10,July,2015
s1359,Movie,Christian Mingle,United States,PG,99,"Comedies, Faith & Spirituality, Romantic Movies",6,June,2019
s1360,TV Show,Christiane Amanpour: Sex & Love Around the World,United States,TV-MA,1,Docuseries,30,September,2018
s1361,Movie,Christina P: Mother Inferior,United States,TV-MA,59,Stand-Up Comedy,10,October,2017
s1362,Movie,Christine,"United Kingdom, United States",R,119,"Dramas, Independent Movies",13,August,2020
s1363,Movie,Christmas Break-In,United States,TV-PG,87,"Children & Family Movies, Comedies",1,November,2020
s1364,Movie,Christmas Crossfire,Germany,TV-MA,106,"Comedies, International Movies, Thrillers",4,December,2020
s1365,Movie,Christmas Crush,"Canada, United States",TV-PG,87,"Comedies, Romantic Movies",4,November,2019
s1366,Movie,Christmas in the Heartland,United States,TV-PG,112,Dramas,1,November,2019
s1367,Movie,Christmas in the Smokies,United States,TV-G,88,"Children & Family Movies, Dramas, Romantic Movies",1,March,2019
s1368,Movie,Christmas Inheritance,United States,TV-G,105,"Dramas, International Movies, Romantic Movies",15,December,2017
s1369,Movie,Christmas Survival,United Kingdom,TV-MA,101,Comedies,1,November,2019
s1370,Movie,Christmas Wedding Planner,Canada,PG,86,"Comedies, International Movies, Romantic Movies",15,November,2018
s1371,Movie,Christmas with a Prince,Canada,TV-PG,86,"Comedies, Dramas, Romantic Movies",4,November,2020
s1372,Movie,Christmas With A View,Canada,TV-PG,91,"International Movies, Romantic Movies",1,November,2018
s1373,Movie,Christmas with the Kranks,United States,PG,99,"Children & Family Movies, Comedies",1,January,2019
s1374,Movie,Christopher Robin,United States,PG,104,"Children & Family Movies, Comedies, Dramas",5,March,2019
s1375,Movie,Chronically Metropolitan,United States,TV-MA,86,"Comedies, Dramas, Independent Movies",1,February,2020
s1376,Movie,Chronicle of an Escape,Argentina,R,104,"Dramas, International Movies, Thrillers",15,June,2018
s1377,TV Show,"ChuChu TV Kids Songs, Learning Videos & Bedtime Stories",Unknown,TV-Y,1,Kids' TV,18,October,2019
s1378,TV Show,ChuChu TV Nursery Rhymes & Kids Songs (Hindi),India,TV-Y,1,Kids' TV,18,April,2020
s1379,Movie,ChuChuTV Bedtime Stories & Moral Stories for Kids (English),Unknown,TV-Y,47,Children & Family Movies,18,October,2019
s1380,Movie,ChuChuTV Bedtime Stories & Moral Stories for Kids (Hindi),Unknown,TV-Y,56,Children & Family Movies,18,October,2019
s1381,Movie,ChuChuTV Surprise Eggs Learning Videos (English),Unknown,TV-Y,61,Children & Family Movies,18,October,2019
s1382,Movie,ChuChuTV Surprise Eggs Learning Videos (Hindi),Unknown,TV-Y,34,Children & Family Movies,18,October,2019
s1383,TV Show,Chuck Chicken,Malaysia,TV-Y7,1,Kids' TV,15,November,2017
s1384,Movie,Chup Chup Ke,India,TV-PG,158,"Comedies, Dramas, International Movies",1,November,2018
s1385,Movie,Chupan Chupai,Pakistan,TV-14,118,"Comedies, International Movies",15,January,2019
s1386,Movie,Chupke Chupke,India,TV-PG,127,"Classic Movies, Comedies, International Movies",31,December,2019
s1387,TV Show,Churchill’s Secret Agents: The New Recruits,United Kingdom,TV-MA,1,"British TV Shows, International TV Shows, Reality TV",29,June,2018
s1388,Movie,CIA: Comrade in America,India,TV-14,130,"Action & Adventure, Dramas, International Movies",1,May,2018
s1389,Movie,Cinar Agaci,Turkey,TV-14,115,"Comedies, Dramas, International Movies",28,April,2020
s1390,TV Show,Cinderella and the Four Knights,South Korea,TV-PG,1,"International TV Shows, Korean TV Shows, Romantic TV Shows",15,December,2019
s1391,TV Show,Cinta 100KG,Unknown,TV-14,1,"International TV Shows, Romantic TV Shows, TV Dramas",8,May,2019
s1392,TV Show,Cinta Iris,Unknown,TV-PG,1,"International TV Shows, Romantic TV Shows, TV Dramas",8,May,2019
s1393,TV Show,Cinta Si Wedding Planner,Unknown,TV-14,1,"International TV Shows, Romantic TV Shows, TV Dramas",8,May,2019
s1394,TV Show,Cinta Teruna Kimchi,Unknown,TV-PG,1,"International TV Shows, TV Dramas",8,May,2019
s1395,Movie,Circle,United States,TV-MA,86,"Dramas, Independent Movies, Sci-Fi & Fantasy",16,October,2015
s1396,Movie,Circus of Books,United States,TV-MA,87,"Documentaries, LGBTQ Movies",22,April,2020
s1397,Movie,Cirque du Freak: The Vampire's Assistant,United States,PG-13,109,"Action & Adventure, Horror Movies, Sci-Fi & Fantasy",16,April,2018
s1398,Movie,Citation,Nigeria,TV-MA,151,"Dramas, International Movies",6,November,2020
s1399,Movie,Cities of Last Things,"Taiwan, China, France, United States",TV-MA,106,"Dramas, Independent Movies, International Movies",12,July,2019
s1400,TV Show,City in the Sky,United Kingdom,TV-PG,1,"British TV Shows, Docuseries, Science & Nature TV",1,October,2017
s1401,Movie,City of God,"Brazil, France, Germany",R,130,"Dramas, Independent Movies, International Movies",1,January,2020
s1402,Movie,City of God: 10 Years Later,Brazil,TV-MA,69,"Documentaries, International Movies",7,May,2018
s1403,Movie,City of Joy,"United States,",TV-MA,77,Documentaries,7,September,2018
s1404,Movie,City of Tiny Lights,United Kingdom,TV-MA,110,"Dramas, International Movies, Thrillers",21,July,2017
s1405,TV Show,Civilizations,United Kingdom,TV-14,1,"British TV Shows, Docuseries",1,October,2018
s1406,Movie,Clair Obscur,"Turkey, France, Germany, Poland",TV-MA,102,"Dramas, International Movies",13,October,2017
s1407,TV Show,CLANNAD,Japan,TV-PG,2,"Anime Series, Teen TV Shows",1,November,2019
s1408,Movie,Clarence Clemons: Who Do I Think I Am?,United States,TV-MA,88,"Documentaries, Music & Musicals",14,November,2019
s1409,Movie,Clash of the Titans,"United States, United Kingdom, Australia",PG-13,106,"Action & Adventure, Sci-Fi & Fantasy",1,August,2019
s1410,Movie,Class of '61,United States,TV-PG,91,Dramas,1,April,2018
s1411,Movie,Class of '83,India,TV-14,98,"Dramas, International Movies, Thrillers",21,August,2020
s1412,Movie,Class Rank,United States,TV-MA,103,Comedies,18,September,2018
s1413,TV Show,Classic Legends,India,TV-PG,1,"Docuseries, International TV Shows",15,May,2017
s1414,TV Show,Cleo & Cuquin,Spain,TV-Y,2,Kids' TV,1,July,2020
s1415,Movie,Cleopatra Jones,United States,PG,89,"Action & Adventure, Classic Movies",1,November,2019
s1416,TV Show,Cleverman,"Australia, New Zealand, United States",TV-MA,1,"TV Dramas, TV Sci-Fi & Fantasy, TV Thrillers",5,September,2020
s1417,Movie,Click,United States,PG-13,108,"Comedies, Sci-Fi & Fantasy",1,January,2020
s1418,TV Show,Click for Murder,United Kingdom,TV-14,1,"British TV Shows, Crime TV Shows, Docuseries",17,September,2017
s1419,Movie,Clinical,United States,TV-MA,104,"Horror Movies, Thrillers",13,January,2017
s1420,Movie,Clive Davis: The Soundtrack of Our Lives,United States,TV-MA,124,"Documentaries, Music & Musicals",17,September,2019
s1421,Movie,Close,"United Kingdom, United States",TV-MA,95,"Action & Adventure, International Movies",18,January,2019
s1422,Movie,Close Enemies,"France, Belgium",TV-MA,112,"Dramas, International Movies",29,January,2020
s1423,TV Show,Close Your Eyes Before It’s Dark,Taiwan,TV-14,1,"Crime TV Shows, International TV Shows, TV Dramas",1,August,2017
s1424,Movie,Closed Circuit,"United Kingdom, United States",R,96,"Dramas, Thrillers",16,October,2017
s1425,Movie,Cloud Atlas,"Germany, United States, Hong Kong, Singapore",R,172,"Action & Adventure, Cult Movies, Dramas",1,August,2017
s1426,Movie,Clouds of Sils Maria,"France, Germany, Switzerland",R,124,"Dramas, International Movies",12,February,2017
s1427,Movie,Cloudy with a Chance of Meatballs,United States,PG,90,"Children & Family Movies, Comedies, Sci-Fi & Fantasy",1,January,2021
s1428,Movie,Cloudy with a Chance of Meatballs 2,United States,PG,95,"Children & Family Movies, Comedies",15,November,2020
s1429,Movie,Cloverfield,United States,PG-13,85,"Action & Adventure, Horror Movies, Sci-Fi & Fantasy",1,January,2020
s1430,Movie,"Club de Cuervos Presents: I, Potro","Mexico, Argentina",TV-MA,51,Movies,19,October,2018
s1431,TV Show,Club de Cuervos Presents: The Ballad of Hugo Sánchez,United States,TV-MA,1,"International TV Shows, Spanish-Language TV Shows, TV Comedies",18,June,2018
s1432,TV Show,Club Friday The Series 6,Unknown,TV-MA,9,"International TV Shows, Romantic TV Shows, TV Dramas",9,March,2019
s1433,TV Show,Club Friday The Series 7,Unknown,TV-MA,7,"International TV Shows, Romantic TV Shows, TV Dramas",18,June,2018
s1434,TV Show,Club Friday The Series 8,Unknown,TV-MA,8,"International TV Shows, Romantic TV Shows, TV Comedies",2,February,2019
s1435,TV Show,Club Friday To Be Continued - Friend & Enemy,Unknown,TV-MA,1,"International TV Shows, Romantic TV Shows, TV Dramas",20,April,2018
s1436,TV Show,Club Friday To Be Continued - My Beautiful Tomboy,Unknown,TV-MA,1,"International TV Shows, Romantic TV Shows, TV Comedies",13,April,2018
s1437,TV Show,Club Friday To Be Continued - The Promise,Unknown,TV-MA,1,"International TV Shows, Romantic TV Shows, TV Dramas",20,April,2018
s1438,TV Show,Club of Crows,Mexico,TV-MA,4,"International TV Shows, Spanish-Language TV Shows, TV Comedies",25,January,2019
s1439,Movie,Coach Carter,"United States, Germany",PG-13,137,"Dramas, Sports Movies",1,January,2020
s1440,TV Show,Coach Snoop,United States,TV-MA,1,"Docuseries, Reality TV",2,February,2018
s1441,TV Show,Cobra Kai,United States,TV-14,3,"TV Action & Adventure, TV Dramas",1,January,2021
s1442,TV Show,Cocaine,United Kingdom,TV-14,1,"British TV Shows, Crime TV Shows, Docuseries",1,August,2016
s1443,TV Show,Cocaine Coast,Spain,TV-MA,1,"Crime TV Shows, International TV Shows, Spanish-Language TV Shows",3,August,2018
s1444,Movie,Coco y Raulito: Carrusel de ternura,Mexico,TV-MA,57,Stand-Up Comedy,27,July,2018
s1445,TV Show,Cocomelon,United States,TV-Y,2,Kids' TV,18,December,2020
s1446,TV Show,Cocomong,United States,TV-Y,2,"Kids' TV, Korean TV Shows",15,December,2019
s1447,Movie,Code 8,Canada,TV-MA,98,"Action & Adventure, Independent Movies, International Movies",11,April,2020
s1448,TV Show,Code Geass: Lelouch of the Rebellion,Japan,TV-MA,2,"Anime Series, International TV Shows",1,May,2019
s1449,TV Show,Code Lyoko,"France, Belgium",TV-Y7,4,Kids' TV,1,October,2020
s1450,Movie,Code Name: The Cleaner,United States,PG-13,91,"Action & Adventure, Comedies",1,November,2019
s1451,Movie,Coffee & Kareem,United States,TV-MA,88,"Action & Adventure, Comedies",3,April,2020
s1452,Movie,Coffee for All,"Italy, United States, Argentina",TV-PG,69,"Documentaries, International Movies",1,May,2018
s1453,Movie,Coffee with D,India,TV-PG,120,"Comedies, Independent Movies, International Movies",1,November,2017
s1454,Movie,Coin Heist,United States,TV-14,98,"Children & Family Movies, Dramas",6,January,2017
s1455,TV Show,Cold Case Files,United States,TV-14,1,"Crime TV Shows, Docuseries",15,September,2019
s1456,TV Show,Cold Case Files Classic,United States,TV-MA,1,"Crime TV Shows, Docuseries",15,September,2020
s1457,Movie,Cold Feet,Nigeria,TV-14,98,"Dramas, International Movies, Romantic Movies",15,July,2020
s1458,Movie,Cold Harbour,South Africa,TV-MA,73,"Action & Adventure, Dramas, International Movies",1,October,2020
s1459,Movie,Colin Quinn: Red State Blue State,Unknown,TV-14,66,Stand-Up Comedy,9,August,2019
s1460,Movie,Colin Quinn: The New York Story,United States,TV-MA,62,Stand-Up Comedy,18,November,2016
s1461,Movie,Colin Quinn: Unconstitutional,United States,TV-MA,56,Stand-Up Comedy,15,August,2017
s1462,Movie,Colkatay Columbus,India,TV-14,118,"Comedies, Dramas, Independent Movies",30,March,2017
s1463,TV Show,Collateral,"United Kingdom, United States",TV-MA,1,"British TV Shows, Crime TV Shows, International TV Shows",9,March,2018
s1464,TV Show,College Romance,India,TV-MA,1,"International TV Shows, Romantic TV Shows, TV Comedies",1,October,2019
s1465,Movie,Colonia,"Germany, France, Luxembourg, United Kingdom, United States",R,110,"Dramas, Independent Movies, International Movies",14,July,2018
s1466,TV Show,Colony,United States,TV-14,3,"TV Action & Adventure, TV Dramas, TV Sci-Fi & Fantasy",2,May,2019
s1467,TV Show,Color of Woman,South Korea,TV-PG,1,"International TV Shows, Korean TV Shows, Romantic TV Shows",15,December,2016
s1468,Movie,Colours of Passion,India,TV-14,114,"Dramas, International Movies",25,May,2018
s1469,Movie,Come and Find Me,"Canada, United States, United Kingdom",R,112,"Dramas, Thrillers",18,September,2019
s1470,Movie,Come Sunday,United States,TV-14,105,"Dramas, Faith & Spirituality, Independent Movies",13,April,2018
s1471,TV Show,Comedians in Cars Getting Coffee,United States,TV-14,6,"Stand-Up Comedy & Talk Shows, TV Comedies",19,July,2019
s1472,TV Show,COMEDIANS of the world,United States,TV-MA,13,"Stand-Up Comedy & Talk Shows, TV Comedies",1,January,2019
s1473,TV Show,Comedy Bang! Bang!,United States,TV-14,5,"Stand-Up Comedy & Talk Shows, TV Comedies",28,December,2016
s1474,TV Show,Comedy High School,Unknown,TV-14,1,"International TV Shows, TV Comedies",1,July,2018
s1475,Movie,Command and Control,United States,TV-PG,92,Documentaries,15,May,2017
s1476,TV Show,Community,United States,TV-14,6,TV Comedies,1,April,2020
s1477,Movie,Como caído del cielo,Mexico,TV-14,117,"Comedies, International Movies, Music & Musicals",24,December,2019
s1478,Movie,Company,India,TV-MA,137,"Action & Adventure, Dramas, International Movies",1,March,2018
s1479,Movie,Compulsion,"United Kingdom, Canada, Italy",TV-MA,84,"Dramas, Thrillers",4,October,2018
s1480,TV Show,Conan Without Borders,United States,TV-14,1,"Docuseries, TV Comedies",31,December,2018
s1481,Movie,Concrete Football,"Czech Republic, France",TV-MA,52,"Documentaries, International Movies, Sports Movies",1,September,2017
s1482,Movie,Concussion,United States,R,96,"Dramas, Independent Movies, LGBTQ Movies",2,August,2018
s1483,Movie,Conjuring Spirit,Vietnam,TV-MA,112,"Horror Movies, International Movies, Thrillers",28,August,2018
s1484,TV Show,Connected,United Kingdom,TV-14,1,"Docuseries, Science & Nature TV",2,August,2020
s1485,Movie,Conor McGregor: Notorious,Ireland,R,90,"Documentaries, Sports Movies",21,March,2018
s1486,Movie,Consequences,Turkey,TV-MA,106,"Dramas, International Movies, Thrillers",25,October,2019
s1487,Movie,Consequences ,Turkey,TV-MA,106,"Dramas, International Movies, Thrillers",25,October,2019
s1488,TV Show,Conspiracy,United Kingdom,TV-14,1,"British TV Shows, Docuseries",1,September,2016
s1489,TV Show,Containment,United States,TV-MA,1,"TV Dramas, TV Thrillers",21,October,2016
s1490,Movie,Contract,India,TV-14,116,"Action & Adventure, Dramas, Independent Movies",2,March,2019
s1491,TV Show,Control Z,Mexico,TV-MA,1,"International TV Shows, Spanish-Language TV Shows, TV Dramas",22,May,2020
s1492,TV Show,Conversations with a Killer: The Ted Bundy Tapes,United States,TV-MA,1,"Crime TV Shows, Docuseries",24,January,2019
s1493,Movie,Convict,Unknown,TV-14,97,"Dramas, International Movies",13,June,2019
s1494,Movie,Cook Off,Zimbabwe,TV-G,100,"Comedies, International Movies, Romantic Movies",1,June,2020
s1495,TV Show,Cooked,United States,TV-14,1,Docuseries,19,February,2016
s1496,TV Show,Cooked with Cannabis,United States,TV-MA,1,Reality TV,20,April,2020
s1497,TV Show,Cooking on High,United States,TV-MA,1,Reality TV,22,June,2018
s1498,Movie,Cool Hand Luke,United States,TV-14,127,"Classic Movies, Dramas",1,January,2021
s1499,Movie,Cop and a Half: New Recruit,Canada,PG,96,"Children & Family Movies, Comedies",17,August,2017
s1500,Movie,Cop Car,United States,R,88,Thrillers,16,June,2019
s1501,Movie,Cop Watchers,Unknown,TV-MA,45,"Documentaries, International Movies",1,August,2017
s1502,Movie,Cops and Robbers,United States,PG-13,8,Dramas,28,December,2020
s1503,Movie,Coraline,United States,PG,101,Children & Family Movies,16,March,2017
s1504,TV Show,"Coronavirus, Explained",United States,TV-PG,1,"Docuseries, Science & Nature TV",26,April,2020
s1505,Movie,Cosmos Laundromat: First Cycle,Netherlands,TV-MA,12,"Dramas, International Movies, Sci-Fi & Fantasy",4,June,2019
s1506,Movie,Countdown to Death: Pablo Escobar,Unknown,TV-MA,69,"Documentaries, International Movies",22,January,2018
s1507,Movie,Counterfeiting in Suburbia,Canada,TV-14,88,"Dramas, Thrillers",1,July,2018
s1508,Movie,Counterpunch,United States,TV-MA,91,"Documentaries, Sports Movies",16,June,2017
s1509,TV Show,Country Ever After,United States,TV-PG,1,Reality TV,6,November,2020
s1510,Movie,Couple of Days,Nigeria,TV-14,103,"Dramas, International Movies, Romantic Movies",26,February,2020
s1511,Movie,Couples Counseling,Brazil,TV-MA,88,"Comedies, Dramas, International Movies",1,April,2017
s1512,TV Show,Court Justice,Australia,TV-MA,1,"Crime TV Shows, Docuseries, International TV Shows",2,October,2019
s1513,Movie,Covered: Alive in Asia,United States,TV-G,75,"Documentaries, Faith & Spirituality, Music & Musicals",31,March,2016
s1514,Movie,Cowspiracy: The Sustainability Secret,United States,TV-PG,90,Documentaries,15,September,2015
s1515,Movie,"Crack: Cocaine, Corruption & Conspiracy",United States,TV-MA,90,Documentaries,11,January,2021
s1516,Movie,Cracked Up: The Darrell Hammond Story,United States,TV-MA,97,Documentaries,1,May,2020
s1517,Movie,Craig Ferguson: Tickle Fight,United States,TV-MA,67,Stand-Up Comedy,5,December,2017
s1518,Movie,Crash,"United States, Germany",R,112,"Dramas, Independent Movies",1,October,2019
s1519,TV Show,Crash Landing on You,South Korea,TV-14,1,"International TV Shows, Korean TV Shows, Romantic TV Shows",15,December,2019
s1520,TV Show,Crashing,United Kingdom,TV-MA,1,"British TV Shows, International TV Shows, Romantic TV Shows",2,June,2017
s1521,Movie,Crazy Awesome Teachers,Indonesia,TV-PG,102,"Comedies, Dramas, International Movies",17,August,2020
s1522,Movie,Crazy Beautiful You,Philippines,TV-14,114,"Comedies, Dramas, International Movies",6,August,2019
s1523,TV Show,Crazy Delicious,United Kingdom,TV-PG,1,"British TV Shows, International TV Shows, Reality TV",24,June,2020
s1524,TV Show,Crazy Ex-Girlfriend,United States,TV-MA,4,"Romantic TV Shows, TV Comedies",13,April,2019
s1525,Movie,Crazy people,Nigeria,TV-MA,107,"Comedies, International Movies, Thrillers",29,November,2019
s1526,TV Show,"Crazy, Lovely, Cool",Nigeria,TV-MA,1,"International TV Shows, TV Dramas",15,December,2019
s1527,TV Show,Crazyhead,United Kingdom,TV-MA,1,"British TV Shows, International TV Shows, TV Comedies",16,December,2016
s1528,Movie,CRD,India,TV-MA,110,"Comedies, Dramas, Independent Movies",29,April,2019
s1529,Movie,Creating The Queen's Gambit,Unknown,TV-14,14,Documentaries,8,January,2021
s1530,TV Show,Creators,Argentina,TV-Y,2,"Kids' TV, Spanish-Language TV Shows",1,November,2018
s1531,Movie,Creep,United States,R,78,"Horror Movies, Independent Movies, Thrillers",14,July,2015
s1532,Movie,Creep 2,United States,TV-MA,80,"Horror Movies, Independent Movies, Thrillers",23,December,2017
s1533,TV Show,Creeped Out,"United Kingdom, Canada",TV-PG,2,"British TV Shows, Kids' TV, TV Thrillers",4,October,2019
s1534,TV Show,Cricket Fever: Mumbai Indians,India,TV-MA,1,"Docuseries, International TV Shows",1,March,2019
s1535,TV Show,Crime Diaries: Night Out,Mexico,TV-MA,1,"Crime TV Shows, International TV Shows, Spanish-Language TV Shows",3,May,2019
s1536,TV Show,Crime Diaries: The Candidate,Mexico,TV-MA,1,"Crime TV Shows, International TV Shows, Spanish-Language TV Shows",22,March,2019
s1537,TV Show,Crime Time,France,TV-MA,1,"Crime TV Shows, International TV Shows, TV Action & Adventure",31,January,2019
s1538,TV Show,Criminal Minds,"United States, Canada",TV-14,12,"Crime TV Shows, TV Dramas, TV Mysteries",30,June,2017
s1539,TV Show,Criminal: France,Unknown,TV-MA,1,"Crime TV Shows, International TV Shows, TV Dramas",20,September,2019
s1540,TV Show,Criminal: Germany,Germany,TV-MA,1,"Crime TV Shows, International TV Shows, TV Dramas",20,September,2019
s1541,TV Show,Criminal: Spain,Spain,TV-MA,1,"Crime TV Shows, International TV Shows, Spanish-Language TV Shows",20,September,2019
s1542,TV Show,Criminal: UK,"United Kingdom, France, Germany, Spain",TV-MA,2,"British TV Shows, Crime TV Shows, International TV Shows",16,September,2020
s1543,Movie,Crip Camp: A Disability Revolution,United States,R,108,Documentaries,25,March,2020
s1544,Movie,Cristela Alonzo: Lower Classy,United States,TV-MA,67,Stand-Up Comedy,24,January,2017
s1545,Movie,Cristina,United States,TV-14,40,Documentaries,4,July,2019
s1546,Movie,Crossroads: One Two Jaga,Malaysia,TV-14,81,"Dramas, International Movies",1,December,2018
s1547,Movie,"Crouching Tiger, Hidden Dragon","Taiwan, Hong Kong, United States, China",PG-13,120,"Action & Adventure, International Movies, Romantic Movies",1,March,2019
s1548,Movie,"Crouching Tiger, Hidden Dragon: Sword of Destiny","China, United States",PG-13,101,"Action & Adventure, Romantic Movies",26,February,2016
s1549,Movie,Cuba and the Cameraman,United States,TV-14,114,Documentaries,24,November,2017
s1550,TV Show,Cuckoo,United Kingdom,TV-MA,5,"British TV Shows, International TV Shows, TV Comedies",19,April,2019
s1551,Movie,Cuddle Weather,Philippines,TV-MA,95,"Dramas, International Movies, Romantic Movies",14,February,2020
s1552,Movie,Cult of Chucky,United States,R,90,Horror Movies,3,October,2017
s1553,Movie,Cultivating the Seas: History and Future of the Full-Cycle Cultured Kindai Tuna,Unknown,TV-PG,45,"Documentaries, International Movies",28,September,2019
s1554,TV Show,Cupcake & Dino - General Services,"Canada, Brazil",TV-Y7,2,"Kids' TV, TV Comedies",3,May,2019
s1555,TV Show,Curon,Italy,TV-MA,1,"International TV Shows, TV Dramas, TV Horror",10,June,2020
s1556,TV Show,Cursed,"United Kingdom, Australia",TV-MA,1,"TV Action & Adventure, TV Dramas, TV Sci-Fi & Fantasy",17,July,2020
s1557,Movie,Curtiz,Hungary,TV-MA,99,"Dramas, International Movies",25,March,2020
s1558,Movie,Cut Bank,United States,R,93,"Dramas, Thrillers",1,December,2019
s1559,Movie,Cutie and the Boxer,United States,R,82,Documentaries,14,June,2018
s1560,Movie,Cuties,France,TV-MA,96,"Dramas, International Movies",9,September,2020
s1561,TV Show,Cyborg 009 VS Devilman,"Japan, United States",TV-MA,1,"Anime Series, International TV Shows",1,April,2016
s1562,TV Show,Cyborg 009: Call of Justice,Japan,TV-14,1,"Anime Series, International TV Shows",10,February,2017
s1563,Movie,Cycle,India,TV-PG,96,"Comedies, Dramas, International Movies",10,September,2020
s1564,Movie,D.L. Hughley: Clear,United States,TV-MA,59,Stand-Up Comedy,13,July,2017
s1565,Movie,D.L. Hughley: Contrarian,United States,TV-MA,58,Stand-Up Comedy,21,July,2019
s1566,TV Show,Déjà Vu,Unknown,TV-14,1,"International TV Shows, Romantic TV Shows, TV Dramas",2,January,2019
s1567,TV Show,Dérè: An African Tale,Unknown,TV-PG,1,"International TV Shows, Romantic TV Shows, TV Dramas",15,August,2020
s1568,Movie,Düğün Dernek,Turkey,TV-PG,102,"Comedies, International Movies",10,March,2017
s1569,Movie,Dügün Dernek 2: Sünnet,Turkey,TV-MA,107,"Comedies, International Movies",10,March,2017
s1570,Movie,Da 5 Bloods,United States,R,156,"Action & Adventure, Dramas",12,June,2020
s1571,Movie,Da Kath & Kim Code,Australia,TV-PG,82,Movies,28,July,2018
s1572,Movie,Daagdi Chaawl,India,TV-14,118,"Action & Adventure, Dramas, International Movies",15,February,2018
s1573,Movie,Dabbe 5: Zehr-i Cin,Turkey,TV-MA,133,"Horror Movies, International Movies",12,April,2019
s1574,Movie,Dabbe 6: The Return,Turkey,TV-MA,153,"Horror Movies, International Movies",17,April,2019
s1575,Movie,Dabbe: The Possession,Turkey,TV-MA,135,"Horror Movies, International Movies",12,April,2019
s1576,Movie,Dad,United States,PG,117,Dramas,1,April,2018
s1577,Movie,Dad Wanted,Mexico,TV-14,103,"Children & Family Movies, Comedies, Dramas",11,September,2020
s1578,TV Show,Dad's Army,United Kingdom,TV-PG,10,"British TV Shows, Classic & Cult TV, TV Comedies",31,March,2018
s1579,Movie,Daddy Day Care,United States,PG,93,"Children & Family Movies, Comedies",1,January,2019
s1580,Movie,Daddy Issues,United States,TV-MA,82,"Dramas, Independent Movies, LGBTQ Movies",20,September,2019
s1581,Movie,Daemonium,Argentina,NR,115,"Action & Adventure, Horror Movies, International Movies",20,December,2016
s1582,Movie,Daffedar,India,TV-14,151,"Dramas, International Movies",1,July,2018
s1583,Movie,Dagh Ujala,"United States, India",TV-MA,103,"Dramas, Independent Movies, International Movies",1,April,2018
s1584,Movie,Dallas Buyers Club,United States,R,117,"Dramas, Independent Movies, LGBTQ Movies",16,January,2018
s1585,TV Show,Damnation,United States,TV-MA,1,"Crime TV Shows, TV Dramas",7,November,2018
s1586,Movie,"Dana Carvey: Straight White Male, 60",United States,TV-MA,64,Stand-Up Comedy,4,November,2016
s1587,TV Show,Dance & Sing with True,Unknown,TV-Y,1,Kids' TV,18,May,2018
s1588,TV Show,Dance Academy,Australia,TV-PG,1,"International TV Shows, Romantic TV Shows, TV Dramas",20,December,2017
s1589,Movie,Dance Academy: The Comeback,"Germany, Australia",TV-PG,100,"Dramas, International Movies",2,July,2018
s1590,Movie,Dance Dreams: Hot Chocolate Nutcracker,United States,TV-G,81,"Children & Family Movies, Documentaries",27,November,2020
s1591,TV Show,Dancing Angels,Unknown,TV-PG,1,"International TV Shows, Romantic TV Shows, TV Comedies",27,April,2018
s1592,TV Show,Dancing Queen,Unknown,TV-14,1,Reality TV,5,October,2018
s1593,Movie,Dancing Quietly,Germany,TV-MA,70,"Dramas, Independent Movies, International Movies",1,April,2017
s1594,Movie,Dancing with the Birds,United States,TV-PG,52,Documentaries,23,October,2019
s1595,TV Show,Dandy,Mexico,TV-MA,1,"Crime TV Shows, International TV Shows, Spanish-Language TV Shows",31,March,2018
s1596,Movie,Dangal,India,TV-PG,161,"Dramas, International Movies, Sports Movies",21,June,2017
s1597,TV Show,Danger Mouse,United Kingdom,TV-Y7,2,"British TV Shows, Kids' TV",9,November,2016
s1598,TV Show,Danger Mouse: Classic Collection,United Kingdom,TV-Y,10,"British TV Shows, Kids' TV, TV Comedies",15,June,2015
s1599,Movie,Dangerous Lies,United States,TV-14,97,Thrillers,30,April,2020
s1600,TV Show,Dangerous Roads,United Kingdom,TV-MA,2,"British TV Shows, Docuseries",1,February,2019
s1601,TV Show,Daniel Sloss: Live Shows,United States,TV-MA,1,"Stand-Up Comedy & Talk Shows, TV Comedies",11,September,2018
s1602,Movie,Daniel Sosa: Maleducado,Mexico,TV-MA,55,Stand-Up Comedy,27,June,2019
s1603,Movie,Daniel Sosa: Sosafado,Mexico,TV-MA,78,Stand-Up Comedy,3,February,2017
s1604,Movie,Danny Says,United States,TV-MA,103,"Documentaries, Music & Musicals",2,March,2017
s1605,Movie,Dante's Peak,United States,PG-13,108,Action & Adventure,1,September,2019
s1606,Movie,Danur: I Can See Ghosts,Indonesia,TV-MA,75,"Horror Movies, International Movies",27,March,2019
s1607,Movie,Dany Boon: Des Hauts De France,France,TV-MA,113,Stand-Up Comedy,4,May,2018
s1608,Movie,Darc,United States,TV-MA,98,"Action & Adventure, Independent Movies",1,May,2018
s1609,TV Show,Dare Me,United States,TV-MA,1,"Crime TV Shows, TV Dramas, TV Thrillers",30,December,2020
s1610,Movie,Dare to Be Wild,Ireland,TV-PG,100,"Dramas, Independent Movies, Romantic Movies",1,April,2018
s1611,TV Show,Dark,"Germany, United States",TV-MA,3,"Crime TV Shows, International TV Shows, TV Dramas",27,June,2020
s1612,Movie,Dark Chocolate (Bengali Version),India,TV-MA,91,"Dramas, International Movies, Thrillers",15,December,2017
s1613,Movie,Dark Crimes,"United Kingdom, Poland, United States",R,93,"Dramas, Thrillers",15,October,2019
s1614,TV Show,Dark Desire,Mexico,TV-MA,1,"Crime TV Shows, International TV Shows, Spanish-Language TV Shows",15,July,2020
s1615,Movie,Dark Forces,Mexico,TV-MA,81,"Horror Movies, Independent Movies, International Movies",21,August,2020
s1616,Movie,Dark Light,United States,TV-MA,90,"Horror Movies, Independent Movies, Sci-Fi & Fantasy",5,April,2020
s1617,TV Show,Dark Matter,Canada,TV-PG,3,"TV Sci-Fi & Fantasy, TV Thrillers",25,September,2017
s1618,Movie,Dark Places,"United States, United Kingdom, France",R,113,"Dramas, International Movies, Thrillers",26,July,2018
s1619,Movie,Dark Skies,United States,PG-13,97,"Horror Movies, Sci-Fi & Fantasy",22,June,2020
s1620,TV Show,Dark Tourist,New Zealand,TV-MA,1,"Docuseries, International TV Shows",20,July,2018
s1621,Movie,Dark Waters,Egypt,TV-14,104,"Classic Movies, Dramas, International Movies",18,June,2020
s1622,Movie,Darna Mana Hai,India,TV-MA,116,"Horror Movies, International Movies, Thrillers",1,August,2019
s1623,TV Show,Darr Sabko Lagta Hai,India,TV-MA,1,"International TV Shows, TV Horror, TV Thrillers",1,March,2018
s1624,Movie,Darra,India,TV-14,121,"Dramas, International Movies",15,October,2017
s1625,TV Show,DASH & LILY,United States,TV-14,1,"Romantic TV Shows, TV Comedies, TV Dramas",10,November,2020
s1626,TV Show,Dating Around,Unknown,TV-MA,2,"Reality TV, Romantic TV Shows",12,June,2020
s1627,TV Show,Dating Around: Brazil,Brazil,TV-14,1,"International TV Shows, Reality TV, Romantic TV Shows",10,July,2020
s1628,TV Show,Daughters of Destiny,United States,TV-14,1,Docuseries,28,July,2017
s1629,Movie,Daughters of the Dust,"United Kingdom, United States",NR,112,"Classic Movies, Dramas, Independent Movies",10,June,2017
s1630,TV Show,Dave Chappelle,United States,TV-MA,1,"Stand-Up Comedy & Talk Shows, TV Comedies",21,March,2017
s1631,TV Show,Dave Chappelle: Equanimity & The Bird Revelation,United States,TV-MA,1,"Stand-Up Comedy & Talk Shows, TV Comedies",31,December,2017
s1632,Movie,Dave Chappelle: Sticks & Stones,United States,TV-MA,66,Stand-Up Comedy,26,August,2019
s1633,Movie,Dave Chappelle: The Kennedy Center Mark Twain Prize for American Humor,United States,TV-MA,85,Stand-Up Comedy,31,March,2020
s1634,Movie,David Attenborough: A Life on Our Planet,"United States, United Kingdom",PG,84,Documentaries,4,October,2020
s1635,Movie,David Batra: Elefanten i rummet,Sweden,TV-MA,77,Stand-Up Comedy,1,April,2020
s1636,Movie,David Brent: Life on the Road,"United Kingdom, United States",TV-MA,97,"Comedies, International Movies",10,February,2017
s1637,Movie,David Cross: Making America Great Again!,United States,TV-MA,73,Stand-Up Comedy,5,August,2016
s1638,Movie,David Foster: Off the Record,Canada,TV-MA,107,"Documentaries, Music & Musicals",1,July,2020
s1639,TV Show,Dawai Asmara,Unknown,TV-14,1,"International TV Shows, TV Dramas",11,December,2017
s1640,TV Show,Dawn of the Croods,United States,TV-Y7,4,Kids' TV,7,July,2017
s1641,TV Show,Dawson's Creek,United States,TV-14,6,"Romantic TV Shows, TV Dramas, Teen TV Shows",1,November,2020
s1642,TV Show,Day and Night,China,TV-MA,1,"Crime TV Shows, International TV Shows, TV Dramas",23,March,2018
s1643,Movie,Day of the Dead: Bloodline,Bulgaria,R,91,"Horror Movies, Independent Movies",5,April,2018
s1644,TV Show,Daybreak,United States,TV-MA,1,"TV Action & Adventure, TV Comedies, TV Horror",24,October,2019
s1645,TV Show,Days We Stared at the Sun,Taiwan,TV-MA,2,"International TV Shows, TV Dramas",31,March,2018
s1646,Movie,Dayveon,United States,TV-MA,76,"Dramas, Independent Movies",11,January,2018
s1647,TV Show,DC Super Hero Girls,United States,TV-Y7,1,Kids' TV,12,August,2019
s1648,TV Show,DC's Legends of Tomorrow,United States,TV-14,5,"TV Action & Adventure, TV Sci-Fi & Fantasy",10,June,2020
s1649,Movie,De Film van Dylan Haegens,Netherlands,TV-PG,81,"Comedies, International Movies",17,April,2019
s1650,Movie,De Palma,United States,R,110,Documentaries,21,November,2018
s1651,Movie,Dead in a Week (Or Your Money Back),United Kingdom,TV-MA,90,Comedies,1,March,2019
s1652,Movie,Dead Kids,"Philippines, United States",TV-MA,94,"Dramas, International Movies, Thrillers",1,December,2019
s1653,TV Show,Dead Set,United Kingdom,TV-MA,1,"British TV Shows, TV Horror, TV Thrillers",1,September,2016
s1654,TV Show,Dead to Me,United States,TV-MA,2,"TV Comedies, TV Dramas",8,May,2020
s1655,Movie,Deadcon,United States,TV-14,78,Horror Movies,16,January,2020
s1656,Movie,Deadline: Sirf 24 Ghante,India,TV-14,97,"Independent Movies, International Movies, Thrillers",31,December,2019
s1657,Movie,Deadly Scholars,United States,TV-14,86,"Dramas, Thrillers",15,February,2019
s1658,Movie,Deadly Switch,United States,TV-PG,86,"Independent Movies, Thrillers",15,January,2019
s1659,TV Show,Deadwind,"Finland, Germany",TV-MA,2,"Crime TV Shows, International TV Shows, TV Dramas",1,July,2020
s1660,TV Show,Deaf U,United States,TV-MA,1,Docuseries,9,October,2020
s1661,Movie,Dean,United States,PG-13,94,"Comedies, Dramas, Independent Movies",15,March,2020
s1662,Movie,Dear Dad,India,TV-14,83,"Comedies, Dramas, Independent Movies",2,March,2019
s1663,Movie,Dear Dracula,United States,TV-Y7-FV,43,"Children & Family Movies, Comedies",18,February,2016
s1664,Movie,Dear Ex,Taiwan,TV-MA,100,"Comedies, Dramas, International Movies",1,February,2019
s1665,TV Show,Dear My Friends,South Korea,TV-MA,1,"International TV Shows, Korean TV Shows, TV Dramas",1,June,2020
s1666,Movie,Dear Santa,Canada,TV-PG,92,"Comedies, Romantic Movies",4,November,2019
s1667,TV Show,Dear White People,United States,TV-MA,3,"TV Comedies, TV Dramas",2,August,2019
s1668,Movie,Dear Zindagi,India,TV-14,149,"Comedies, Dramas, International Movies",25,April,2017
s1669,Movie,Death at a Funeral,United States,R,93,Comedies,1,August,2020
s1670,TV Show,Death by Magic,United States,TV-PG,1,Reality TV,30,November,2018
s1671,Movie,Death Can Wait,Colombia,TV-14,91,"Comedies, International Movies",2,May,2020
s1672,Movie,Death House,United States,R,88,Horror Movies,5,May,2019
s1673,Movie,Death Note,United States,TV-MA,100,"Horror Movies, Thrillers",25,August,2017
s1674,Movie,Death of Me,"United States, Thailand",R,94,Horror Movies,16,January,2021
s1675,Movie,Death Race: Beyond Anarchy,"United States, Bulgaria",R,111,Action & Adventure,2,October,2018
s1676,Movie,Death to 2020,United States,TV-MA,71,Comedies,27,December,2020
s1677,Movie,Deathgrip,United Kingdom,TV-MA,53,"International Movies, Sports Movies",1,March,2018
s1678,Movie,Dedemin Fisi,Turkey,TV-14,101,"Comedies, International Movies",10,March,2017
s1679,Movie,Dedh Ishqiya,India,TV-14,146,"Comedies, Dramas, International Movies",28,September,2020
s1680,Movie,Deep,"Spain, Belgium, Switzerland, United States, China, United Kingdom",PG,93,"Children & Family Movies, Comedies",23,November,2017
s1681,TV Show,Deep Undercover Collection,United States,TV-MA,3,"Crime TV Shows, Docuseries",20,July,2018
s1682,TV Show,Deep Water,Australia,TV-MA,1,"Crime TV Shows, International TV Shows, TV Dramas",1,July,2017
s1683,Movie,Deewana Main Deewana,India,TV-14,107,"Comedies, Dramas, International Movies",1,July,2018
s1684,Movie,Deewangee,India,TV-MA,156,"International Movies, Thrillers",3,January,2020
s1685,Movie,Def Comedy Jam 25,United States,TV-MA,82,Stand-Up Comedy,26,September,2017
s1686,Movie,Defiance,United States,R,137,"Action & Adventure, Dramas",27,November,2019
s1687,Movie,Defying the Nazis: The Sharps' War,United States,TV-14,79,Documentaries,1,May,2017
s1688,TV Show,Degrassi: Next Class,Canada,TV-14,4,"International TV Shows, TV Dramas, Teen TV Shows",7,July,2017
s1689,Movie,Deidra & Laney Rob a Train,United States,TV-14,92,"Comedies, Dramas, Independent Movies",17,March,2017
s1690,Movie,Delhi 6,India,TV-14,128,"Dramas, International Movies",1,October,2018
s1691,Movie,Delhi Belly,India,TV-MA,101,"Action & Adventure, Comedies, International Movies",10,January,2021
s1692,TV Show,Delhi Crime,India,TV-MA,1,"Crime TV Shows, International TV Shows, TV Dramas",22,March,2019
s1693,Movie,Deliha,Turkey,TV-14,102,"Comedies, International Movies, Romantic Movies",10,March,2017
s1694,Movie,Deliha 2,Turkey,TV-PG,102,"Comedies, International Movies",27,September,2019
s1695,Movie,Delirium,United States,R,96,"Horror Movies, Thrillers",1,September,2018
s1696,TV Show,DeMarcus Family Rules,United States,TV-14,1,Reality TV,19,August,2020
s1697,Movie,Demetri Martin: Live (At the Time),United States,TV-MA,62,Stand-Up Comedy,14,August,2015
s1698,Movie,Demetri Martin: The Overthinker,United States,TV-MA,56,Stand-Up Comedy,21,July,2019
s1699,Movie,Democrats,"Denmark, Zimbabwe",NR,99,"Documentaries, International Movies",25,April,2016
s1700,TV Show,Demon's Path,Unknown,TV-14,1,"Crime TV Shows, International TV Shows, TV Dramas",22,December,2018
s1701,Movie,Demonic,United States,R,83,"Horror Movies, Independent Movies",10,August,2017
s1702,Movie,Den of Thieves,United States,R,140,Action & Adventure,1,May,2020
s1703,Movie,Denis Leary: No Cure For Cancer,United States,R,62,Stand-Up Comedy,8,August,2017
s1704,TV Show,Dennis and Gnasher Unleashed,United Kingdom,TV-Y,1,"British TV Shows, Kids' TV, TV Comedies",15,May,2019
s1705,Movie,Deon Cole: Cole Hearted,United States,TV-MA,70,Stand-Up Comedy,8,October,2019
s1706,Movie,DeRay Davis: How to Act Black,United States,TV-MA,66,Stand-Up Comedy,14,November,2017
s1707,TV Show,Derek,United Kingdom,TV-MA,3,"British TV Shows, International TV Shows, TV Comedies",5,April,2019
s1708,Movie,Derren Brown: Miracle,United Kingdom,TV-MA,74,International Movies,22,June,2018
s1709,Movie,Derren Brown: Sacrifice,Unknown,TV-MA,50,Movies,19,October,2018
s1710,Movie,Derren Brown: The Push,United Kingdom,TV-MA,69,Movies,27,February,2018
s1711,TV Show,Derry Girls,United Kingdom,TV-MA,2,"British TV Shows, International TV Shows, TV Comedies",2,August,2019
s1712,TV Show,Designated Survivor,United States,TV-MA,3,"Crime TV Shows, TV Dramas, TV Thrillers",7,June,2019
s1713,TV Show,Designated Survivor: 60 Days,South Korea,TV-14,1,"International TV Shows, Korean TV Shows, TV Dramas",2,July,2019
s1714,Movie,Desire,Argentina,TV-MA,94,"Dramas, International Movies, Romantic Movies",21,December,2017
s1715,Movie,Desolate,Unknown,TV-MA,88,"Dramas, Thrillers",6,February,2020
s1716,Movie,Desolation,United States,TV-MA,76,"Horror Movies, Thrillers",8,May,2018
s1717,Movie,Desperados,United States,TV-MA,107,"Comedies, Romantic Movies",3,July,2020
s1718,Movie,Despido Procedente,"Argentina, Spain",TV-MA,90,"Comedies, International Movies",1,May,2018
s1719,Movie,Despite Everything,Spain,TV-MA,79,"Comedies, International Movies, Romantic Movies",3,May,2019
s1720,Movie,Destiny,"France, Egypt",TV-14,136,"Dramas, International Movies",19,June,2020
s1721,TV Show,Detention,Taiwan,TV-MA,1,"International TV Shows, TV Dramas, TV Horror",5,December,2020
s1722,Movie,Detention Letter,Egypt,TV-14,99,"Action & Adventure, International Movies",5,August,2019
s1723,Movie,Detour,"United Kingdom, South Africa",R,97,Thrillers,25,May,2017
s1724,Movie,Deuces,United States,TV-MA,88,Dramas,1,April,2017
s1725,Movie,Dev.D,India,TV-MA,137,"Dramas, International Movies, Romantic Movies",1,October,2018
s1726,Movie,Deviant Love,United States,TV-14,87,Thrillers,13,September,2019
s1727,Movie,Devil's Bride,"Finland, Sweden, Norway, Latvia, Germany",TV-MA,108,"Dramas, International Movies",1,June,2017
s1728,Movie,Devil's Gate,Canada,TV-MA,94,"Horror Movies, Sci-Fi & Fantasy, Thrillers",16,July,2020
s1729,TV Show,Devilman Crybaby,Japan,TV-MA,1,"Anime Series, International TV Shows, TV Horror",5,January,2018
s1730,TV Show,Devlok with Devdutt Pattanaik,India,TV-PG,1,International TV Shows,15,October,2018
s1731,Movie,Devrai,India,TV-PG,123,"Dramas, International Movies",1,January,2018
s1732,TV Show,Dexter,United States,TV-MA,8,"Crime TV Shows, TV Dramas, TV Mysteries",1,January,2018
s1733,Movie,Dhamaal,India,TV-14,128,"Action & Adventure, Comedies, International Movies",31,December,2019
s1734,Movie,Dhan Dhana Dhan Goal,"United Kingdom, India",TV-14,157,"Dramas, Music & Musicals, Sports Movies",1,November,2018
s1735,Movie,Dhanak,India,TV-PG,114,"Comedies, Dramas, Independent Movies",20,August,2016
s1736,Movie,Dharam Sankat Mein,India,TV-PG,127,"Comedies, Dramas, International Movies",5,July,2020
s1737,TV Show,Dharmakshetra,India,TV-PG,1,"International TV Shows, TV Dramas, TV Sci-Fi & Fantasy",5,July,2018
s1738,Movie,Dhh,India,TV-G,127,"Children & Family Movies, Dramas, International Movies",10,September,2020
s1739,TV Show,Dhia Sofea,Malaysia,TV-14,1,"International TV Shows, TV Dramas",1,December,2017
s1740,Movie,Dhobi Ghat (Mumbai Diaries),India,TV-MA,102,"Dramas, International Movies",10,January,2021
s1741,Movie,Dhoondte Reh Jaoge,India,TV-14,124,"Comedies, International Movies, Music & Musicals",1,November,2018
s1742,Movie,Di Renjie zhi Sidatianwang,"China, Hong Kong",TV-14,132,"Action & Adventure, International Movies, Sci-Fi & Fantasy",6,February,2019
s1743,TV Show,Diablero,Mexico,TV-MA,2,"International TV Shows, Spanish-Language TV Shows, TV Action & Adventure",31,January,2020
s1744,TV Show,Diagnosis,United States,TV-14,1,"Docuseries, Science & Nature TV",16,August,2019
s1745,TV Show,Diamond City,Unknown,TV-MA,1,"Crime TV Shows, International TV Shows, TV Dramas",18,December,2020
s1746,TV Show,Diamond Lover,China,TV-PG,1,"International TV Shows, Romantic TV Shows, TV Dramas",7,July,2017
s1747,Movie,Diamonds in the Sky,Unknown,TV-14,113,"Dramas, International Movies",8,August,2020
s1748,Movie,Diana: 7 Days That Shook the World,United Kingdom,TV-PG,93,Documentaries,28,July,2017
s1749,Movie,Diana: In Her Own Words,United Kingdom,TV-PG,113,"Documentaries, International Movies",1,December,2017
s1750,Movie,Diary of a Chambermaid,"France, Belgium",NR,96,"Dramas, International Movies",3,December,2016
s1751,Movie,Dick Johnson Is Dead,United States,PG-13,90,Documentaries,2,October,2020
s1752,Movie,Die Another Day,"United Kingdom, United States",PG-13,133,Action & Adventure,31,December,2019
s1753,Movie,Die Ontwaking,South Africa,TV-MA,90,"International Movies, Thrillers",24,January,2020
s1754,Movie,Dieter Nuhr: Nuhr in Berlin,Germany,TV-MA,69,Stand-Up Comedy,15,November,2016
s1755,Movie,Digs & Discoveries: All Track's Lead to Rome,Unknown,TV-Y,23,Children & Family Movies,15,March,2020
s1756,Movie,Digs & Discoveries: Mines of Mystery,Unknown,TV-Y,23,Children & Family Movies,15,March,2020
s1757,Movie,Dil,India,TV-14,165,"Comedies, Dramas, International Movies",12,October,2020
s1758,Movie,Dil Chahta Hai,India,TV-14,185,"Comedies, Dramas, International Movies",15,December,2019
s1759,Movie,Dil Dhadakne Do,India,TV-MA,174,"Comedies, Dramas, International Movies",15,December,2019
s1760,Movie,Dil Hai Tumhaara,India,TV-14,176,"Dramas, International Movies, Music & Musicals",1,April,2018
s1761,Movie,Dil Se,India,TV-14,166,"Dramas, International Movies, Romantic Movies",1,March,2018
s1762,Movie,Dil Vil Pyaar Vyaar,India,TV-PG,145,"International Movies, Music & Musicals, Romantic Movies",1,October,2018
s1763,Movie,Dilan 1990,Indonesia,TV-14,109,"Dramas, International Movies, Romantic Movies",14,May,2020
s1764,Movie,Dilan 1991,Indonesia,TV-14,118,"Dramas, International Movies, Romantic Movies",14,May,2020
s1765,Movie,Dilwale,India,TV-PG,154,"Action & Adventure, Dramas, International Movies",1,February,2017
s1766,TV Show,Dinner for Five,United States,TV-MA,1,Stand-Up Comedy & Talk Shows,4,February,2008
s1767,Movie,Dinner for Schmucks,United States,PG-13,115,Comedies,1,January,2020
s1768,TV Show,Dino Girl Gauko,"United States, Japan",TV-Y7,2,"Anime Series, Kids' TV",20,March,2020
s1769,TV Show,Dino Hunt,Canada,TV-G,1,"Docuseries, Science & Nature TV",4,August,2017
s1770,TV Show,Dinosaur King,Japan,TV-Y7,2,"Anime Series, Kids' TV",2,June,2018
s1771,TV Show,Dinotrux,United States,TV-Y7,5,Kids' TV,18,August,2017
s1772,TV Show,Dinotrux Supercharged,Unknown,TV-Y7,3,Kids' TV,3,August,2018
s1773,TV Show,Dirty John,United States,TV-MA,1,"Crime TV Shows, TV Dramas, TV Mysteries",25,November,2019
s1774,TV Show,Dirty Money,United States,TV-MA,2,"Crime TV Shows, Docuseries",11,March,2020
s1775,TV Show,Disappearance,Egypt,TV-MA,1,"International TV Shows, TV Dramas, TV Mysteries",8,March,2019
s1776,Movie,Disciples Of The 36th Chamber,Hong Kong,TV-14,90,"Action & Adventure, International Movies",16,August,2018
s1777,Movie,Disclosure,United States,TV-MA,108,"Documentaries, LGBTQ Movies",19,June,2020
s1778,Movie,Disco Dancer,India,TV-14,134,"Cult Movies, Dramas, International Movies",12,October,2020
s1779,Movie,Disconnect,Kenya,TV-MA,107,"Comedies, International Movies, Romantic Movies",16,October,2020
s1780,Movie,Discovering Bigfoot,United States,TV-MA,111,Documentaries,15,December,2017
s1781,TV Show,Disenchantment,United States,TV-14,3,"TV Action & Adventure, TV Comedies, TV Sci-Fi & Fantasy",15,January,2021
s1782,TV Show,Disjointed,United States,TV-MA,2,TV Comedies,12,January,2018
s1783,Movie,Dismissed,United States,TV-14,87,Thrillers,19,February,2018
s1784,Movie,District 9,"South Africa, United States, New Zealand, Canada",R,112,"Action & Adventure, International Movies, Sci-Fi & Fantasy",4,November,2019
s1785,TV Show,Diva Brides,Unknown,TV-MA,1,"British TV Shows, Reality TV",2,October,2019
s1786,Movie,Divines,"France, Qatar",TV-MA,107,"Dramas, Independent Movies, International Movies",18,November,2016
s1787,Movie,DJ Cinderella,Brazil,TV-PG,95,"Children & Family Movies, Comedies",14,June,2019
s1788,Movie,Django Unchained,United States,R,165,"Action & Adventure, Dramas",25,April,2020
s1789,Movie,DNA,"France, Algeria",TV-MA,91,"Dramas, International Movies",26,December,2020
s1790,TV Show,Do Do Sol Sol La La Sol,South Korea,TV-14,1,"International TV Shows, Romantic TV Shows, TV Comedies",8,October,2020
s1791,Movie,Do Dooni Chaar,India,TV-PG,106,"Comedies, International Movies",1,November,2018
s1792,Movie,Do Paise Ki Dhoop Chaar Aane Ki Baarish,India,TV-MA,121,"Dramas, Independent Movies, International Movies",22,September,2019
s1793,TV Show,Doctor Foster,United Kingdom,TV-MA,2,"British TV Shows, International TV Shows, Romantic TV Shows",31,March,2018
s1794,Movie,Doctor Zhivago,"United States, Italy, United Kingdom, Liechtenstein",PG-13,200,"Classic Movies, Dramas, Romantic Movies",1,November,2019
s1795,TV Show,Documentary Now!,United States,TV-14,3,TV Comedies,3,June,2019
s1796,Movie,Dog Eat Dog,United States,TV-MA,93,"Dramas, Thrillers",31,December,2016
s1797,TV Show,Dogs,United States,TV-PG,1,Docuseries,16,November,2018
s1798,TV Show,Dogs of Berlin,Germany,TV-MA,1,"Crime TV Shows, International TV Shows, TV Dramas",7,December,2018
s1799,Movie,Dolemite Is My Name,United States,R,118,"Comedies, Dramas",25,October,2019
s1800,TV Show,Dollar,Lebanon,TV-MA,1,"International TV Shows, TV Dramas",8,August,2019
s1801,Movie,Dolly Kitty Aur Woh Chamakte Sitare,India,TV-MA,120,"Dramas, Independent Movies, International Movies",18,September,2020
s1802,Movie,Dolly Parton: Here I Am,United Kingdom,TV-14,90,"Documentaries, Music & Musicals",6,October,2020
s1803,TV Show,Dolly Parton's Heartstrings,United States,TV-14,1,TV Dramas,22,November,2019
s1804,Movie,Dolly Parton’s Christmas on the Square,United States,TV-PG,99,"Children & Family Movies, Music & Musicals",22,November,2020
s1805,Movie,Dolphin Kick,United States,TV-PG,90,Children & Family Movies,5,June,2019
s1806,Movie,Dolphin Tale 2,United States,PG,107,"Children & Family Movies, Dramas",25,February,2019
s1807,Movie,Domino,"Denmark, France, Belgium, Italy, Netherlands, United States, United Kingdom",R,89,"International Movies, Thrillers",28,September,2019
s1808,Movie,Don,India,TV-14,169,"Action & Adventure, International Movies",15,December,2019
s1809,Movie,Don 2,"India, Germany",TV-14,148,"Action & Adventure, International Movies, Music & Musicals",15,December,2019
s1810,Movie,Don Quixote: The Ingenious Gentleman of La Mancha,United States,TV-14,83,"Comedies, Independent Movies",5,January,2018
s1811,Movie,Don Verdean,United States,PG-13,96,Comedies,1,March,2020
s1812,Movie,Don't Be Afraid of the Dark,"United States, Australia, Mexico",R,99,Horror Movies,2,November,2019
s1813,Movie,Don't Crack Under Pressure,France,TV-MA,95,"Action & Adventure, Documentaries, International Movies",12,June,2020
s1814,Movie,Don't Crack Under Pressure II,France,TV-MA,88,"Action & Adventure, Documentaries, International Movies",12,June,2020
s1815,Movie,Don't Crack Under Pressure III,France,TV-14,94,"Action & Adventure, Documentaries, International Movies",12,June,2020
s1816,TV Show,Don't F**k with Cats: Hunting an Internet Killer,"United Kingdom, United States",TV-MA,1,"Crime TV Shows, Docuseries",18,December,2019
s1817,Movie,Don't Go Breaking My Heart,Hong Kong,TV-PG,115,"Comedies, International Movies, Romantic Movies",1,December,2018
s1818,Movie,Don't Go Breaking My Heart 2,"Hong Kong, China",TV-14,113,"Comedies, International Movies, Romantic Movies",1,December,2018
s1819,Movie,Don't Knock Twice,United Kingdom,R,93,"Horror Movies, International Movies",8,February,2019
s1820,Movie,Don't Look Down,United Kingdom,TV-MA,93,"Documentaries, International Movies",1,April,2017
s1821,Movie,Don't Think Twice,United States,R,92,"Comedies, Dramas, Independent Movies",1,May,2017
s1822,Movie,Don’t Listen,Spain,TV-MA,98,"Horror Movies, International Movies",27,November,2020
s1823,Movie,Donald Glover: Weirdo,United States,TV-MA,65,Stand-Up Comedy,19,November,2016
s1824,Movie,Donnie Brasco,United States,R,127,"Dramas, Thrillers",1,January,2020
s1825,Movie,Doom,"United Kingdom, Czech Republic, Germany, United States",R,105,"Action & Adventure, Horror Movies, Sci-Fi & Fantasy",1,November,2020
s1826,Movie,Doom: Annihilation,United States,R,97,"Action & Adventure, Horror Movies, Sci-Fi & Fantasy",25,December,2019
s1827,TV Show,Doomsday Preppers,United States,TV-14,1,"Reality TV, Science & Nature TV",1,March,2019
s1828,Movie,Door Ke Darshan,India,TV-14,114,"Comedies, International Movies",25,July,2020
s1829,TV Show,Dope,United States,TV-MA,3,"Crime TV Shows, Docuseries",28,June,2019
s1830,Movie,Dorasaani,India,TV-14,134,"Dramas, International Movies, Romantic Movies",20,November,2019
s1831,TV Show,Dorohedoro,Japan,TV-MA,1,"Anime Series, International TV Shows",28,May,2020
s1832,Movie,Dostana,"India, United States",TV-14,142,"Comedies, Dramas, International Movies",1,April,2020
s1833,Movie,Double Dad,Brazil,TV-G,105,"Children & Family Movies, Comedies, Dramas",15,January,2021
s1834,Movie,Double Jeopardy,"United States, Germany, Canada",R,105,Thrillers,1,July,2020
s1835,Movie,Double World,China,TV-14,110,"Action & Adventure, International Movies",25,July,2020
s1836,Movie,Doubles Cause Troubles,Hong Kong,TV-14,94,"Action & Adventure, Comedies, International Movies",1,August,2018
s1837,Movie,Doubt,United States,PG-13,104,"Dramas, Faith & Spirituality",7,March,2019
s1838,Movie,Dovlatov,"Russia, Poland, Serbia",PG-13,126,"Dramas, International Movies",26,October,2018
s1839,Movie,Down The Fence,United States,TV-PG,94,Documentaries,15,January,2018
s1840,TV Show,Down to Earth with Zac Efron,United States,TV-PG,1,"Docuseries, Reality TV, Science & Nature TV",10,July,2020
s1841,Movie,Dr Jason Leong Hashtag Blessed,Unknown,TV-MA,69,Stand-Up Comedy,16,September,2020
s1842,Movie,Dr. Seuss' The Cat in the Hat,United States,PG,82,"Children & Family Movies, Comedies",1,May,2019
s1843,Movie,Dr. Seuss' The Grinch,"France, China, Japan, United States",PG,86,"Children & Family Movies, Comedies",5,June,2019
s1844,Movie,Dr. Seuss' The Lorax,"United States, France",PG,86,Children & Family Movies,7,July,2020
s1845,TV Show,Dracula,United Kingdom,TV-14,1,"British TV Shows, International TV Shows, TV Dramas",4,January,2020
s1846,TV Show,DRAGON PILOT: Hisone & Masotan,Japan,TV-14,1,"Anime Series, International TV Shows",21,September,2018
s1847,Movie,Dragon Quest Your Story,Japan,TV-PG,103,"Action & Adventure, Anime Features, Children & Family Movies",13,February,2020
s1848,Movie,Dragon Tiger Gate,"Hong Kong, China",TV-14,94,"Action & Adventure, International Movies",27,October,2018
s1849,TV Show,Dragon's Dogma,Unknown,TV-MA,1,"Anime Series, International TV Shows",17,September,2020
s1850,Movie,Dragonheart,United States,PG-13,103,"Action & Adventure, Sci-Fi & Fantasy",1,January,2020
s1851,Movie,Dragonheart 3: The Sorcerer,United States,PG-13,97,"Action & Adventure, Sci-Fi & Fantasy",1,January,2020
s1852,Movie,Dragonheart: A New Beginning,United States,PG,84,"Action & Adventure, Sci-Fi & Fantasy",1,January,2020
s1853,Movie,Dragonheart: Battle for the Heartfire,United States,PG-13,98,"Action & Adventure, Sci-Fi & Fantasy",13,June,2017
s1854,Movie,Dragonheart: Vengeance,United States,PG-13,97,"Action & Adventure, Sci-Fi & Fantasy",4,February,2020
s1855,Movie,Dragonkala Ka Rahasya,Unknown,TV-Y,68,Children & Family Movies,18,June,2019
s1856,Movie,Dragons: Dawn of the Dragon Racers,United States,TV-PG,27,"Children & Family Movies, Comedies",16,December,2018
s1857,TV Show,Dragons: Race to the Edge,United States,TV-Y7,6,"Kids' TV, TV Action & Adventure",16,February,2018
s1858,TV Show,Dragons: Rescue Riders,United States,TV-Y,2,"Kids' TV, TV Comedies",7,February,2020
s1859,Movie,Dragons: Rescue Riders: Hunt for the Golden Dragon,United States,TV-Y,46,"Children & Family Movies, Comedies",27,March,2020
s1860,Movie,Dragons: Rescue Riders: Huttsgalor Holiday,United States,TV-Y,46,"Children & Family Movies, Comedies",24,November,2020
s1861,Movie,Dragons: Rescue Riders: Secrets of the Songwing,United States,TV-Y,46,"Children & Family Movies, Comedies",24,July,2020
s1862,TV Show,Dramaworld,"United States, South Korea, China",TV-14,1,"Romantic TV Shows, TV Comedies, TV Dramas",23,May,2016
s1863,Movie,Dream Big: Engineering Our World,United States,TV-G,42,Documentaries,1,July,2018
s1864,Movie,Dream Boat,Germany,TV-MA,92,"Documentaries, International Movies, LGBTQ Movies",1,December,2017
s1865,TV Show,Dream Home Makeover,United States,TV-G,2,Reality TV,1,January,2021
s1866,Movie,Dream/Killer,United States,TV-MA,109,Documentaries,20,November,2019
s1867,TV Show,DreamWorks Happy Holidays from Madagascar,United States,TV-PG,1,"Kids' TV, TV Comedies",2,October,2020
s1868,TV Show,DreamWorks Holiday Classics,United States,TV-PG,1,"Kids' TV, TV Comedies",16,December,2018
s1869,Movie,DreamWorks Home: For the Holidays,United States,TV-Y,46,"Children & Family Movies, Comedies, Music & Musicals",1,December,2017
s1870,TV Show,DreamWorks How to Train Your Dragon Legends,United States,TV-PG,1,"Kids' TV, TV Action & Adventure, TV Sci-Fi & Fantasy",20,January,2020
s1871,TV Show,DreamWorks Kung Fu Panda Awesome Secrets,United States,TV-PG,1,"Kids' TV, TV Action & Adventure, TV Comedies",1,July,2019
s1872,TV Show,DreamWorks Shrek's Swamp Stories,United States,TV-PG,1,"Kids' TV, TV Action & Adventure, TV Comedies",17,February,2020
s1873,TV Show,DreamWorks Spooky Stories,United States,TV-PG,1,"Kids' TV, TV Comedies",25,October,2018
s1874,TV Show,DreamWorks Spooky Stories: Volume 2,Unknown,TV-PG,1,"Kids' TV, TV Comedies",24,April,2020
s1875,Movie,Dries,"Germany, Belgium",TV-PG,89,"Documentaries, International Movies",1,January,2018
s1876,TV Show,DRIFTING DRAGONS,Japan,TV-14,1,"Anime Series, International TV Shows",30,April,2020
s1877,Movie,Drink Drank Drunk,Hong Kong,TV-MA,92,"Comedies, International Movies",24,August,2019
s1878,Movie,Drishyam,India,TV-14,162,"Dramas, International Movies, Thrillers",5,July,2020
s1879,Movie,Drive,India,TV-14,119,"Action & Adventure, International Movies",1,November,2019
s1880,Movie,Driven to Dance,United States,TV-PG,99,Dramas,16,January,2019
s1881,TV Show,Droppin' Cash: Los Angeles,United States,TV-MA,2,Reality TV,28,August,2019
s1882,TV Show,Drug Lords,United States,TV-MA,2,"Crime TV Shows, Docuseries",10,July,2018
s1883,TV Show,Drug Squad: Costa del Sol,Spain,TV-MA,1,"Crime TV Shows, International TV Shows, Spanish-Language TV Shows",25,October,2019
s1884,TV Show,"Drugs, Inc.",United States,TV-MA,1,"Crime TV Shows, Docuseries",23,March,2019
s1885,Movie,Drunk Parents,United States,R,97,Comedies,18,August,2020
s1886,Movie,Dry Martina,"Chile, Argentina",TV-MA,100,"Dramas, Independent Movies, International Movies",11,May,2019
s1887,Movie,DTC Yukemuri Junjo Hen From High & Low,Japan,TV-PG,102,"Dramas, International Movies",20,September,2020
s1888,Movie,Duck Butter,United States,TV-MA,94,"Dramas, Independent Movies, LGBTQ Movies",1,July,2018
s1889,Movie,Duck Duck Goose,"China, United States, United Kingdom",PG,92,"Children & Family Movies, Comedies",20,July,2018
s1890,Movie,Dude,United States,TV-MA,97,"Comedies, Dramas, Independent Movies",20,April,2018
s1891,TV Show,Dueños del paraíso,"United States, Chile",TV-14,1,"Crime TV Shows, International TV Shows, Spanish-Language TV Shows",25,February,2017
s1892,Movie,Dukhtar,"Pakistan, Norway, United States",TV-14,93,"Dramas, Independent Movies, International Movies",1,September,2016
s1893,Movie,Dum,India,TV-14,162,"Action & Adventure, Dramas, International Movies",1,March,2018
s1894,Movie,Dumb and Dumberer: When Harry Met Lloyd,United States,PG-13,85,Comedies,1,October,2019
s1895,Movie,Dumplin',United States,PG-13,110,"Comedies, Dramas, Independent Movies",7,December,2018
s1896,Movie,Duniya,India,TV-14,170,"Action & Adventure, Dramas, International Movies",1,April,2020
s1897,Movie,Duplicate,India,TV-14,165,"Comedies, Dramas, International Movies",1,April,2020
s1898,TV Show,Durarara!!,Japan,TV-MA,1,"Anime Series, Crime TV Shows, International TV Shows",20,December,2018
s1899,Movie,Dushman,Unknown,TV-14,141,"Dramas, International Movies",1,October,2018
s1900,Movie,Dying to Tell,Spain,TV-MA,88,"Documentaries, International Movies",17,May,2019
s1901,TV Show,Dynasty,United States,TV-14,3,TV Dramas,23,May,2020
s1902,Movie,E-Cigarettes: Miracle or Menace?,United Kingdom,TV-14,52,Documentaries,1,February,2019
s1903,Movie,E-Team,United States,TV-MA,90,Documentaries,24,October,2014
s1904,Movie,Earth and Blood,"France, Belgium",TV-MA,81,"Dramas, International Movies, Thrillers",17,April,2020
s1905,Movie,Earth to Echo,United States,PG,91,"Children & Family Movies, Sci-Fi & Fantasy",1,October,2019
s1906,TV Show,Earth to Luna!,Brazil,TV-Y,1,Kids' TV,10,April,2020
s1907,TV Show,Earth's Natural Wonders,United Kingdom,TV-PG,1,"British TV Shows, Docuseries, Science & Nature TV",1,March,2017
s1908,TV Show,Earth's Natural Wonders: Life at the Extremes,Unknown,TV-14,1,"British TV Shows, Docuseries, Science & Nature TV",1,October,2018
s1909,Movie,Earthquake Bird,"United Kingdom, Japan, United States",R,107,"Dramas, Romantic Movies",15,November,2019
s1910,Movie,East Side Sushi,United States,PG,106,Dramas,15,September,2020
s1911,TV Show,Eastsiders,United States,TV-MA,4,"TV Comedies, TV Dramas",1,December,2019
s1912,TV Show,Easy,United States,TV-MA,3,"TV Comedies, TV Dramas",10,May,2019
s1913,Movie,Easy A,United States,PG-13,92,"Comedies, Romantic Movies",1,November,2020
s1914,TV Show,Easy Fortune Happy Life,Taiwan,TV-MA,1,"International TV Shows, Romantic TV Shows, TV Comedies",1,September,2016
s1915,Movie,Eat Pray Love,United States,PG-13,140,"Dramas, Romantic Movies",10,September,2019
s1916,Movie,Echcharikkai,India,TV-14,127,"International Movies, Thrillers",15,January,2019
s1917,Movie,Echo in the Canyon,United States,PG-13,82,"Documentaries, Music & Musicals",24,October,2019
s1918,Movie,Eddie - Strongman,United Kingdom,TV-MA,98,"Documentaries, Sports Movies",15,December,2016
s1919,Movie,Eddie Murphy: Delirious,United States,TV-MA,69,Stand-Up Comedy,15,April,2018
s1920,Movie,Eddie Murphy: Raw,United States,R,90,Stand-Up Comedy,1,January,2021
s1921,TV Show,Edgar Rice Burroughs' Tarzan and Jane,Unknown,TV-Y7,2,"Crime TV Shows, Kids' TV",12,October,2018
s1922,Movie,Edge of Fear,United States,TV-MA,92,"Independent Movies, Thrillers",1,November,2018
s1923,Movie,Edge of Seventeen,United States,TV-MA,103,"Comedies, Dramas, Independent Movies",27,August,2020
s1924,TV Show,Edge of the Universe,United Kingdom,TV-G,1,"British TV Shows, Docuseries, Science & Nature TV",1,August,2016
s1925,TV Show,Edha,Argentina,TV-MA,1,"International TV Shows, Spanish-Language TV Shows, TV Dramas",16,March,2018
s1926,Movie,"Edmilson Filho: Notas, Comedy about Relationships",Brazil,TV-MA,80,Stand-Up Comedy,1,November,2018
s1927,Movie,Edoardo Ferrario: Temi Caldi,Italy,TV-MA,65,Stand-Up Comedy,15,March,2019
s1928,Movie,Ee Nagaraniki Emaindi,India,TV-14,133,"Comedies, International Movies",6,September,2019
s1929,Movie,Eeda,India,TV-14,153,"Dramas, International Movies, Romantic Movies",15,September,2018
s1930,Movie,Eerie,"Philippines, Singapore",TV-14,100,"Horror Movies, International Movies",26,July,2019
s1931,Movie,Effie Gray,United Kingdom,PG-13,109,"Dramas, International Movies, Romantic Movies",1,December,2020
s1932,Movie,Eggnoid: Love & Time Portal,Indonesia,TV-14,102,"Dramas, International Movies, Romantic Movies",17,December,2020
s1933,Movie,Eh Janam Tumhare Lekhe,India,TV-14,124,"Dramas, International Movies",1,December,2017
s1934,TV Show,Einsatzgruppen: The Nazi Death Squads,France,TV-MA,1,"Docuseries, International TV Shows",10,November,2016
s1935,Movie,Either Me Or My Auntie,Egypt,TV-PG,105,"Comedies, International Movies",19,May,2020
s1936,Movie,Ek Cup Chya,India,TV-PG,120,"Dramas, Independent Movies, International Movies",15,March,2018
s1937,Movie,Ek Hasina Thi,India,TV-MA,134,"Dramas, International Movies, Thrillers",1,August,2019
s1938,Movie,Ek Jaan Hain Hum,India,TV-14,151,"Dramas, International Movies, Music & Musicals",1,September,2017
s1939,Movie,Ek Khiladi Ek Haseena,India,TV-14,141,"International Movies, Music & Musicals, Thrillers",15,April,2019
s1940,Movie,Ek Ladki Ko Dekha Toh Aisa Laga,India,TV-14,120,"Comedies, Dramas, International Movies",2,April,2019
s1941,Movie,Ek Main Aur Ekk Tu,India,TV-14,106,"Comedies, International Movies, Romantic Movies",1,October,2018
s1942,Movie,Ekşi Elmalar,Turkey,TV-PG,109,"Dramas, International Movies",29,April,2020
s1943,Movie,El último testigo,"United States, Canada, Belgium, United Kingdom",R,105,Action & Adventure,4,February,2018
s1944,TV Show,El Barco,Spain,NR,3,"International TV Shows, Romantic TV Shows, Spanish-Language TV Shows",1,July,2017
s1945,Movie,El Camino Christmas,United States,TV-MA,89,"Comedies, Dramas",8,December,2017
s1946,Movie,El Camino: A Breaking Bad Movie,United States,TV-MA,123,"Dramas, Thrillers",11,October,2019
s1947,TV Show,El Cartel,Colombia,TV-MA,1,"Crime TV Shows, International TV Shows, Spanish-Language TV Shows",24,August,2018
s1948,TV Show,El Cartel 2,Colombia,TV-MA,1,"Crime TV Shows, International TV Shows, Spanish-Language TV Shows",24,August,2018
s1949,TV Show,El Chapo,"Mexico, United States",TV-MA,3,"Crime TV Shows, Spanish-Language TV Shows, TV Action & Adventure",27,July,2018
s1950,TV Show,El Chavo,Mexico,TV-PG,1,"Classic & Cult TV, Kids' TV, Spanish-Language TV Shows",31,December,2017
s1951,Movie,El Che,Venezuela,TV-14,119,"Documentaries, International Movies",15,October,2017
s1952,TV Show,El Clon,United States,TV-14,1,"Romantic TV Shows, Spanish-Language TV Shows, TV Dramas",18,May,2017
s1953,Movie,El club de los buenos infieles,Spain,TV-MA,85,"Comedies, International Movies",19,July,2018
s1954,Movie,El club de los insomnes,Mexico,TV-MA,82,"Dramas, International Movies",30,November,2018
s1955,TV Show,El desconocido,Unknown,TV-MA,2,"Crime TV Shows, International TV Shows, Spanish-Language TV Shows",14,June,2019
s1956,TV Show,El Dragón: Return of a Warrior,Mexico,TV-MA,2,"Crime TV Shows, International TV Shows, Spanish-Language TV Shows",17,April,2020
s1957,Movie,"El Especial de Alex Fernández, el Especial",Mexico,TV-MA,52,Stand-Up Comedy,13,October,2017
s1958,Movie,El fin de ETA,Spain,TV-14,106,"Documentaries, International Movies",8,April,2017
s1959,Movie,El límite infinito,Unknown,TV-PG,48,"Documentaries, International Movies, Sports Movies",18,June,2020
s1960,TV Show,El Marginal,Argentina,TV-MA,3,"Crime TV Shows, International TV Shows, Spanish-Language TV Shows",27,September,2019
s1961,Movie,"El Pepe, a Supreme Life","Argentina, Uruguay, Serbia",TV-14,73,"Documentaries, International Movies",27,December,2019
s1962,Movie,El Potro: Unstoppable,Unknown,TV-MA,122,"Dramas, International Movies, Music & Musicals",4,January,2019
s1963,TV Show,El Reemplazante,Chile,TV-MA,2,"International TV Shows, Spanish-Language TV Shows, TV Dramas",4,April,2020
s1964,TV Show,El señor de los Cielos,"United States, Mexico, Colombia",TV-MA,7,"Crime TV Shows, International TV Shows, Spanish-Language TV Shows",30,April,2020
s1965,Movie,El sendero de la anaconda,Colombia,TV-14,74,"Documentaries, International Movies",15,November,2019
s1966,Movie,El silencio es bienvenido,Mexico,TV-14,95,"Dramas, Independent Movies, International Movies",20,March,2020
s1967,Movie,El testigo,"Colombia, Peru, United Kingdom",TV-14,73,"Documentaries, International Movies",28,June,2019
s1968,TV Show,El Vato,United States,TV-MA,2,"International TV Shows, Spanish-Language TV Shows, TV Comedies",24,February,2018
s1969,Movie,El Viaje: Márama y Rombai,Unknown,TV-PG,79,"Children & Family Movies, Documentaries, International Movies",18,October,2017
s1970,Movie,El-Khawaga's Dilemma,Egypt,TV-14,94,"Action & Adventure, Comedies, International Movies",15,October,2020
s1971,Movie,Elaan,India,TV-14,143,"Action & Adventure, Cult Movies, International Movies",1,April,2017
s1972,Movie,Elena,"Brazil, United States",TV-14,81,"Documentaries, International Movies",1,September,2019
s1973,Movie,Elephants Dream 4 Hour,Netherlands,TV-MA,196,"International Movies, Sci-Fi & Fantasy",23,August,2018
s1974,Movie,Elevator Baby,Nigeria,TV-MA,84,"Dramas, International Movies",20,June,2020
s1975,Movie,Elf Pets: A Fox Cub’s Christmas Tale,United States,TV-Y,28,Children & Family Movies,1,November,2020
s1976,Movie,Elf Pets: Santa’s Reindeer Rescue,United States,TV-Y,27,Children & Family Movies,1,November,2020
s1977,Movie,Eli,United States,TV-MA,98,Horror Movies,18,October,2019
s1978,Movie,Elisa & Marcela,Spain,TV-MA,119,"Dramas, International Movies, LGBTQ Movies",7,June,2019
s1979,TV Show,Elite,Spain,TV-MA,3,"Crime TV Shows, International TV Shows, Spanish-Language TV Shows",13,March,2020
s1980,Movie,Elizabeth at 90: A Family Tribute,United Kingdom,TV-G,90,Documentaries,22,May,2017
s1981,Movie,Elizabeth Harvest,United States,R,109,"Dramas, Sci-Fi & Fantasy",1,August,2020
s1982,TV Show,Ellen DeGeneres: Relatable,United States,TV-MA,1,"Stand-Up Comedy & Talk Shows, TV Comedies",18,December,2018
s1983,Movie,Elles étaient en guerre (1914-1918),France,TV-14,93,"Documentaries, International Movies",31,December,2017
s1984,Movie,Elles étaient en guerre 1939-1945,Unknown,TV-MA,92,"Documentaries, International Movies",1,March,2018
s1985,Movie,Elles ont toutes une histoire,Unknown,TV-PG,49,"Documentaries, International Movies",31,December,2017
s1986,Movie,Elliot the Littlest Reindeer,Canada,PG,90,Children & Family Movies,1,November,2020
s1987,Movie,Elstree 1976,United Kingdom,TV-PG,102,Documentaries,6,September,2016
s1988,Movie,Emelie,United States,TV-MA,82,"Horror Movies, Thrillers",2,August,2018
s1989,Movie,EMI: Liya Hai To Chukana Padega,India,TV-14,128,"Comedies, Dramas, International Movies",15,May,2019
s1990,Movie,Emicida: AmarElo - It’s All For Yesterday,Brazil,TV-MA,90,"Documentaries, International Movies, Music & Musicals",8,December,2020
s1991,TV Show,Emily in Paris,United States,TV-MA,1,"Romantic TV Shows, TV Comedies, TV Dramas",2,October,2020
s1992,TV Show,Emily's Wonder Lab,United States,TV-Y,1,Kids' TV,25,August,2020
s1993,Movie,Emma' (Mother),Indonesia,TV-PG,74,"Dramas, International Movies",5,October,2018
s1994,Movie,Emo the Musical,Australia,TV-MA,94,"Dramas, International Movies, Music & Musicals",1,February,2018
s1995,TV Show,Emogenius,United States,TV-PG,1,Reality TV,15,December,2018
s1996,TV Show,Empire Games,"Czech Republic, United States",TV-14,1,Docuseries,5,October,2018
s1997,Movie,Empire of Scents,"Canada, France, Italy, Morocco, United States",TV-14,87,"Documentaries, International Movies",1,January,2018
s1998,Movie,Employee of the Month,United States,PG-13,108,"Comedies, Romantic Movies",1,October,2020
s1999,TV Show,Encerrados,Unknown,TV-MA,1,"International TV Shows, Spanish-Language TV Shows, TV Comedies",18,June,2018
s2000,Movie,Encounter: The Killing,India,TV-14,151,"Dramas, Independent Movies, International Movies",31,December,2019
s2001,TV Show,Encounters with Evil,United Kingdom,TV-14,1,"British TV Shows, Crime TV Shows, Docuseries",12,July,2019
s2002,Movie,End Game,United States,TV-PG,40,Documentaries,4,May,2018
s2003,Movie,End of Watch,United States,R,109,Action & Adventure,23,November,2019
s2004,TV Show,Enemigo íntimo,Unknown,TV-MA,1,"Crime TV Shows, Spanish-Language TV Shows, TV Dramas",8,August,2018
s2005,Movie,Enemy,"Canada, Spain, France",R,91,"Independent Movies, Thrillers",15,July,2018
s2006,TV Show,Engineering Girls,India,TV-MA,1,"International TV Shows, TV Comedies",1,October,2019
s2007,Movie,English Babu Desi Mem,India,TV-14,163,"Comedies, Dramas, International Movies",1,May,2017
s2008,Movie,Enissa Amani: Ehrenwort,Germany,TV-MA,66,Stand-Up Comedy,26,April,2018
s2009,Movie,Enlighten Us,United States,TV-14,93,Documentaries,18,January,2017
s2010,Movie,Enola Holmes,United Kingdom,PG-13,124,"Action & Adventure, Children & Family Movies, Dramas",23,September,2020
s2011,TV Show,Entangled,South Korea,TV-14,1,"International TV Shows, TV Dramas",1,August,2017
s2012,Movie,Entanglement,Canada,TV-MA,85,"Dramas, Independent Movies, Romantic Movies",9,December,2018
s2013,Movie,Enter the Anime,"United States, Japan",TV-MA,59,"Documentaries, International Movies",5,August,2019
s2014,Movie,Enter the Dragon,"Hong Kong, United States",R,103,"Action & Adventure, Classic Movies",1,January,2021
s2015,Movie,Enter the Warriors Gate,"France, Canada, China, Cambodia",PG-13,105,"Action & Adventure, International Movies, Sci-Fi & Fantasy",5,August,2017
s2016,TV Show,Episodes,"United Kingdom, United States",TV-MA,5,"Classic & Cult TV, TV Comedies",6,January,2018
s2017,Movie,Equals,"United States, Indonesia",PG-13,102,"Dramas, Romantic Movies, Sci-Fi & Fantasy",28,October,2018
s2018,TV Show,Equestria Girls: Tales of Canterlot High,"United States, Canada",TV-Y7,1,"Kids' TV, TV Comedies",1,October,2017
s2019,Movie,Equilibrium,United States,R,107,"Action & Adventure, Dramas, Sci-Fi & Fantasy",8,June,2019
s2020,TV Show,Equinox,"Denmark, United States",TV-MA,1,"International TV Shows, TV Mysteries, TV Thrillers",30,December,2020
s2021,TV Show,Erased,Japan,TV-14,1,"Anime Series, International TV Shows, TV Thrillers",1,September,2020
s2022,Movie,Eric Andre: Legalize Everything,United States,TV-MA,52,Stand-Up Comedy,23,June,2020
s2023,Movie,Eric ldle's What About Dick?,United States,TV-MA,81,"Comedies, Music & Musicals",2,October,2018
s2024,Movie,Errementari: The Blacksmith and the Devil,"Spain, France",TV-MA,99,"Horror Movies, International Movies, Sci-Fi & Fantasy",12,October,2018
s2025,Movie,Escape from Mr. Lemoncello’s Library,United States,TV-Y,69,Children & Family Movies,2,November,2019
s2026,Movie,"Escape from the ""Liberty"" Cinema",Poland,TV-MA,88,"Comedies, Dramas, Independent Movies",1,October,2019
s2027,Movie,Escaping Tel Aviv,Egypt,TV-14,120,"Action & Adventure, International Movies",19,May,2020
s2028,TV Show,Especial 20 años Fútbol de Primera,Unknown,TV-14,1,"Docuseries, International TV Shows, Spanish-Language TV Shows",20,May,2020
s2029,Movie,Esperando La Carroza,Argentina,NR,95,"Comedies, Cult Movies, International Movies",15,July,2018
s2030,Movie,Estar o no estar,Mexico,TV-14,100,"Dramas, International Movies, Romantic Movies",14,January,2017
s2031,TV Show,Eternal Love,China,TV-14,1,"International TV Shows, Romantic TV Shows, TV Dramas",17,November,2018
s2032,Movie,Ethirmarai,India,TV-14,91,"International Movies, Music & Musicals, Thrillers",1,April,2018
s2033,TV Show,Ethos,Turkey,TV-MA,1,"International TV Shows, TV Dramas",12,November,2020
s2034,TV Show,Eugenie Nights,Egypt,TV-14,1,"International TV Shows, Romantic TV Shows, TV Dramas",11,March,2019
s2035,Movie,Euphoria,Italy,R,110,"Dramas, International Movies, LGBTQ Movies",1,November,2019
s2036,TV Show,Eurovision Song Contest,Unknown,TV-PG,1,International TV Shows,23,July,2019
s2037,Movie,Eurovision Song Contest: The Story of Fire Saga,United States,PG-13,124,"Comedies, Music & Musicals, Romantic Movies",26,June,2020
s2038,Movie,Evan Almighty,United States,PG,96,"Children & Family Movies, Comedies, Faith & Spirituality",16,April,2019
s2039,Movie,EVANGELION: DEATH (TRUE)²,Japan,TV-MA,69,"Action & Adventure, Anime Features, International Movies",21,June,2019
s2040,Movie,Eve's Apple,Spain,TV-MA,91,"Documentaries, International Movies",1,January,2018
s2041,Movie,Evelyn,United Kingdom,TV-MA,96,"Documentaries, International Movies",10,September,2019
s2042,Movie,Even the Rain,"Spain, Mexico, France",TV-MA,103,"Dramas, International Movies",17,May,2011
s2043,Movie,Evening Shadows,India,TV-PG,102,"Dramas, Independent Movies, International Movies",27,February,2019
s2044,Movie,Event Horizon,"United Kingdom, United States",R,96,"Horror Movies, Sci-Fi & Fantasy",1,January,2020
s2045,TV Show,Ever After High,Canada,TV-Y7,5,Kids' TV,6,August,2020
s2046,Movie,Every Time I Die,United States,TV-MA,98,"Dramas, Independent Movies, Thrillers",25,February,2020
s2047,Movie,Everybody Knows,"Spain, France, Italy",R,133,"Dramas, International Movies, Thrillers",6,June,2019
s2048,Movie,Everyday I Love You,Philippines,TV-14,124,"Dramas, International Movies, Romantic Movies",4,March,2019
s2049,TV Show,Everyday Miracles,United Kingdom,TV-PG,1,"British TV Shows, Docuseries, International TV Shows",1,August,2017
s2050,Movie,Everything About Her,Philippines,TV-MA,127,"Comedies, Dramas, International Movies",14,March,2019
s2051,TV Show,Everything Sucks!,United States,TV-14,1,"TV Comedies, TV Dramas, Teen TV Shows",16,February,2018
s2052,TV Show,Evil,United States,TV-14,1,TV Dramas,1,October,2020
s2053,TV Show,Evil Genius,United States,TV-MA,1,"Crime TV Shows, Docuseries, TV Mysteries",11,May,2018
s2054,Movie,Evolution,United States,PG-13,102,"Comedies, Sci-Fi & Fantasy",20,November,2019
s2055,Movie,Evvarikee Cheppoddu,India,TV-14,134,"Comedies, International Movies, Romantic Movies",27,November,2019
s2056,Movie,Ex Machina,United Kingdom,R,108,"Dramas, Independent Movies, International Movies",26,July,2018
s2057,TV Show,Ex-Boyfriend,China,TV-14,1,"International TV Shows, Romantic TV Shows, TV Comedies",1,January,2017
s2058,TV Show,Examination of Conscience,Spain,TV-MA,1,"Crime TV Shows, Docuseries, International TV Shows",25,January,2019
s2059,TV Show,Exclusive Edition,Unknown,TV-14,1,"International TV Shows, TV Dramas",14,August,2017
s2060,Movie,Executive Decision,United States,R,133,Action & Adventure,1,November,2019
s2061,Movie,Exes Baggage,Philippines,TV-MA,103,"Dramas, International Movies, Romantic Movies",22,October,2020
s2062,TV Show,Exhibit A,United States,TV-MA,1,"Crime TV Shows, Docuseries, Science & Nature TV",28,June,2019
s2063,Movie,Exit Afghanistan,Norway,TV-MA,58,"Documentaries, International Movies",1,July,2016
s2064,Movie,Exit Strategy,United States,NR,79,"Comedies, Romantic Movies",3,March,2019
s2065,Movie,Exit Wounds,United States,R,101,Action & Adventure,1,October,2019
s2066,Movie,Expedition China,Unknown,TV-G,78,Documentaries,4,March,2018
s2067,Movie,Expedition Happiness,Germany,TV-PG,96,"Documentaries, International Movies",31,January,2018
s2068,Movie,Expelled from Paradise,Japan,TV-MA,103,"Action & Adventure, Anime Features, Sci-Fi & Fantasy",25,June,2018
s2069,TV Show,Explained,United States,TV-MA,2,"Docuseries, Science & Nature TV",26,September,2019
s2070,Movie,Expo,United States,TV-14,81,"Action & Adventure, Dramas, Independent Movies",29,August,2019
s2071,Movie,Extinction,United States,TV-MA,95,"Action & Adventure, Dramas, Sci-Fi & Fantasy",27,July,2018
s2072,Movie,Extraction,United States,R,117,Action & Adventure,24,April,2020
s2073,TV Show,Extracurricular,South Korea,TV-MA,1,"Crime TV Shows, International TV Shows, Korean TV Shows",29,April,2020
s2074,TV Show,Extras,"United Kingdom, United States",TV-MA,2,"British TV Shows, TV Comedies",31,March,2017
s2075,TV Show,Extreme Engagement,Unknown,TV-MA,1,"International TV Shows, Reality TV",12,July,2019
s2076,Movie,"Extremely Wicked, Shockingly Evil and Vile",United States,R,110,"Dramas, Independent Movies",3,May,2019
s2077,Movie,Extremis,United States,TV-PG,25,Documentaries,13,September,2016
s2078,Movie,Eye For An Eye,"Spain, France, United States",TV-MA,108,"Dramas, International Movies, Thrillers",15,January,2020
s2079,Movie,Eyyvah Eyyvah,Turkey,TV-MA,99,"Comedies, International Movies",10,March,2017
s2080,Movie,Eyyvah Eyyvah 2,Turkey,TV-PG,106,"Comedies, International Movies, Romantic Movies",10,March,2017
s2081,Movie,Eyyvah Eyyvah 3,Turkey,TV-PG,103,"Comedies, International Movies",10,March,2017
s2082,TV Show,Ezel,Turkey,TV-14,1,"Crime TV Shows, International TV Shows, TV Dramas",26,December,2016
s2083,TV Show,海的儿子,Unknown,TV-14,1,"International TV Shows, TV Dramas",27,April,2018
s2084,TV Show,F is for Family,"United States, France, Canada",TV-MA,4,TV Comedies,12,June,2020
s2085,Movie,F the Prom,United States,TV-MA,92,"Comedies, Romantic Movies",5,March,2018
s2086,Movie,F.R.E.D.I.,United States,TV-PG,90,"Children & Family Movies, Sci-Fi & Fantasy",15,December,2018
s2087,Movie,Fabrizio Copano: Solo pienso en mi,Chile,TV-MA,60,Stand-Up Comedy,8,September,2017
s2088,TV Show,Fabulous Lives of Bollywood Wives,India,TV-MA,1,"International TV Shows, Reality TV",27,November,2020
s2089,Movie,Face 2 Face,United States,TV-MA,89,"Dramas, Independent Movies",15,January,2018
s2090,Movie,Fadily Camara : La plus drôle de tes copines,France,TV-MA,54,Stand-Up Comedy,14,November,2019
s2091,TV Show,Fairy Tail,Japan,TV-MA,1,"Anime Series, International TV Shows",1,April,2017
s2092,Movie,"Faith, Hope & Love",United States,PG,106,"Comedies, Faith & Spirituality, Romantic Movies",4,February,2020
s2093,TV Show,Fake or Fortune?,United Kingdom,TV-G,1,"British TV Shows, Crime TV Shows, Docuseries",26,July,2019
s2094,Movie,Fakkah Fuzz: Almost Banned,Singapore,TV-MA,61,Stand-Up Comedy,26,January,2018
s2095,Movie,Fakta Ladh Mhana,India,TV-14,150,"Action & Adventure, Dramas, International Movies",15,February,2018
s2096,Movie,Fall Girls,United States,TV-14,80,Comedies,1,January,2020
s2097,TV Show,Fall in Love with Me,Taiwan,TV-14,1,"International TV Shows, Romantic TV Shows, TV Comedies",1,October,2016
s2098,Movie,Fallen,United States,R,124,Thrillers,1,November,2019
s2099,TV Show,Fallet,Sweden,TV-MA,1,"Crime TV Shows, International TV Shows, TV Comedies",1,April,2018
s2100,Movie,Falling Inn Love,United States,TV-PG,98,"Comedies, Romantic Movies",29,August,2019
s2101,TV Show,Falsa identidad,"Mexico, United States",TV-MA,1,"Crime TV Shows, Spanish-Language TV Shows, TV Dramas",1,June,2019
s2102,Movie,Falz Experience,Unknown,TV-MA,82,"International Movies, Music & Musicals",20,December,2019
s2103,TV Show,Familiar Wife,South Korea,TV-MA,1,"International TV Shows, Romantic TV Shows, TV Dramas",1,October,2020
s2104,Movie,Familiye,Germany,TV-MA,99,"Dramas, Independent Movies, International Movies",1,May,2019
s2105,Movie,Family Blood,United States,TV-MA,92,Horror Movies,5,May,2018
s2106,TV Show,Family Business,France,TV-MA,2,"International TV Shows, TV Comedies, TV Dramas",11,September,2020
s2107,TV Show,Family Reunion,United States,TV-PG,2,"Kids' TV, TV Comedies",20,January,2020
s2108,Movie,Famous in Ahmedabad,India,TV-14,29,"Documentaries, International Movies",15,December,2016
s2109,Movie,Fan of Amoory,United Arab Emirates,TV-G,109,"Children & Family Movies, Dramas, International Movies",14,May,2020
s2110,Movie,Fanatic,United States,TV-14,91,Thrillers,24,August,2019
s2111,Movie,Fanatyk,Poland,TV-MA,33,"Comedies, Dramas, Independent Movies",14,February,2020
s2112,Movie,Fandry,India,NR,102,"Dramas, Independent Movies, International Movies",1,January,2018
s2113,TV Show,Fangbone,Canada,TV-Y7,1,"Kids' TV, TV Comedies",22,April,2017
s2114,Movie,Fantastica,Philippines,TV-PG,114,"Comedies, International Movies, LGBTQ Movies",26,November,2020
s2115,Movie,Faraar,Australia,TV-14,146,"Action & Adventure, Dramas, International Movies",1,December,2018
s2116,Movie,Farce,Egypt,TV-MA,94,"Comedies, International Movies",6,June,2019
s2117,TV Show,Fartsa,Russia,TV-14,1,"Crime TV Shows, International TV Shows, TV Dramas",1,August,2017
s2118,TV Show,Fary : Hexagone,France,TV-MA,2,"International TV Shows, Stand-Up Comedy & Talk Shows, TV Comedies",16,April,2020
s2119,Movie,Fary Is the New Black,France,TV-MA,75,Stand-Up Comedy,3,April,2018
s2120,Movie,Fashion,India,TV-MA,158,"Dramas, International Movies",2,August,2018
s2121,TV Show,Fast & Furious Spy Racers,United States,TV-Y7,3,Kids' TV,26,December,2020
s2122,TV Show,Fastest Car,United States,TV-MA,2,Reality TV,20,September,2019
s2123,Movie,Fat Ballerina - David A. Arnold,United States,TV-MA,61,Stand-Up Comedy,2,March,2020
s2124,Movie,Fatal Affair,United States,TV-14,90,Thrillers,16,July,2020
s2125,TV Show,Fatal Destiny,Unknown,TV-MA,1,"Crime TV Shows, International TV Shows, TV Action & Adventure",13,July,2018
s2126,TV Show,Fate/Apocrypha,Japan,TV-MA,2,"Anime Series, International TV Shows",7,November,2017
s2127,TV Show,Fate/EXTRA Last Encore,Japan,TV-MA,2,"Anime Series, International TV Shows",30,October,2018
s2128,Movie,Fate/Grand Order -First Order-,Japan,TV-14,72,"Action & Adventure, Anime Features, International Movies",1,September,2020
s2129,TV Show,Fate/stay night: Unlimited Blade Works,Japan,TV-14,2,"Anime Series, International TV Shows",20,December,2018
s2130,TV Show,Fate/Zero,Japan,TV-MA,2,"Anime Series, International TV Shows",15,June,2019
s2131,TV Show,Father Brown,United Kingdom,TV-14,6,"British TV Shows, Crime TV Shows, TV Dramas",31,March,2018
s2132,Movie,Father of the Year,United States,TV-MA,95,Comedies,20,July,2018
s2133,Movie,Father Soldier Son,United States,R,100,Documentaries,17,July,2020
s2134,Movie,Fatso,India,TV-14,97,"Comedies, Dramas, International Movies",15,February,2019
s2135,TV Show,Fauda,Israel,TV-MA,3,"Crime TV Shows, International TV Shows, TV Action & Adventure",16,April,2020
s2136,Movie,Fear and Loathing in Las Vegas,United States,R,118,"Comedies, Cult Movies, Dramas",1,November,2019
s2137,TV Show,Fear City: New York vs The Mafia,United States,TV-MA,1,"Crime TV Shows, Docuseries",22,July,2020
s2138,TV Show,Fear Files... Har Mod Pe Darr,India,TV-MA,1,"International TV Shows, TV Horror, TV Thrillers",1,June,2017
s2139,Movie,Fearless,Canada,TV-Y7,92,"Children & Family Movies, Comedies",14,August,2020
s2140,TV Show,Feel Good,United Kingdom,TV-MA,1,"Romantic TV Shows, TV Comedies, TV Dramas",20,March,2020
s2141,Movie,Feel Rich,United States,TV-MA,70,Documentaries,23,August,2017
s2142,Movie,Feel the Beat,United States,TV-G,110,"Children & Family Movies, Comedies, Dramas",19,June,2020
s2143,TV Show,Felipe Esparza: Bad Decisions,United States,TV-MA,1,"Stand-Up Comedy & Talk Shows, TV Comedies",1,September,2020
s2144,Movie,Felipe Esparza: They're Not Going to Laugh at You,United States,TV-MA,58,Stand-Up Comedy,3,July,2018
s2145,Movie,Felipe Neto: My Life Makes No Sense,Brazil,TV-MA,91,Stand-Up Comedy,24,March,2017
s2146,Movie,Felix Lobrecht: Hype,Germany,TV-MA,60,Stand-Up Comedy,3,November,2020
s2147,Movie,Feminists: What Were They Thinking?,United States,TV-MA,86,"Documentaries, LGBTQ Movies",12,October,2018
s2148,Movie,Feo pero sabroso,Colombia,TV-MA,91,"Comedies, International Movies",30,August,2019
s2149,Movie,Fernando Sanjiao: Hombre,Argentina,TV-MA,63,Stand-Up Comedy,25,May,2018
s2150,Movie,Ferrari Ki Sawaari,India,TV-PG,133,"Comedies, International Movies, Sports Movies",1,August,2019
s2151,Movie,Ferris Bueller's Day Off,United States,PG-13,103,"Classic Movies, Comedies, Cult Movies",3,January,2020
s2152,Movie,Fida,India,TV-14,117,"International Movies, Romantic Movies, Thrillers",13,October,2020
s2153,Movie,Fiddler on the Roof,United States,G,181,"Classic Movies, Dramas, Music & Musicals",1,July,2020
s2154,Movie,Fierce,Poland,TV-MA,118,"Comedies, Dramas, International Movies",2,December,2020
s2155,Movie,Fifty,Nigeria,NR,101,"Dramas, International Movies",28,December,2015
s2156,Movie,Fifty Year Old Teenager,Unknown,TV-14,204,"Comedies, International Movies",21,May,2020
s2157,TV Show,Fifty: The Series,Nigeria,TV-14,2,"International TV Shows, Romantic TV Shows, TV Dramas",7,February,2020
s2158,Movie,Figaro Pho,United Kingdom,TV-Y7,29,"Children & Family Movies, Comedies",1,September,2016
s2159,TV Show,FIGHTWORLD,Unknown,TV-MA,1,Docuseries,12,October,2018
s2160,Movie,Figures of Speech,United States,TV-PG,92,Documentaries,21,December,2016
s2161,TV Show,Filinta,Turkey,TV-14,2,"Crime TV Shows, International TV Shows, TV Action & Adventure",15,April,2017
s2162,Movie,Filmworker,United States,TV-MA,94,Documentaries,1,November,2018
s2163,Movie,Filosofi Kopi The Movie,Indonesia,TV-PG,118,"Dramas, International Movies",11,October,2018
s2164,Movie,Final Destination,United States,R,98,"Cult Movies, Horror Movies, Thrillers",1,January,2020
s2165,Movie,Final Destination 2,"United States, Canada",R,90,"Horror Movies, Thrillers",1,January,2020
s2166,Movie,Final Destination 3,"United States, Germany",R,93,Horror Movies,1,January,2020
s2167,TV Show,FINAL FANTASY XIV Dad of Light,Japan,TV-PG,1,"International TV Shows, TV Dramas",1,September,2017
s2168,Movie,Finally Found Someone,Philippines,TV-14,125,"International Movies, Romantic Movies",14,March,2019
s2169,TV Show,Find Yourself,Unknown,TV-14,1,"International TV Shows, Romantic TV Shows, TV Comedies",29,January,2020
s2170,Movie,Finding Agnes,Philippines,TV-PG,106,"Dramas, International Movies",30,November,2020
s2171,Movie,Fire at Sea,"Italy, France",TV-14,114,"Documentaries, International Movies",21,March,2017
s2172,TV Show,Fire Chasers,United States,TV-MA,1,"Docuseries, Science & Nature TV",8,September,2017
s2173,Movie,Fire in Paradise,United States,TV-MA,40,Documentaries,1,November,2019
s2174,Movie,Fire in the Blood,India,TV-14,83,"Documentaries, International Movies",13,May,2020
s2175,Movie,Firebrand,India,TV-MA,117,"Dramas, International Movies",22,February,2019
s2176,Movie,Fireflies,India,TV-MA,99,"Dramas, Independent Movies, International Movies",24,April,2019
s2177,TV Show,Fireman Sam,United Kingdom,TV-Y,4,"British TV Shows, Kids' TV",15,October,2020
s2178,Movie,Fireplace 4K: Classic Crackling Fireplace from Fireplace for Your Home,Unknown,TV-G,60,Movies,21,December,2015
s2179,Movie,Fireplace 4K: Crackling Birchwood from Fireplace for Your Home,Unknown,TV-G,60,Movies,21,December,2015
s2180,Movie,Fireworks,Japan,TV-PG,91,"Anime Features, Romantic Movies",25,December,2019
s2181,TV Show,First and Last,Unknown,TV-MA,1,Docuseries,7,September,2018
s2182,Movie,First Impression,United States,TV-14,96,"Comedies, Romantic Movies",17,May,2019
s2183,Movie,First Kill,"United Kingdom, Canada, United States",R,102,Action & Adventure,1,September,2019
s2184,Movie,First Kiss,Netherlands,TV-14,90,"Dramas, International Movies, Romantic Movies",1,October,2019
s2185,Movie,First Love,Philippines,TV-MA,123,"Dramas, International Movies, Romantic Movies",12,November,2020
s2186,Movie,First Match,United States,TV-MA,103,"Dramas, Independent Movies, Sports Movies",30,March,2018
s2187,TV Show,First Team: Juventus,United States,TV-PG,2,"Docuseries, International TV Shows",6,July,2018
s2188,Movie,First They Killed My Father,"Cambodia, United States",TV-MA,137,Dramas,15,September,2017
s2189,Movie,FirstBorn,United Kingdom,TV-MA,90,"Horror Movies, International Movies",31,March,2017
s2190,Movie,Fisherman's Friends,United Kingdom,PG-13,112,"Comedies, Dramas, Music & Musicals",22,October,2020
s2191,Movie,Fishpeople,Unknown,TV-14,49,"Documentaries, Sports Movies",1,April,2018
s2192,Movie,Fishtail,United States,NR,61,Documentaries,1,October,2018
s2193,Movie,Fishtronaut: The Movie,Brazil,TV-Y,78,Children & Family Movies,25,April,2018
s2194,TV Show,Fit for Fashion,Unknown,TV-14,2,"International TV Shows, Reality TV",14,December,2018
s2195,Movie,Fitoor,India,TV-14,124,"Dramas, International Movies, Romantic Movies",2,August,2018
s2196,Movie,Fittest in Dubai,United Arab Emirates,TV-14,60,"Documentaries, International Movies, Sports Movies",15,April,2020
s2197,TV Show,Five Came Back,United States,TV-MA,1,Docuseries,31,March,2017
s2198,Movie,Five Elements Ninjas,Hong Kong,R,104,"Action & Adventure, International Movies",17,September,2019
s2199,Movie,Five Nights in Maine,United States,TV-MA,83,"Dramas, Independent Movies",1,April,2017
s2200,TV Show,Fix It and Finish It,United States,TV-G,3,Reality TV,20,July,2018
s2201,Movie,Fiza,India,TV-14,163,"Dramas, International Movies, Music & Musicals",2,August,2018
s2202,TV Show,Flaked,United States,TV-MA,2,"TV Comedies, TV Dramas",2,June,2017
s2203,Movie,Flash of Genius,"Canada, United States",PG-13,119,Dramas,16,January,2017
s2204,TV Show,Flavorful Origins,China,TV-G,3,"Docuseries, International TV Shows",20,November,2020
s2205,Movie,Flavors of Youth: International Version,"China, Japan",TV-PG,74,"Anime Features, International Movies, Romantic Movies",4,August,2018
s2206,Movie,Flimflam,Egypt,TV-14,102,"Comedies, International Movies",13,June,2019
s2207,TV Show,Flinch,United Kingdom,TV-PG,1,Reality TV,3,May,2019
s2208,TV Show,Flint Town,United States,TV-MA,1,"Docuseries, Science & Nature TV",2,March,2018
s2209,Movie,Flock of Four,United States,TV-MA,83,"Dramas, Independent Movies, Music & Musicals",1,August,2018
s2210,TV Show,Floor Is Lava,United States,TV-PG,1,Reality TV,19,June,2020
s2211,TV Show,Flowering Heart,South Korea,TV-Y7,1,"Kids' TV, Korean TV Shows",1,July,2019
s2212,TV Show,Flowers,United Kingdom,TV-MA,2,"British TV Shows, International TV Shows, TV Comedies",15,December,2018
s2213,Movie,Flying Guillotine 2,Hong Kong,TV-MA,88,"Action & Adventure, International Movies",31,July,2018
s2214,Movie,Follow Me,"United Arab Emirates, United States, United Kingdom",TV-MA,86,"Documentaries, International Movies",16,November,2018
s2215,TV Show,Follow This,United States,TV-MA,3,Docuseries,1,November,2018
s2216,TV Show,Followers,Japan,TV-MA,1,"International TV Shows, TV Dramas",27,February,2020
s2217,Movie,Food on the Go,"Argentina, Italy",TV-MA,66,"Documentaries, International Movies",16,May,2018
s2218,TV Show,Food Wars!: Shokugeki no Soma,Japan,TV-MA,2,"Anime Series, International TV Shows, Teen TV Shows",1,October,2020
s2219,TV Show,Food: Delicious Science,Unknown,TV-PG,1,"Docuseries, Science & Nature TV",1,October,2017
s2220,TV Show,Footprints in the Sand,United States,TV-14,1,"International TV Shows, TV Dramas",16,October,2017
s2221,Movie,Footprints: The Path of Your Life,Spain,PG,90,"Documentaries, Faith & Spirituality, International Movies",30,June,2017
s2222,Movie,For Colored Girls,United States,R,134,Dramas,1,May,2020
s2223,Movie,For Grace,United States,TV-PG,92,Documentaries,2,March,2016
s2224,Movie,For Greater Glory,Mexico,R,145,"Dramas, International Movies",2,August,2019
s2225,Movie,For Here or to Go?,"United States, India",TV-MA,105,"Comedies, Dramas, Independent Movies",15,August,2018
s2226,Movie,For Love or Money,United Kingdom,TV-MA,95,Comedies,16,August,2019
s2227,Movie,For the Birds,United States,TV-MA,93,Documentaries,1,September,2019
s2228,Movie,For the Broken Hearted,Philippines,TV-14,93,"Dramas, International Movies, Romantic Movies",15,April,2020
s2229,Movie,For the Love of Benji,United States,G,84,Children & Family Movies,6,March,2018
s2230,Movie,For the Love of Spock,"Canada, United States",TV-14,112,Documentaries,2,December,2016
s2231,TV Show,For the Win,United States,TV-14,1,Reality TV,31,December,2018
s2232,Movie,For Your Own Good,Spain,TV-MA,93,"Comedies, International Movies",1,October,2017
s2233,Movie,Forbidden Games: The Justin Fashanu Story,United Kingdom,TV-14,81,"Documentaries, International Movies, LGBTQ Movies",1,December,2017
s2234,Movie,Forbidden Planet,United States,G,98,"Action & Adventure, Classic Movies, Sci-Fi & Fantasy",1,November,2019
s2235,Movie,Force 2,India,TV-14,123,"Action & Adventure, International Movies",27,February,2017
s2236,TV Show,Forces of Nature,United Kingdom,TV-PG,1,"British TV Shows, Docuseries, Science & Nature TV",1,March,2017
s2237,Movie,Forensic,India,TV-14,132,"International Movies, Thrillers",7,June,2020
s2238,TV Show,Forensic Files,United States,TV-MA,9,"Crime TV Shows, Docuseries, Science & Nature TV",1,September,2016
s2239,TV Show,Forest of Piano,Japan,TV-14,2,"Anime Series, International TV Shows",24,June,2019
s2240,Movie,Forever Chape,Brazil,TV-MA,74,"Documentaries, International Movies, Sports Movies",2,August,2018
s2241,Movie,Forever Pure,"United Kingdom, Israel, Russia",TV-MA,87,"Documentaries, International Movies, Sports Movies",29,May,2017
s2242,TV Show,Forged in Fire,United States,TV-14,1,Reality TV,1,November,2020
s2243,TV Show,Forget Me Not,United Kingdom,TV-MA,1,"International TV Shows, TV Dramas",18,September,2017
s2244,Movie,Forgive Us Our Debts,"Italy, Switzerland, Albania, Poland",TV-MA,105,"Dramas, International Movies",4,May,2018
s2245,Movie,Forgotten,South Korea,TV-MA,109,"Dramas, International Movies, Thrillers",21,February,2018
s2246,Movie,Forks Over Knives,United States,PG,96,Documentaries,3,October,2019
s2247,TV Show,Formula 1: Drive to Survive,United Kingdom,TV-MA,2,Docuseries,28,February,2020
s2248,Movie,Fortune Feimster: Sweet & Salty,United States,TV-MA,61,Stand-Up Comedy,21,January,2020
s2249,Movie,Four Christmases,"Germany, United States",PG-13,88,"Comedies, Romantic Movies",1,January,2021
s2250,TV Show,Four Seasons in Havana,"Spain, Cuba",TV-MA,1,"Crime TV Shows, International TV Shows, Spanish-Language TV Shows",9,December,2016
s2251,Movie,Four Sisters and a Wedding,Philippines,TV-14,125,"Comedies, Dramas, International Movies",27,February,2019
s2252,Movie,Four Weddings and a Funeral,United Kingdom,R,118,"Classic Movies, Comedies, International Movies",1,August,2019
s2253,Movie,Fracture,"United States, Germany",R,113,"Dramas, Thrillers",1,April,2019
s2254,Movie,Fractured,United States,TV-MA,100,Thrillers,11,October,2019
s2255,Movie,Franca: Chaos and Creation,"United States, Italy",TV-MA,79,"Documentaries, International Movies",1,October,2017
s2256,Movie,Frances Ha,"United States, Brazil",R,86,"Comedies, Dramas, Independent Movies",1,October,2017
s2257,Movie,Francesco De Carlo: Cose di Questo Mondo,Italy,TV-MA,61,Stand-Up Comedy,12,April,2019
s2258,Movie,Franco Escamilla: Bienvenido al mundo,Mexico,TV-MA,54,Stand-Up Comedy,17,April,2019
s2259,Movie,Franco Escamilla: Por la anécdota,Mexico,TV-MA,66,Stand-Up Comedy,8,June,2018
s2260,Movie,Frank & Lola,United States,TV-MA,87,"Dramas, Thrillers",1,March,2020
s2261,Movie,Frank and Cindy,United States,TV-MA,70,"Documentaries, Music & Musicals",1,April,2016
s2262,TV Show,Frank Elstner: Just One Last Question,Germany,TV-MA,1,"International TV Shows, Stand-Up Comedy & Talk Shows",12,June,2020
s2263,Movie,"Frankenstein’s Monster’s Monster, Frankenstein",United States,TV-14,32,Comedies,16,July,2019
s2265,Movie,Frat Star,United States,TV-MA,85,Comedies,10,April,2017
s2266,Movie,Freak Show,United States,TV-MA,91,"Comedies, Dramas, Independent Movies",13,August,2020
s2267,Movie,Freaks,"United States, Canada",R,105,"Independent Movies, Sci-Fi & Fantasy, Thrillers",3,March,2020
s2268,Movie,Freaks – You're One of Us,Germany,TV-MA,93,"Dramas, Independent Movies, International Movies",2,September,2020
s2269,Movie,Fred Armisen: Standup For Drummers,Unknown,TV-PG,65,"Music & Musicals, Stand-Up Comedy",6,February,2018
s2270,Movie,Fred Claus,United States,PG,115,"Children & Family Movies, Comedies",1,January,2021
s2271,Movie,Free Fire,United Kingdom,R,91,"Action & Adventure, Comedies, Independent Movies",21,October,2019
s2272,TV Show,Free Rein,United States,TV-G,3,"British TV Shows, Kids' TV, TV Dramas",6,July,2019
s2273,Movie,Free Rein: The Twelve Neighs of Christmas,Unknown,TV-G,58,"Children & Family Movies, Dramas",7,December,2018
s2274,Movie,Free Rein: Valentine's Day,United States,TV-G,51,"Children & Family Movies, Dramas",1,February,2019
s2275,Movie,Free State of Jones,United States,R,139,"Action & Adventure, Dramas",1,October,2020
s2276,Movie,Free Willy,"United States, France, Mexico",PG,112,"Children & Family Movies, Dramas",1,January,2020
s2277,Movie,Freedom at Midnight,Unknown,TV-MA,135,"Dramas, International Movies, Thrillers",1,October,2018
s2278,Movie,Freej Al Taibeen,United Arab Emirates,TV-PG,99,"Comedies, Dramas, International Movies",29,May,2020
s2279,Movie,Freeway: Crack in the System,"United States, Nicaragua",R,103,Documentaries,15,December,2017
s2280,Movie,Freezer's Campaign,Egypt,TV-MA,116,"Comedies, International Movies",6,June,2019
s2281,Movie,French Dirty,United States,TV-MA,72,"Dramas, Independent Movies",4,February,2016
s2282,Movie,French Toast,South Africa,TV-PG,86,"Comedies, International Movies, Romantic Movies",12,February,2020
s2283,TV Show,Frequency,United States,TV-14,1,"Crime TV Shows, TV Dramas, TV Mysteries",4,September,2017
s2284,Movie,Freshman Year,United States,TV-PG,104,"Dramas, Faith & Spirituality",3,March,2020
s2285,TV Show,Freud,"Austria, Germany",TV-MA,1,"Crime TV Shows, International TV Shows, TV Dramas",23,March,2020
s2286,TV Show,Friday Night Tykes,United States,TV-PG,4,"Docuseries, Reality TV",17,January,2018
s2287,Movie,Friday the 13th,United States,R,97,Horror Movies,1,January,2020
s2288,Movie,Friend Request,Germany,R,92,"Horror Movies, International Movies",18,April,2018
s2290,TV Show,Friends from College,United States,TV-MA,2,"Romantic TV Shows, TV Comedies",11,January,2019
s2291,Movie,Friendship,India,TV-14,161,"Action & Adventure, Dramas, International Movies",1,April,2020
s2292,Movie,From A to B,"United Arab Emirates, Jordan, Lebanon",TV-MA,104,"Comedies, Dramas, International Movies",11,June,2020
s2293,TV Show,From Dusk Till Dawn,United States,TV-MA,3,"Classic & Cult TV, TV Action & Adventure, TV Horror",5,December,2016
s2294,Movie,From Japan to Egypt,Egypt,TV-14,93,"Children & Family Movies, Comedies, Dramas",6,June,2019
s2295,Movie,From One Second to the Next,United States,TV-14,35,Documentaries,15,April,2014
s2296,Movie,From Paris with Love,"France, United Kingdom, United States",R,93,"Action & Adventure, International Movies",8,September,2020
s2297,Movie,Froning: The Fittest Man in History,United States,PG,99,"Documentaries, International Movies, Sports Movies",15,July,2018
s2298,Movie,Fronteras,United States,TV-MA,106,"Dramas, Independent Movies, Thrillers",9,February,2020
s2299,TV Show,Frontier,Canada,TV-MA,3,"International TV Shows, TV Action & Adventure, TV Dramas",23,November,2018
s2300,TV Show,Frozen Planet,"United Kingdom, United States, Spain, Germany, Greece, Canada",TV-PG,1,"British TV Shows, Docuseries, International TV Shows",28,January,2016
s2301,Movie,Frozen Planet: On Thin Ice,"United Kingdom, United States, Spain, Germany, Greece, Canada",TV-PG,47,Movies,28,January,2016
s2302,Movie,Frozen Planet: The Epic Journey,"United Kingdom, United States, Spain, Germany, Greece, Canada",TV-PG,52,Movies,28,January,2016
s2303,Movie,Frozen River,United States,R,97,"Dramas, Independent Movies",1,July,2019
s2304,Movie,Fruitvale Station,United States,R,85,"Dramas, Independent Movies",12,November,2020
s2305,TV Show,Fugitiva,Spain,TV-MA,1,"Crime TV Shows, International TV Shows, Spanish-Language TV Shows",23,November,2018
s2306,Movie,Fukrey,India,TV-14,135,"Action & Adventure, Comedies, Dramas",15,December,2019
s2307,TV Show,Fukrey Boyzzz,Unknown,TV-Y,1,"Kids' TV, TV Comedies",19,September,2020
s2308,Movie,Fukrey Boyzzz: Space Mein Fukrapanti,India,TV-Y7,75,"Children & Family Movies, Comedies",13,November,2020
s2309,Movie,Full Count,United States,TV-PG,110,"Children & Family Movies, Dramas, Faith & Spirituality",23,February,2020
s2310,Movie,Full Out,"Canada, United States",TV-PG,88,"Children & Family Movies, Dramas, Sports Movies",1,September,2016
s2311,Movie,Full Out 2: You Got This!,United States,TV-Y,91,"Children & Family Movies, Dramas, Sports Movies",1,January,2021
s2312,TV Show,Fuller House,United States,TV-PG,5,TV Comedies,6,December,2019
s2313,Movie,FullMetal Alchemist,Japan,TV-PG,134,"Action & Adventure, Dramas, International Movies",19,February,2018
s2314,TV Show,Fullmetal Alchemist: Brotherhood,Japan,TV-14,5,"Anime Series, International TV Shows",1,January,2018
s2315,Movie,Fun Mom Dinner,United States,R,82,"Comedies, International Movies",31,December,2017
s2316,Movie,Funan,"France, Belgium, Luxembourg, Cambodia,",TV-14,87,"Dramas, International Movies",18,July,2020
s2317,Movie,Functional Fitness,United States,TV-MA,106,Documentaries,1,January,2018
s2318,Movie,Funny Boy,"Canada, United States",TV-MA,109,"Dramas, LGBTQ Movies",10,December,2020
s2319,Movie,Furie,Vietnam,TV-MA,97,"Action & Adventure, Dramas, International Movies",25,September,2019
s2320,Movie,Furthest Witness,"United States, United Kingdom",TV-MA,88,"Dramas, Thrillers",24,April,2019
s2321,TV Show,Futmalls.com,Unknown,TV-14,1,"Crime TV Shows, International TV Shows, TV Dramas",10,December,2020
s2322,Movie,FYRE: The Greatest Party That Never Happened,United States,TV-MA,98,Documentaries,18,January,2019
s2323,Movie,İstanbul Kırmızısı,"Italy, Turkey",TV-MA,110,"Dramas, Independent Movies, International Movies",28,April,2020
s2324,Movie,G-Force,United States,PG,88,"Children & Family Movies, Comedies",15,March,2019
s2325,Movie,G.O.R.A,Turkey,TV-MA,123,"Action & Adventure, Comedies, International Movies",10,March,2017
s2326,Movie,Görümce,Turkey,TV-MA,104,"Comedies, International Movies, Music & Musicals",28,April,2020
s2327,Movie,Gabbar Is Back,India,TV-14,128,"Action & Adventure, Dramas, International Movies",5,July,2020
s2328,TV Show,Gabby's Dollhouse,Unknown,TV-Y,1,Kids' TV,5,January,2021
s2329,Movie,"Gabriel ""Fluffy"" Iglesias: One Show Fits All",Unknown,TV-14,91,Stand-Up Comedy,29,January,2019
s2330,Movie,Gabriel and the Mountain,"Brazil, France",TV-MA,132,"Dramas, Independent Movies, International Movies",9,November,2018
s2331,Movie,Gabriel lglesias: I’m Sorry For What I Said When I Was Hungry,United States,TV-14,88,Stand-Up Comedy,20,December,2016
s2332,TV Show,Gabru: Hip Hop Revolution,India,TV-14,1,"International TV Shows, TV Dramas",1,June,2018
s2333,Movie,Gad Elmaleh: American Dream,United States,TV-14,58,Stand-Up Comedy,6,March,2018
s2334,Movie,Gad Gone Wild,France,TV-MA,57,Stand-Up Comedy,23,January,2017
s2335,Movie,Gaddar: the Traitor,India,TV-14,126,"Dramas, International Movies, Thrillers",1,November,2018
s2336,Movie,Gaga: Five Foot Two,United States,TV-MA,101,"Documentaries, Music & Musicals",22,September,2017
s2337,Movie,Gagarin: First in Space,Russia,TV-14,108,"Dramas, International Movies",15,September,2017
s2338,TV Show,Galavant,United States,TV-PG,2,"TV Action & Adventure, TV Comedies",7,September,2016
s2339,Movie,Galih dan Ratna,Indonesia,TV-PG,111,"Dramas, International Movies, Romantic Movies",15,September,2018
s2340,Movie,Game,India,TV-14,135,"International Movies, Thrillers",15,December,2019
s2341,TV Show,GAME ON: A Comedy Crossover Event,United States,TV-G,1,"Kids' TV, TV Comedies",10,August,2020
s2342,Movie,Game Over,Egypt,TV-14,96,"Comedies, International Movies, Romantic Movies",19,May,2020
s2343,Movie,Game Over (Hindi Version),Unknown,TV-MA,98,"Horror Movies, International Movies, Thrillers",21,August,2019
s2344,Movie,Game Over (Tamil Version),"India, Turkey",TV-MA,98,"Horror Movies, International Movies, Thrillers",21,August,2019
s2345,Movie,Game Over (Telugu Version),Unknown,TV-MA,98,"Horror Movies, International Movies, Thrillers",21,August,2019
s2346,Movie,"Game Over, Man!",United States,TV-MA,102,"Action & Adventure, Comedies",23,March,2018
s2347,TV Show,Game Winning Hit,Taiwan,TV-MA,1,"International TV Shows, TV Comedies, TV Dramas",1,September,2016
s2348,TV Show,Gameboys Level-Up Edition,Unknown,TV-14,1,"International TV Shows, Romantic TV Shows, TV Comedies",30,December,2020
s2349,Movie,Gang of the Caribbean,France,TV-MA,86,"Dramas, International Movies",31,January,2020
s2350,Movie,Gangaajal,India,TV-MA,148,"Dramas, International Movies",8,January,2021
s2351,TV Show,Gangs of Hassepur,India,TV-PG,1,"International TV Shows, Stand-Up Comedy & Talk Shows, TV Comedies",15,April,2017
s2352,Movie,Gangs of New York,"United States, Italy",R,167,Dramas,20,August,2019
s2353,Movie,GANTZ:O,Japan,TV-MA,96,"Action & Adventure, Anime Features, Horror Movies",18,February,2017
s2354,Movie,Garbage,India,TV-MA,109,"Dramas, Independent Movies, International Movies",1,September,2018
s2355,Movie,Gardeners of Eden,"Kenya, United States",TV-14,70,Documentaries,6,February,2020
s2356,Movie,Garfield Gets Real,United States,TV-Y,78,"Children & Family Movies, Comedies",1,January,2020
s2357,Movie,Garfield's Fun Fest,"United States, South Korea",TV-Y7,79,"Children & Family Movies, Comedies",1,January,2020
s2358,Movie,Garfield's Pet Force,"South Korea, United States",G,78,"Children & Family Movies, Comedies",1,January,2020
s2359,Movie,Garfunkel and Oates: Trying to be Special,United States,TV-MA,62,"Music & Musicals, Stand-Up Comedy",23,December,2016
s2361,TV Show,Garth Brooks: The Road I’m On,United States,TV-PG,1,Docuseries,2,June,2020
s2362,Movie,Garuda Di Dadaku,Indonesia,TV-PG,96,"Children & Family Movies, Dramas, Sports Movies",9,October,2018
s2363,Movie,Garuda in My Heart 2,Indonesia,TV-PG,95,"Children & Family Movies, Dramas, Sports Movies",30,November,2018
s2364,Movie,Gatao 2: Rise of the King,Taiwan,TV-MA,126,"Action & Adventure, Dramas, International Movies",9,May,2019
s2365,Movie,Gbomo Gbomo Express,Nigeria,TV-MA,97,"Dramas, International Movies",26,February,2020
s2366,Movie,Gehenna: Where Death Lives,"Japan, United States",TV-MA,107,"Horror Movies, Thrillers",10,December,2018
s2367,Movie,Gelo,India,TV-MA,118,"Dramas, International Movies",15,December,2017
s2368,Movie,Gemini,India,TV-PG,130,Dramas,1,July,2018
s2369,Movie,GEN HOSHINO STADIUM TOUR “POP VIRUS”,Unknown,TV-14,154,"International Movies, Music & Musicals",10,October,2019
s2370,Movie,Gender Revolution: A Journey with Katie Couric,United States,TV-PG,90,"Documentaries, LGBTQ Movies",1,February,2018
s2371,Movie,Generation Iron 2,United States,PG-13,107,"Documentaries, Sports Movies",1,October,2017
s2372,Movie,Generation Iron 3,United States,TV-MA,95,"Documentaries, Sports Movies",15,April,2019
s2373,Movie,Genius,India,TV-14,96,"Dramas, International Movies",17,February,2019
s2374,TV Show,Genius of the Ancient World,United Kingdom,TV-PG,1,"British TV Shows, Docuseries, International TV Shows",1,August,2017
s2375,TV Show,Genius of the Modern World,United Kingdom,TV-PG,1,"British TV Shows, Docuseries, International TV Shows",1,August,2017
s2376,TV Show,Gentefied,United States,TV-MA,1,"TV Comedies, TV Dramas",21,February,2020
s2377,TV Show,Gentlemen and Gangsters,Sweden,TV-MA,1,"Crime TV Shows, International TV Shows, Romantic TV Shows",1,June,2016
s2378,Movie,George Lopez: We'll Do It For Half,United States,TV-MA,52,Stand-Up Comedy,30,June,2020
s2379,Movie,George of the Jungle 2,"United States, Australia",PG,87,"Children & Family Movies, Comedies",20,December,2016
s2380,Movie,Gerald's Game,United States,TV-MA,103,"Horror Movies, Thrillers",29,September,2017
s2381,TV Show,Geronimo Stilton,"Italy, Canada, France",TV-Y,1,"Kids' TV, TV Comedies",31,December,2017
s2382,TV Show,Get Even,United Kingdom,TV-PG,1,"British TV Shows, Crime TV Shows, International TV Shows",31,July,2020
s2383,Movie,Get Him to the Greek,United States,R,109,"Comedies, Music & Musicals",16,January,2020
s2384,Movie,Get In,"France, Belgium",TV-MA,98,"International Movies, Thrillers",1,May,2020
s2385,Movie,Get Me Roger Stone,United States,TV-MA,101,Documentaries,12,May,2017
s2386,TV Show,Get Organized with The Home Edit,United States,TV-PG,1,Reality TV,9,September,2020
s2387,Movie,Get Santa,"United Kingdom, United States",PG,103,"Children & Family Movies, Comedies",12,December,2014
s2388,TV Show,Get Shorty,United States,TV-MA,1,"Crime TV Shows, TV Comedies, TV Dramas",1,November,2018
s2389,Movie,Get Smart,United States,PG-13,110,"Action & Adventure, Comedies",1,April,2019
s2390,Movie,Getaway Plan,Spain,TV-MA,104,"International Movies, Thrillers",1,November,2017
s2391,Movie,Getting Played,United States,PG-13,85,"Comedies, Romantic Movies",1,November,2019
s2392,Movie,Ghadi,Lebanon,TV-MA,101,"Comedies, Dramas, International Movies",19,October,2020
s2393,Movie,Ghanchakkar,India,TV-MA,129,"Comedies, International Movies, Thrillers",1,November,2018
s2394,Movie,Ghayal,India,TV-14,163,"Action & Adventure, Dramas, International Movies",31,December,2019
s2395,Movie,Ghost House,"Thailand, United States",TV-MA,100,Horror Movies,31,December,2017
s2396,TV Show,Ghost in the Shell: SAC_2045,"Japan, United States",TV-14,1,"Anime Series, Crime TV Shows, International TV Shows",23,April,2020
s2397,Movie,Ghost of the Mountains,United States,G,78,Documentaries,13,September,2017
s2398,Movie,Ghost Pain,Japan,TV-MA,58,"Action & Adventure, Anime Features, International Movies",24,February,2019
s2399,Movie,Ghost Patrol,Canada,TV-Y7,47,"Children & Family Movies, Comedies",1,October,2017
s2400,Movie,Ghost Rider,"United States, Australia",PG-13,110,"Action & Adventure, Sci-Fi & Fantasy",1,October,2020
s2401,Movie,Ghost Stories,India,TV-MA,145,"Horror Movies, International Movies, Thrillers",1,January,2020
s2402,Movie,Ghost Tears,Japan,TV-MA,58,"Action & Adventure, Anime Features, International Movies",24,February,2019
s2403,TV Show,Ghost Town Gold,United States,TV-14,1,Reality TV,2,October,2019
s2404,Movie,Ghost Whispers,Japan,TV-14,56,"Action & Adventure, Anime Features, International Movies",24,February,2019
s2405,Movie,Ghosts of Sugar Land,United States,TV-MA,22,Documentaries,16,October,2019
s2406,Movie,Ghosts of War,United Kingdom,R,95,Horror Movies,25,November,2020
s2407,TV Show,GHOUL,India,TV-MA,1,"International TV Shows, TV Dramas, TV Horror",24,August,2018
s2408,Movie,Ghulam-E-Musthafa,India,TV-MA,161,"Action & Adventure, Dramas, International Movies",31,December,2019
s2409,Movie,Gie,Indonesia,TV-14,141,"Dramas, International Movies",15,September,2018
s2410,TV Show,Gigantosaurus,United States,TV-Y,1,Kids' TV,18,July,2020
s2411,Movie,Gigi,United States,G,115,"Classic Movies, Comedies, Music & Musicals",1,November,2019
s2412,TV Show,Gilmore Girls,United States,TV-14,7,"Romantic TV Shows, TV Comedies, TV Dramas",1,October,2017
s2413,TV Show,Gilmore Girls: A Year in the Life,United States,TV-14,1,"TV Comedies, TV Dramas, Teen TV Shows",25,November,2016
s2414,Movie,Gimme Shelter,United States,PG-13,101,"Dramas, Independent Movies",1,January,2021
s2415,Movie,GIMS: On the Record,France,TV-MA,96,"Documentaries, International Movies, Music & Musicals",17,September,2020
s2416,Movie,Gina Yashere: Laughing to America,Unknown,TV-MA,68,Stand-Up Comedy,31,December,2018
s2417,Movie,Gina Yashere: Skinny B*tch,United Kingdom,TV-MA,58,Stand-Up Comedy,31,December,2018
s2418,Movie,Ginger & Rosa,"United Kingdom, Denmark, Canada, Croatia",PG-13,90,"Dramas, Independent Movies",15,July,2018
s2419,Movie,Ginny Weds Sunny,India,TV-MA,126,"Comedies, International Movies, Romantic Movies",9,October,2020
s2420,TV Show,Giri / Haji,United Kingdom,TV-MA,1,"British TV Shows, Crime TV Shows, International TV Shows",10,January,2020
s2421,Movie,Girl,"Netherlands, Belgium",R,106,"Dramas, International Movies, LGBTQ Movies",15,March,2019
s2422,TV Show,Girl from Nowhere,Thailand,TV-MA,1,"International TV Shows, TV Dramas, TV Mysteries",1,November,2018
s2423,Movie,Girl on the Third Floor,United States,TV-MA,92,Horror Movies,22,February,2020
s2424,Movie,"Girl, Boy, Bakla, Tomboy",Philippines,TV-14,103,"Comedies, International Movies",27,February,2019
s2425,Movie,Girl's Revenge,Taiwan,TV-MA,82,"Dramas, International Movies",6,November,2020
s2426,TV Show,Girlboss,United States,TV-MA,1,TV Comedies,21,April,2017
s2427,Movie,Girlfriend's Day,United States,TV-MA,71,"Comedies, Independent Movies",14,February,2017
s2428,TV Show,Girlfriends,United States,TV-14,8,TV Comedies,11,September,2020
s2429,TV Show,Girlfriends' Guide to Divorce,United States,TV-MA,5,"TV Comedies, TV Dramas",14,June,2019
s2430,TV Show,Girls Hostel,India,TV-MA,1,"International TV Shows, TV Comedies, TV Dramas",1,October,2019
s2431,TV Show,Girls Incarcerated,United States,TV-MA,2,"Docuseries, Reality TV",21,June,2019
s2432,TV Show,Girls und Panzer,Japan,TV-PG,1,"Anime Series, International TV Shows",15,December,2019
s2433,Movie,Girls und Panzer der Film,Japan,TV-MA,121,"Action & Adventure, Anime Features, International Movies",22,November,2019
s2434,Movie,Girls With Balls,"France, Belgium",TV-MA,77,"Comedies, Horror Movies, International Movies",26,July,2019
s2435,Movie,Giving Voice,United States,PG-13,91,Documentaries,11,December,2020
s2436,TV Show,Glee,United States,TV-14,6,"TV Comedies, TV Dramas, Teen TV Shows",18,July,2015
s2437,TV Show,Glitch,Australia,TV-MA,3,"International TV Shows, TV Dramas, TV Horror",25,September,2019
s2438,TV Show,Glitch Techs,United States,TV-Y7,2,Kids' TV,17,August,2020
s2439,TV Show,Glitter Force,Japan,TV-Y7,2,"Anime Series, Kids' TV",26,August,2016
s2440,TV Show,Glitter Force Doki Doki,Japan,TV-Y7,2,"Anime Series, Kids' TV",10,November,2017
s2441,TV Show,GLOW,United States,TV-MA,3,"TV Comedies, TV Dramas",9,August,2019
s2442,TV Show,Glow Up,United Kingdom,TV-14,2,"British TV Shows, International TV Shows, Reality TV",14,August,2020
s2443,Movie,GLOW: The Story of the Gorgeous Ladies of Wrestling,United States,NR,77,"Documentaries, Sports Movies",31,March,2017
s2444,TV Show,Glowing Embers,Unknown,TV-14,1,"International TV Shows, TV Dramas",14,August,2017
s2445,Movie,Gnome Alone,"United Kingdom, Canada, United States, Cayman Islands",PG,86,"Children & Family Movies, Comedies",19,October,2018
s2446,Movie,Go Karts,Australia,TV-PG,103,"Children & Family Movies, Dramas",13,March,2020
s2447,TV Show,Go! Go! Cory Carson,United States,TV-Y,3,Kids' TV,26,December,2020
s2448,Movie,Go! Go! Cory Carson: The Chrissy,United States,TV-Y,42,Children & Family Movies,1,May,2020
s2449,TV Show,Go! Live Your Way,Argentina,TV-PG,2,"Kids' TV, Spanish-Language TV Shows, Teen TV Shows",21,June,2019
s2450,Movie,GO! The Unforgettable Party,Argentina,TV-PG,60,"Children & Family Movies, Music & Musicals",15,November,2019
s2451,Movie,God Bless the Broken Road,United States,PG,111,"Children & Family Movies, Dramas, Faith & Spirituality",9,February,2019
s2452,TV Show,God Eater,Japan,TV-14,1,"Anime Series, International TV Shows",15,July,2019
s2453,Movie,God Knows Where I Am,United States,TV-PG,103,Documentaries,22,October,2018
s2454,Movie,God of War,"China, Hong Kong",NR,129,"Action & Adventure, International Movies",16,December,2017
s2455,Movie,God's Not Dead,United States,PG,113,"Dramas, Faith & Spirituality",1,April,2020
s2456,Movie,God's Not Dead: A Light in Darkness,United States,PG,106,"Dramas, Faith & Spirituality",4,December,2018
s2457,Movie,God's Own Country,United Kingdom,TV-MA,105,"Dramas, Independent Movies, International Movies",1,May,2018
s2458,TV Show,Godless,United States,TV-MA,1,TV Dramas,22,November,2017
s2459,TV Show,Godzilla,Japan,TV-14,1,TV Shows,17,January,2018
s2460,Movie,GODZILLA City on the Edge of Battle,Japan,TV-14,101,"Action & Adventure, Anime Features, International Movies",18,July,2018
s2461,Movie,GODZILLA The Planet Eater,Japan,TV-PG,91,"Action & Adventure, Anime Features, International Movies",9,January,2019
s2462,TV Show,Goedam,South Korea,TV-MA,1,"International TV Shows, TV Horror, TV Mysteries",20,August,2020
s2463,Movie,Going for Gold,Australia,TV-G,88,"Children & Family Movies, Dramas, International Movies",15,July,2018
s2464,Movie,Gol Maal,India,TV-PG,137,"Classic Movies, Comedies, International Movies",31,December,2019
s2465,Movie,Golden Time,Japan,TV-Y,22,"International Movies, Sci-Fi & Fantasy",1,November,2017
s2466,Movie,GoldenEye,"United Kingdom, United States",PG-13,130,Action & Adventure,31,December,2019
s2467,Movie,Goldie,United States,TV-MA,89,Dramas,22,June,2020
s2468,TV Show,Goldie & Bear,United States,TV-Y,2,Kids' TV,31,October,2018
s2469,Movie,Goldstone,Australia,R,110,Thrillers,10,December,2018
s2470,Movie,Gollu Aur Pappu,India,TV-14,112,"Action & Adventure, Comedies, International Movies",5,July,2020
s2471,Movie,Golmaal Returns,India,TV-MA,135,"Comedies, International Movies, Music & Musicals",28,September,2020
s2472,Movie,Golmaal: Fun Unlimited,India,TV-14,148,"Comedies, International Movies",31,December,2019
s2473,TV Show,Gomorrah,"Italy, Germany",TV-MA,2,"Crime TV Shows, International TV Shows, TV Dramas",21,August,2017
s2474,Movie,Gone are the Days,United States,R,100,Independent Movies,1,January,2019
s2475,TV Show,Gonul,Turkey,TV-14,1,"International TV Shows, TV Dramas, TV Thrillers",12,July,2017
s2476,Movie,Good and Prosperous,Egypt,TV-14,101,"Comedies, International Movies",10,December,2019
s2477,Movie,Good Burger,United States,PG,96,"Children & Family Movies, Comedies",1,January,2021
s2478,Movie,Good Game: The Beginning,Turkey,TV-14,115,"Dramas, International Movies, Sports Movies",3,October,2020
s2479,TV Show,Good Girls,United States,TV-MA,2,"Crime TV Shows, TV Comedies, TV Dramas",31,December,2019
s2480,Movie,Good Hair,United States,PG-13,96,Documentaries,1,January,2021
s2481,Movie,Good Kids,United States,R,90,"Comedies, Independent Movies",19,January,2017
s2482,Movie,Good Kill,United States,R,103,Dramas,2,April,2017
s2483,Movie,Good Kisser,United States,TV-MA,75,"Comedies, Dramas, Independent Movies",20,August,2020
s2484,Movie,Good Luck,Egypt,TV-MA,99,"Dramas, International Movies",21,June,2019
s2485,Movie,Good Luck Chuck,"United States, Canada",UR,99,"Comedies, Romantic Movies",1,October,2019
s2486,TV Show,Good Morning Call,Japan,TV-14,2,"International TV Shows, Romantic TV Shows, TV Comedies",28,November,2017
s2487,TV Show,"Good Morning, Verônica",Brazil,TV-MA,1,"Crime TV Shows, International TV Shows, TV Mysteries",1,October,2020
s2488,Movie,"Good Night, and Good Luck","United States, France, United Kingdom, Japan",PG,93,Dramas,2,June,2019
s2489,Movie,Good People,"United States, United Kingdom, Denmark, Sweden",R,90,"Action & Adventure, Thrillers",8,September,2017
s2490,Movie,Good Sam,United States,TV-PG,90,"Children & Family Movies, Dramas",16,May,2019
s2491,Movie,Good Time,United States,R,101,"Dramas, Independent Movies, Thrillers",11,February,2020
s2492,TV Show,Good Witch,"United States, Canada",TV-PG,5,"TV Dramas, TV Sci-Fi & Fantasy",30,April,2020
s2493,TV Show,Goodbye My Wife,South Korea,TV-14,1,"International TV Shows, Korean TV Shows, Romantic TV Shows",15,December,2016
s2494,Movie,GoodFellas,United States,R,145,"Classic Movies, Dramas",1,January,2021
s2495,TV Show,Goodnight DJ 1,Unknown,TV-14,2,"International TV Shows, TV Dramas, TV Horror",27,April,2018
s2496,Movie,Gook,United States,TV-MA,95,"Dramas, Independent Movies",6,March,2018
s2497,Movie,Goon,"United States, Canada",R,92,"Comedies, Sports Movies",15,August,2017
s2498,Movie,Goon: Last of the Enforcers,Canada,R,102,"Comedies, International Movies, Sports Movies",30,December,2017
s2499,TV Show,Goosebumps,Canada,TV-G,5,"Kids' TV, TV Thrillers",19,November,2014
s2500,Movie,Goosebumps 2: Haunted Halloween,"United States, United Kingdom",PG,90,"Children & Family Movies, Comedies",25,April,2019
s2501,Movie,Gori Tere Pyaar Mein,India,TV-14,144,"Comedies, Dramas, International Movies",1,April,2020
s2502,TV Show,Gormiti,"Spain, Italy",TV-Y,1,Kids' TV,1,December,2020
s2503,Movie,Gosford Park,"United States, United Kingdom, Italy",R,137,"Comedies, Dramas, International Movies",1,November,2019
s2504,TV Show,Gossip Girl,United States,TV-14,6,"TV Dramas, Teen TV Shows",8,October,2013
s2505,TV Show,Gotham,United States,TV-MA,5,"Crime TV Shows, TV Action & Adventure, TV Dramas",30,September,2019
s2506,Movie,Gothika,"United States, France, Canada, Spain",R,98,"Horror Movies, Thrillers",1,January,2021
s2507,Movie,Gour Hari Dastaan: The Freedom File,India,TV-14,109,"Dramas, Independent Movies, International Movies",15,October,2017
s2508,Movie,Goyo: The Boy General,Philippines,TV-MA,150,"Dramas, International Movies",26,January,2019
s2509,TV Show,Grace and Frankie,United States,TV-MA,6,"TV Comedies, TV Dramas",15,January,2020
s2510,TV Show,Graceful Friends,South Korea,TV-MA,1,"Crime TV Shows, International TV Shows, TV Dramas",12,November,2020
s2511,Movie,Gran Torino,"Germany, United States",R,117,Dramas,1,October,2020
s2512,TV Show,GRANBLUE FANTASY the Animation,Japan,TV-PG,1,"Anime Series, International TV Shows",15,July,2019
s2513,TV Show,Grand Army,United States,TV-MA,1,"TV Dramas, Teen TV Shows",16,October,2020
s2514,TV Show,Grand Designs,United Kingdom,TV-14,2,"British TV Shows, International TV Shows, Reality TV",1,August,2019
s2515,TV Show,Grand Hotel,Spain,TV-PG,3,"International TV Shows, Romantic TV Shows, Spanish-Language TV Shows",1,November,2017
s2516,Movie,Grand Masti,India,TV-MA,93,"Comedies, International Movies, Music & Musicals",1,March,2018
s2517,Movie,Grand-Daddy Day Care,United States,PG-13,96,"Children & Family Movies, Comedies",25,December,2019
s2518,Movie,Grandmaster,India,TV-14,133,"International Movies, Thrillers",1,November,2018
s2519,Movie,Grandmother's Farm,United Arab Emirates,TV-14,71,"Comedies, Horror Movies, International Movies",28,May,2020
s2520,Movie,Grandmother's Farm Part 2,United Arab Emirates,TV-14,80,"Comedies, Horror Movies, International Movies",28,May,2020
s2521,Movie,Grass,United States,TV-MA,57,"Comedies, Independent Movies",14,February,2019
s2522,Movie,Grass Is Greener,Unknown,TV-MA,98,Documentaries,20,April,2019
s2523,Movie,Grease,United States,PG,110,"Classic Movies, Comedies, Music & Musicals",1,November,2019
s2524,TV Show,Great Interior Design Challenge,United Kingdom,TV-PG,2,"British TV Shows, International TV Shows, Reality TV",1,December,2018
s2525,TV Show,Great News,United States,TV-14,2,TV Comedies,25,October,2018
s2526,TV Show,Great Pretender,Japan,TV-MA,2,"Anime Series, Crime TV Shows, International TV Shows",25,November,2020
s2527,TV Show,Great Yellowstone Thaw,United Kingdom,TV-PG,1,"Docuseries, Science & Nature TV",1,October,2017
s2528,Movie,Greater,United States,PG,131,"Children & Family Movies, Dramas, Sports Movies",31,March,2020
s2529,TV Show,Greatest Events of WWII in Colour,United Kingdom,TV-14,1,"British TV Shows, Docuseries, International TV Shows",8,November,2019
s2530,TV Show,Green Door,Taiwan,TV-MA,1,"International TV Shows, Romantic TV Shows, TV Comedies",17,March,2019
s2531,TV Show,Green Eggs and Ham,"United Kingdom, Canada, United States",TV-Y7,1,"Kids' TV, TV Action & Adventure, TV Comedies",8,November,2019
s2532,TV Show,Green Frontier,Colombia,TV-MA,1,"Crime TV Shows, International TV Shows, Spanish-Language TV Shows",16,August,2019
s2533,Movie,Green Room,United States,R,95,"Horror Movies, Thrillers",12,November,2018
s2534,Movie,Green White Green (And All the Beautiful Colours in My Mosaic of Madness),Nigeria,TV-MA,102,"Comedies, Independent Movies, International Movies",1,January,2018
s2535,TV Show,Greenhouse Academy,United States,TV-PG,4,"Kids' TV, TV Dramas, Teen TV Shows",20,March,2020
s2536,TV Show,Greenleaf,United States,TV-14,5,TV Dramas,10,September,2020
s2537,Movie,Greg Davies: You Magnificent Beast,United Kingdom,TV-MA,66,Stand-Up Comedy,10,April,2018
s2538,Movie,Grego Rossello: Disculpe las molestias,Argentina,TV-MA,65,Stand-Up Comedy,31,October,2019
s2539,TV Show,Grey's Anatomy,United States,TV-14,16,"Romantic TV Shows, TV Dramas",9,May,2020
s2540,Movie,Gridlocked,Canada,R,114,Action & Adventure,14,July,2016
s2541,Movie,Grillo vs Grillo,Italy,TV-MA,96,Stand-Up Comedy,10,February,2017
s2542,Movie,Gringo: The Dangerous Life of John McAfee,United States,TV-MA,97,Documentaries,1,April,2018
s2543,Movie,Grizzlies,Canada,R,106,"Dramas, Independent Movies, Sports Movies",15,December,2020
s2544,TV Show,Grizzy et les Lemmings,France,TV-Y,2,"Kids' TV, TV Comedies",12,December,2020
s2545,Movie,Growing Up Coy,United States,TV-PG,82,"Documentaries, LGBTQ Movies",6,January,2017
s2546,Movie,Growing Up Wild,United States,G,78,"Children & Family Movies, Documentaries",19,February,2017
s2547,Movie,Guatemala: Heart of the Mayan World,"Uruguay, Guatemala",TV-G,67,"Documentaries, International Movies",30,November,2019
s2548,Movie,Guest House,United States,R,84,Comedies,18,December,2020
s2549,Movie,Guillermo Vilas: Settling the Score,Argentina,TV-14,95,"Documentaries, International Movies, Sports Movies",27,October,2020
s2550,Movie,Guilty,India,TV-MA,120,"Dramas, International Movies",6,March,2020
s2551,Movie,Gumrah,India,TV-14,149,"Action & Adventure, Dramas, International Movies",1,April,2020
s2552,Movie,Gun City,"Spain, France",TV-MA,126,"Dramas, International Movies, Thrillers",31,October,2018
s2553,Movie,Gun Runners,Canada,TV-PG,90,"Documentaries, International Movies, Sports Movies",1,February,2017
s2554,Movie,Guna 369,India,TV-MA,143,"Action & Adventure, Dramas, International Movies",15,November,2019
s2555,Movie,Gunjan Saxena: The Kargil Girl,India,TV-14,113,"Action & Adventure, Dramas, International Movies",12,August,2020
s2557,Movie,Gurgaon,India,TV-14,106,"Dramas, International Movies, Thrillers",1,May,2018
s2558,TV Show,Gurren Lagann,Japan,TV-14,1,"Anime Series, International TV Shows",1,September,2017
s2559,Movie,Guru,India,TV-PG,155,"Dramas, International Movies",1,March,2018
s2560,TV Show,Guru Aur Bhole,Unknown,TV-Y7,3,"Kids' TV, TV Comedies",1,March,2019
s2561,Movie,Guy Martin: Last Flight of the Vulcan Bomber,United Kingdom,TV-G,57,"Documentaries, International Movies",26,July,2019
s2562,Movie,Guzaarish,India,TV-14,121,"Dramas, International Movies",2,August,2018
s2563,TV Show,Gypsy,"United States, United Kingdom",TV-MA,1,TV Dramas,30,June,2017
s2564,TV Show,H,France,TV-MA,4,"International TV Shows, TV Comedies",1,September,2020
s2565,Movie,Héroes,Chile,TV-MA,91,"Comedies, International Movies",19,August,2018
s2566,Movie,Hükümet Kadin,Turkey,TV-MA,100,"Comedies, International Movies",10,March,2017
s2567,Movie,Hükümet Kadin 2,Turkey,TV-14,101,"Comedies, International Movies",10,March,2017
s2568,TV Show,H2O: Just Add Water,Australia,TV-PG,3,"Kids' TV, TV Dramas",2,October,2020
s2569,TV Show,H2O: Mermaid Adventures,"Germany, Australia, France, China",TV-Y7,2,Kids' TV,15,July,2015
s2570,TV Show,Ha Unlimited,Unknown,TV-MA,2,"International TV Shows, TV Comedies",11,May,2018
s2571,Movie,Haani,India,TV-14,137,"Dramas, International Movies, Music & Musicals",1,October,2018
s2572,Movie,Haapus,India,TV-14,138,"Comedies, Dramas, International Movies",15,March,2018
s2573,Movie,Habibie & Ainun,"Indonesia, Singapore",TV-14,125,"Dramas, International Movies, Romantic Movies",28,January,2019
s2574,TV Show,Hache,Spain,TV-MA,1,"Crime TV Shows, International TV Shows, Spanish-Language TV Shows",1,November,2019
s2575,Movie,Hadi İnşallah,Turkey,TV-14,95,"Comedies, International Movies, Romantic Movies",4,April,2018
s2576,Movie,Haider,India,TV-MA,154,"Dramas, International Movies, Romantic Movies",2,August,2018
s2577,TV Show,Haikyu!!,Japan,TV-14,2,"Anime Series, International TV Shows, Teen TV Shows",1,November,2019
s2578,Movie,"Hail, Caesar!","United States, United Kingdom, Japan",PG-13,106,Comedies,16,April,2020
s2579,Movie,Hairspray,"United States, United Kingdom, Canada",PG,116,"Children & Family Movies, Comedies, Music & Musicals",1,January,2020
s2580,Movie,Hajwala 2: Mysterious Mission,United Arab Emirates,TV-14,116,"Action & Adventure, Comedies, International Movies",8,March,2019
s2581,Movie,Hajwala: The Missing Engine,United Arab Emirates,TV-PG,97,"Action & Adventure, Dramas, International Movies",1,November,2017
s2582,Movie,Hakkunde,Nigeria,TV-14,93,"Comedies, Dramas, Independent Movies",31,January,2020
s2583,TV Show,Half & Half,United States,TV-14,4,TV Comedies,15,October,2020
s2584,Movie,Half Girlfriend,India,TV-14,129,"Dramas, International Movies, Romantic Movies",2,January,2020
s2585,Movie,Halkaa,India,TV-14,111,"Comedies, Dramas, Independent Movies",15,November,2018
s2586,Movie,HALO Legends,"United States, Japan",PG-13,117,"Action & Adventure, Anime Features, Sci-Fi & Fantasy",1,May,2017
s2587,Movie,Halo: The Fall of Reach,United States,TV-14,65,"Action & Adventure, Sci-Fi & Fantasy",7,March,2016
s2588,TV Show,Halt and Catch Fire,United States,TV-14,4,TV Dramas,14,December,2017
s2589,Movie,Hamara Dil Aapke Paas Hai,India,TV-14,158,"Dramas, International Movies, Music & Musicals",1,March,2018
s2590,Movie,Hamburger Hill,United States,R,110,"Action & Adventure, Dramas",23,November,2019
s2591,Movie,Hamid,India,TV-MA,108,"Dramas, Independent Movies, International Movies",15,May,2019
s2592,Movie,Hamza's Suitcase,Egypt,TV-14,79,"Comedies, International Movies",2,May,2019
s2593,Movie,Handsome Devil,Ireland,TV-MA,95,"Comedies, Dramas, International Movies",1,August,2017
s2594,TV Show,Handsome Siblings,China,TV-14,1,"International TV Shows, TV Dramas, TV Sci-Fi & Fantasy",16,January,2020
s2595,Movie,Handsome: A Netflix Mystery Movie,United States,TV-MA,81,Comedies,5,May,2017
s2596,TV Show,Hangar 1: The UFO Files,Unknown,TV-PG,1,Docuseries,2,May,2020
s2597,Movie,Hangman,United States,R,99,Thrillers,6,May,2020
s2598,Movie,Hank: Five Years from the Brink,United States,TV-14,86,Documentaries,25,August,2018
s2599,Movie,Hannah Gadsby: Douglas,Australia,TV-MA,73,Stand-Up Comedy,26,May,2020
s2600,Movie,Hannah Gadsby: Nanette,Australia,TV-MA,70,Stand-Up Comedy,19,June,2018
s2601,TV Show,Hannibal,United States,TV-MA,3,"TV Horror, TV Mysteries, TV Thrillers",6,June,2020
s2602,Movie,Hannibal Buress: Comedy Camisado,United States,TV-MA,68,Stand-Up Comedy,5,February,2016
s2603,Movie,Hans Teeuwen: Real Rancour,Netherlands,TV-MA,86,Stand-Up Comedy,1,July,2017
s2604,Movie,Hans Zimmer: Live in Prague,United Kingdom,TV-G,138,"International Movies, Music & Musicals",1,March,2018
s2605,Movie,Hantu Kak Limah,Malaysia,TV-PG,110,"Comedies, Horror Movies, International Movies",31,January,2019
s2606,TV Show,Hap and Leonard,United States,TV-MA,3,"Crime TV Shows, TV Dramas",6,March,2019
s2607,TV Show,Happy 300 Days,Taiwan,TV-14,1,"International TV Shows, Romantic TV Shows, TV Comedies",1,January,2017
s2608,TV Show,Happy And,South Korea,TV-14,1,"International TV Shows, Korean TV Shows, TV Dramas",15,December,2016
s2609,Movie,Happy Anniversary,United States,TV-MA,78,"Comedies, Romantic Movies",30,March,2018
s2610,Movie,Happy as Lazzaro,"Italy, Switzerland, France, Germany",PG-13,127,"Dramas, Independent Movies, International Movies",30,November,2018
s2611,Movie,Happy Go Lucky,India,TV-14,129,"Comedies, International Movies, Music & Musicals",1,October,2018
s2612,Movie,Happy Hunting,United States,TV-MA,91,"Horror Movies, Independent Movies",1,January,2018
s2613,TV Show,Happy Jail,Unknown,TV-MA,1,"Crime TV Shows, Docuseries",14,August,2019
s2614,Movie,Happy New Year,India,TV-14,179,"Action & Adventure, Comedies, Dramas",1,February,2017
s2615,Movie,Happy Old Year,Thailand,TV-MA,113,"Dramas, International Movies, Romantic Movies",26,March,2020
s2616,Movie,Happy Times,Mexico,NR,79,"Comedies, International Movies, Romantic Movies",8,February,2017
s2617,TV Show,Happy Valley,United Kingdom,TV-MA,2,"British TV Shows, Crime TV Shows, International TV Shows",16,March,2016
s2618,TV Show,Happy!,United States,TV-MA,2,"Crime TV Shows, TV Action & Adventure, TV Comedies",27,March,2020
s2619,TV Show,Happyish,United States,TV-MA,1,"TV Comedies, TV Dramas",1,July,2016
s2620,Movie,Har Kisse Ke Hisse: Kaamyaab,India,TV-14,105,"Dramas, International Movies",2,May,2020
s2621,Movie,Haraamkhor,India,TV-14,93,"Dramas, Independent Movies, International Movies",1,February,2017
s2622,Movie,Hard Kill,United States,R,98,Action & Adventure,23,November,2020
s2623,Movie,Hard Lessons,United States,TV-14,94,Dramas,1,October,2011
s2624,Movie,Hard Tide,United Kingdom,TV-MA,79,"Dramas, Independent Movies",6,September,2017
s2625,Movie,Hardcore Henry,"Russia, United States, China",R,96,"Action & Adventure, International Movies, Sci-Fi & Fantasy",1,August,2020
s2626,TV Show,Hardy Bucks,Ireland,TV-MA,4,TV Comedies,11,January,2019
s2627,Movie,Hari Kondabolu: Warn Your Relatives,United States,TV-MA,67,Stand-Up Comedy,8,May,2018
s2628,Movie,Harishchandrachi Factory,India,TV-PG,99,"Dramas, International Movies",1,October,2018
s2629,Movie,Harith Iskander: I Told You So,United States,TV-14,62,Stand-Up Comedy,19,January,2018
s2630,Movie,Harlem Globetrotters: The Team That Changed the World,Unknown,TV-14,55,"Documentaries, Sports Movies",1,November,2019
s2631,Movie,Harold & Kumar Escape from Guantanamo Bay,United States,R,101,"Comedies, Cult Movies",1,October,2019
s2632,Movie,Harold & Kumar Go to White Castle,"United States, Canada, Germany",R,88,"Comedies, Cult Movies",1,January,2020
s2633,Movie,Harold and Lillian: A Hollywood Love Story,United States,TV-14,95,Documentaries,25,November,2018
s2634,TV Show,Harold Shipman - Driven to Kill,United Kingdom,TV-14,1,"British TV Shows, Crime TV Shows, Docuseries",1,February,2019
s2635,Movie,Harriet the Spy: Blog Wars,"United States, Canada",TV-G,87,"Children & Family Movies, Comedies",15,April,2018
s2636,TV Show,Harry & Bunnie,Malaysia,TV-Y7,1,"Kids' TV, TV Comedies",15,October,2017
s2637,Movie,Harry and Snowman,United States,TV-PG,83,"Documentaries, Sports Movies",15,January,2017
s2638,Movie,Harry Benson: Shoot First,United States,NR,90,Documentaries,1,May,2017
s2639,TV Show,Hart of Dixie,United States,TV-PG,4,"TV Comedies, TV Dramas",15,December,2015
s2640,Movie,Harud,India,TV-MA,100,"Dramas, International Movies",1,October,2016
s2641,TV Show,Harvey Street Kids,United States,TV-Y7,4,"Kids' TV, TV Comedies",10,January,2020
s2642,Movie,Hasan Minhaj: Homecoming King,Unknown,TV-MA,73,Stand-Up Comedy,23,May,2017
s2643,Movie,Hasee Toh Phasee,India,TV-14,135,"Comedies, Dramas, International Movies",1,April,2020
s2644,Movie,Haseena Maan Jaayegi,India,TV-PG,151,"Action & Adventure, Comedies, Dramas",1,March,2018
s2645,TV Show,Hashoter Hatov,Israel,TV-MA,1,"Crime TV Shows, International TV Shows, TV Comedies",28,December,2018
s2646,TV Show,Hasmukh,India,TV-MA,1,"Crime TV Shows, International TV Shows, TV Comedies",17,April,2020
s2647,Movie,Hasta los dientes,Mexico,TV-MA,109,"Documentaries, International Movies",13,August,2019
s2648,TV Show,Hatchimals | Adventures in Hatchtopia,United States,TV-Y,2,Kids' TV,1,July,2019
s2649,TV Show,Haters Back Off,United States,TV-PG,2,"TV Comedies, Teen TV Shows",20,October,2017
s2650,TV Show,Hati Perempuan,Indonesia,TV-14,1,"International TV Shows, Romantic TV Shows, TV Dramas",21,August,2017
s2651,Movie,Hattrick,India,TV-14,109,"Comedies, Dramas, International Movies",1,November,2018
s2652,TV Show,Haunted,"United States, Czech Republic",TV-MA,2,"Reality TV, TV Horror, TV Thrillers",11,October,2019
s2653,TV Show,Haunted House,Unknown,TV-G,1,"Kids' TV, Korean TV Shows",1,December,2018
s2654,Movie,Haunters: The Art of the Scare,United States,TV-MA,89,"Documentaries, Horror Movies",2,January,2018
s2655,Movie,Haunting on Fraternity Row,United States,TV-MA,99,"Horror Movies, Independent Movies",1,March,2019
s2656,Movie,Have a Good Trip: Adventures in Psychedelics,United States,TV-MA,86,Documentaries,11,May,2020
s2657,TV Show,"Have You Ever Fallen in Love, Miss Jiang?",Unknown,TV-14,1,"Crime TV Shows, International TV Shows, TV Dramas",1,August,2017
s2658,Movie,Have You Seen the Listers?,Australia,TV-MA,86,"Documentaries, International Movies",1,February,2019
s2659,TV Show,Haven,"Canada, United States",TV-14,5,"Classic & Cult TV, TV Horror, TV Mysteries",8,September,2015
s2660,Movie,Havenhurst,United States,TV-MA,85,"Horror Movies, Thrillers",10,June,2017
s2661,Movie,Hawaizaada,India,TV-14,129,"Dramas, International Movies, Romantic Movies",19,November,2020
s2662,Movie,Hayat Öpücügü,Turkey,TV-14,98,"Comedies, Dramas, International Movies",10,March,2017
s2663,Movie,Haywire,"Ireland, United States",R,93,Action & Adventure,1,March,2020
s2664,Movie,Hazaaron Khwaishein Aisi,"India, France",TV-MA,111,"Dramas, International Movies, Romantic Movies",15,April,2019
s2665,Movie,Hazel Brugger: Tropical,Germany,TV-MA,58,Stand-Up Comedy,2,December,2020
s2666,Movie,He Even Has Your Eyes,"France, Belgium",TV-MA,95,"Comedies, International Movies",1,May,2017
s2667,Movie,He Named Me Malala,"United States, United Arab Emirates",PG-13,89,Documentaries,1,June,2018
s2668,Movie,He Never Died,Canada,R,97,"Comedies, Horror Movies",18,March,2016
s2669,Movie,He's Out There,United States,R,89,"Horror Movies, Thrillers",12,January,2019
s2670,Movie,Head Count,United States,TV-MA,90,"Horror Movies, Independent Movies",13,September,2019
s2671,Movie,Head On,Australia,TV-MA,104,"Dramas, Independent Movies, LGBTQ Movies",25,August,2018
s2672,Movie,Headshot,Indonesia,TV-MA,119,"Action & Adventure, International Movies",3,June,2017
s2673,TV Show,Headspace Guide to Meditation,United States,TV-G,1,"Docuseries, Science & Nature TV",1,January,2021
s2674,Movie,Headwinds,"France, Belgium",TV-MA,92,"Dramas, Independent Movies, International Movies",1,January,2017
s2675,Movie,Heal,United States,TV-14,107,Documentaries,1,February,2019
s2676,TV Show,Heart & Soul,Unknown,TV-14,1,"International TV Shows, TV Dramas",20,November,2020
s2677,TV Show,Heartbreak High,Australia,TV-14,7,"International TV Shows, TV Dramas, Teen TV Shows",27,November,2020
s2678,Movie,Heartbreakers,United States,PG-13,124,"Comedies, Romantic Movies",31,December,2019
s2679,TV Show,Heartland,Canada,TV-14,11,TV Dramas,1,August,2019
s2680,Movie,Heartthrob,United States,TV-MA,87,Thrillers,1,January,2018
s2681,Movie,Heaven Without People,Lebanon,TV-MA,91,"Dramas, International Movies",15,May,2020
s2682,TV Show,Heaven's Garden,South Korea,TV-MA,1,"International TV Shows, Korean TV Shows, TV Dramas",15,December,2016
s2683,TV Show,Heavy Rescue: 401,Canada,TV-MA,2,"International TV Shows, Reality TV",22,June,2018
s2684,Movie,Hedgehogs,"United States, China",PG,94,Children & Family Movies,1,April,2019
s2685,TV Show,Heidi,"France, Australia, Germany",TV-Y7,1,Kids' TV,1,September,2020
s2686,TV Show,"Heidi, bienvenida a casa",Argentina,TV-Y,1,"Kids' TV, Spanish-Language TV Shows",15,May,2019
s2687,Movie,Helios,"Hong Kong, China, United States",TV-14,118,"Action & Adventure, International Movies",1,December,2018
s2688,TV Show,Helix,"United States, Canada",TV-MA,1,"TV Horror, TV Mysteries, TV Sci-Fi & Fantasy",10,November,2018
s2689,Movie,Hell and Back,United States,R,86,"Action & Adventure, Comedies, Independent Movies",6,September,2018
s2690,TV Show,Hell on Wheels,"Canada, United Kingdom",TV-14,5,"Crime TV Shows, TV Action & Adventure",28,May,2016
s2691,Movie,Hell or High Water,United States,R,102,"Dramas, Independent Movies",1,January,2019
s2692,Movie,Hellboy,United States,PG-13,122,"Action & Adventure, Cult Movies, Sci-Fi & Fantasy",1,December,2018
s2693,Movie,Hello Brother,India,TV-14,126,"Action & Adventure, Comedies, International Movies",4,January,2021
s2694,TV Show,Hello Ninja,United States,TV-Y,3,Kids' TV,10,July,2020
s2695,Movie,"Hello, Love, Goodbye",Philippines,TV-14,117,"Dramas, International Movies, Romantic Movies",24,December,2020
s2696,TV Show,"Hello, My Twenties!",South Korea,TV-MA,2,"International TV Shows, Korean TV Shows, Romantic TV Shows",18,December,2017
s2697,Movie,"Hello, Privilege. It's Me, Chelsea",United States,TV-MA,65,Documentaries,13,September,2019
s2698,TV Show,Hemlock Grove,United States,TV-MA,3,"TV Horror, TV Mysteries, TV Thrillers",23,October,2015
s2699,Movie,Heneral Luna,Philippines,R,118,"Dramas, International Movies",31,October,2018
s2700,TV Show,Henry Danger,United States,TV-G,3,"Kids' TV, TV Comedies",15,January,2021
s2701,Movie,Her,United States,R,126,"Dramas, Romantic Movies, Sci-Fi & Fantasy",29,July,2018
s2702,TV Show,Her Mother's Killer,Colombia,TV-MA,1,"International TV Shows, Spanish-Language TV Shows, TV Dramas",26,August,2020
s2703,Movie,Her Only Choice,United States,TV-14,87,Dramas,2,May,2019
s2704,Movie,Hera Pheri,India,TV-14,156,"Action & Adventure, Comedies, Dramas",31,December,2019
s2705,Movie,Here Alone,United States,TV-MA,97,Horror Movies,1,July,2017
s2706,TV Show,Here to Heart,China,TV-14,1,"International TV Shows, Romantic TV Shows, TV Dramas",23,October,2018
s2707,Movie,Heritages,"Lebanon, United Arab Emirates, France, Switzerland, Germany",TV-14,96,"Documentaries, International Movies",19,October,2020
s2708,Movie,Hero,"Hong Kong, China",TV-MA,89,"Action & Adventure, International Movies",1,August,2018
s2709,TV Show,HERO MASK,Unknown,TV-14,2,"Anime Series, Crime TV Shows, International TV Shows",23,August,2019
s2710,Movie,Heroes Wanted,Spain,TV-MA,97,"Action & Adventure, Comedies, International Movies",1,February,2017
s2711,Movie,Heroin(e),United States,TV-14,40,Documentaries,12,September,2017
s2712,Movie,Heroine,India,TV-MA,143,"Dramas, International Movies",1,November,2018
s2713,TV Show,Herrens veje,Denmark,TV-MA,2,"International TV Shows, TV Dramas",1,June,2019
s2714,Movie,Hey Arnold! The Jungle Movie,"United States, South Korea, Japan",TV-PG,81,"Children & Family Movies, Comedies",2,November,2019
s2715,TV Show,"Hi Bye, Mama!",South Korea,TV-14,1,"International TV Shows, Korean TV Shows, Romantic TV Shows",23,February,2020
s2716,TV Show,Hi Score Girl,Japan,TV-14,2,"Anime Series, International TV Shows, Romantic TV Shows",9,April,2020
s2717,TV Show,Hibana: Spark,Japan,TV-MA,1,"International TV Shows, TV Dramas",2,June,2016
s2718,Movie,Hickok,United States,TV-MA,88,Action & Adventure,24,July,2020
s2719,Movie,Hidden in Plain Sight,United States,TV-14,87,"Dramas, Independent Movies, Thrillers",30,October,2020
s2720,TV Show,Hidden Singer,South Korea,TV-Y7,1,"International TV Shows, Korean TV Shows, Reality TV",19,May,2017
s2721,TV Show,Hidden Worlds,Egypt,TV-14,1,"Crime TV Shows, International TV Shows, TV Dramas",5,February,2019
s2722,Movie,Hide & Seek,India,TV-14,96,"Horror Movies, International Movies, Thrillers",1,March,2018
s2723,Movie,Hide and Seek,China,TV-14,104,"International Movies, Thrillers",19,August,2017
s2724,Movie,High & Low The Movie,Japan,TV-MA,129,"Action & Adventure, International Movies",20,September,2020
s2725,Movie,High & Low The Movie 2 / End of Sky,Japan,TV-MA,124,"Action & Adventure, International Movies",20,September,2020
s2726,Movie,High & Low The Movie 3 / Final Mission,Japan,TV-MA,118,"Action & Adventure, International Movies",20,September,2020
s2727,Movie,High & Low The Red Rain,Japan,TV-MA,111,"Action & Adventure, International Movies",20,September,2020
s2728,Movie,High & Low The Worst,Unknown,TV-MA,125,"Action & Adventure, International Movies",20,September,2020
s2729,Movie,High End Yaariyan,India,TV-14,120,"Comedies, International Movies, Romantic Movies",1,December,2019
s2730,Movie,High Flying Bird,United States,TV-MA,91,"Dramas, Sports Movies",8,February,2019
s2731,TV Show,High Risk,United States,TV-PG,1,"Docuseries, Reality TV",1,September,2017
s2732,TV Show,High Score,United States,TV-14,1,"Docuseries, Science & Nature TV",19,August,2020
s2733,TV Show,High Seas,Spain,TV-MA,3,"Crime TV Shows, International TV Shows, Spanish-Language TV Shows",7,August,2020
s2734,Movie,High Society,South Korea,TV-MA,137,"Dramas, International Movies",29,January,2019
s2735,Movie,High Strung Free Dance,"Romania, United States",TV-14,104,"Dramas, Music & Musicals, Romantic Movies",31,May,2020
s2736,TV Show,Highland: Thailand's Marijuana Awakening,Thailand,TV-MA,1,"Docuseries, International TV Shows",19,May,2017
s2737,Movie,Highly Strung,Australia,TV-14,80,"Documentaries, International Movies, Music & Musicals",1,February,2017
s2738,Movie,Highway,India,TV-14,127,"Action & Adventure, Dramas, International Movies",2,August,2018
s2739,TV Show,Highway Thru Hell,Canada,TV-PG,3,Reality TV,3,December,2019
s2740,TV Show,Highway to Heaven,United States,TV-PG,5,TV Dramas,1,November,2016
s2741,Movie,Hikaru Utada Laughter in the Dark Tour 2018,Japan,TV-PG,141,"International Movies, Music & Musicals",26,June,2019
s2742,TV Show,Hilda,"United Kingdom, Canada, United States",TV-Y7,2,Kids' TV,14,December,2020
s2743,Movie,Hillbilly Elegy,United States,R,117,Dramas,24,November,2020
s2744,Movie,Himmatwala,India,TV-14,140,"Action & Adventure, Comedies, International Movies",1,November,2018
s2745,TV Show,Hinterland,United Kingdom,TV-14,3,"British TV Shows, Crime TV Shows, International TV Shows",1,August,2017
s2746,TV Show,Hip-Hop Evolution,Canada,TV-MA,4,"Docuseries, International TV Shows",17,January,2020
s2747,Movie,Hiroshima: The Real History,United Kingdom,TV-PG,95,Documentaries,31,March,2017
s2748,Movie,His House,United Kingdom,TV-14,93,"Horror Movies, Independent Movies",30,October,2020
s2749,Movie,Hisss,"India, United States",TV-MA,97,"Horror Movies, International Movies, Thrillers",1,December,2017
s2750,TV Show,Historia de un clan,Argentina,TV-MA,1,"Crime TV Shows, International TV Shows, Spanish-Language TV Shows",13,January,2017
s2751,TV Show,Historical Roasts,United States,TV-MA,1,"Stand-Up Comedy & Talk Shows, TV Comedies",27,May,2019
s2752,TV Show,History 101,United Kingdom,TV-14,1,"British TV Shows, Docuseries, International TV Shows",22,May,2020
s2753,Movie,History of Joy,India,TV-14,118,"Dramas, International Movies",1,August,2018
s2754,TV Show,History of Swear Words,United States,TV-MA,1,"Docuseries, TV Comedies",5,January,2021
s2755,TV Show,History's Greatest Hoaxes,Australia,TV-PG,1,"British TV Shows, Docuseries",12,July,2019
s2756,Movie,Hit & Run,United States,R,100,"Action & Adventure, Comedies, Romantic Movies",8,November,2019
s2757,Movie,Hitch,United States,PG-13,118,"Comedies, Romantic Movies",1,January,2020
s2758,Movie,Hitler - A Career,West Germany,TV-MA,150,"Documentaries, International Movies",10,February,2017
s2759,TV Show,Hitler's Circle of Evil,United Kingdom,TV-14,1,"British TV Shows, Docuseries, International TV Shows",22,February,2018
s2760,Movie,Hitler's Olympics,United Kingdom,TV-PG,44,"Documentaries, Sports Movies",1,August,2016
s2761,Movie,Hitler's Steel Beast,France,TV-14,54,"Documentaries, International Movies",1,November,2017
s2762,TV Show,Hjørdis,Denmark,TV-MA,1,"International TV Shows, TV Comedies, TV Dramas",15,February,2019
s2763,Movie,Ho Mann Jahaan,Pakistan,TV-PG,170,"Dramas, International Movies, Romantic Movies",1,July,2017
s2764,TV Show,Hoarders,Unknown,TV-PG,1,Reality TV,2,May,2020
s2765,TV Show,Hoff the Record,United Kingdom,TV-MA,2,"British TV Shows, TV Comedies",31,March,2017
s2766,TV Show,Hogie the Globehopper,United States,TV-Y,1,Kids' TV,1,August,2017
s2767,Movie,Hokkabaz,Turkey,TV-MA,118,"Comedies, Dramas, International Movies",10,March,2017
s2768,Movie,Hold the Dark,United States,TV-MA,126,"Action & Adventure, Dramas",28,September,2018
s2769,Movie,Holding the Man,Australia,TV-MA,128,"Dramas, International Movies, LGBTQ Movies",1,August,2016
s2770,Movie,Hole in the Wall,South Africa,TV-MA,104,"Dramas, International Movies",11,July,2020
s2771,Movie,Holidate,United States,TV-MA,105,"Comedies, Romantic Movies",28,October,2020
s2772,TV Show,Holiday Home Makeover with Mr. Christmas,United States,TV-G,1,Reality TV,18,November,2020
s2773,Movie,Holiday in the Wild,United States,TV-PG,86,"Children & Family Movies, Dramas, Romantic Movies",1,November,2019
s2774,Movie,Holiday Rush,United States,TV-PG,94,"Children & Family Movies, Dramas",28,November,2019
s2775,TV Show,Holiday Secrets,Germany,TV-MA,1,"International TV Shows, TV Dramas",20,November,2019
s2776,Movie,Holidays,"United States, Ireland",TV-MA,106,"Comedies, Horror Movies",15,July,2016
s2777,Movie,Holly Star,United States,PG,92,"Children & Family Movies, Comedies, Romantic Movies",1,November,2019
s2778,TV Show,Hollywood,United States,TV-MA,1,TV Dramas,1,May,2020
s2779,Movie,Holy Camp!,Spain,TV-MA,108,"Comedies, Dramas, Faith & Spirituality",29,January,2018
s2780,Movie,Holy Expectations,Unknown,TV-14,89,"Children & Family Movies, Comedies, International Movies",15,December,2019
s2781,Movie,Holy Goalie,Spain,TV-MA,95,"Comedies, International Movies, Sports Movies",27,April,2018
s2782,Movie,Holy Hell,United States,NR,103,Documentaries,1,September,2016
s2783,Movie,Holy Man 2,Thailand,TV-14,92,"Comedies, Faith & Spirituality, International Movies",30,July,2018
s2784,Movie,Holy Man 3,Thailand,TV-MA,102,"Comedies, Faith & Spirituality, International Movies",30,July,2018
s2785,Movie,Hombanna,India,TV-14,126,"Dramas, International Movies",1,May,2018
s2786,TV Show,Home for Christmas,Norway,TV-MA,2,"International TV Shows, Romantic TV Shows, TV Comedies",18,December,2020
s2787,TV Show,Home Game,United States,TV-MA,1,Docuseries,26,June,2020
s2788,Movie,Home Is Where the Killer Is,United States,TV-14,87,"Dramas, Thrillers",9,October,2019
s2789,TV Show,Home: Adventures with Tip & Oh,United States,TV-Y7,4,"Kids' TV, TV Comedies",20,July,2018
s2790,Movie,HOMECOMING: A film by Beyoncé,Unknown,TV-MA,138,"Documentaries, Music & Musicals",17,April,2019
s2791,Movie,Homeland,Unknown,TV-PG,73,"Dramas, Independent Movies, International Movies",15,October,2019
s2792,TV Show,Homemade,"Chile, Italy",TV-MA,1,"International TV Shows, TV Dramas",30,June,2020
s2793,Movie,Hometown Holiday,Canada,TV-G,84,Romantic Movies,15,November,2020
s2794,Movie,Honey 2,United States,PG-13,111,"Dramas, Romantic Movies",1,October,2019
s2795,Movie,Honey: Rise Up and Dance,United States,PG-13,100,Dramas,3,April,2018
s2796,Movie,Honeymoon Travels Pvt. Ltd.,India,TV-14,119,"Comedies, Dramas, International Movies",15,December,2019
s2797,Movie,Honeytrap,United Kingdom,TV-MA,94,"Dramas, Independent Movies",20,May,2020
s2798,TV Show,Hong Kong West Side Stories,Hong Kong,TV-MA,1,"International TV Shows, TV Comedies, TV Dramas",30,April,2019
s2799,Movie,Hoodwinked Too! Hood vs. Evil,United States,PG,86,"Children & Family Movies, Comedies",3,November,2018
s2800,Movie,Hook,United States,PG,142,Children & Family Movies,15,January,2021
s2801,TV Show,Hoops,United States,TV-MA,1,TV Comedies,21,August,2020
s2802,Movie,Hop,United States,PG,95,"Children & Family Movies, Comedies",16,January,2020
s2803,Movie,Hope Aur Hum,India,TV-14,95,"Children & Family Movies, Comedies, Dramas",1,September,2018
s2804,Movie,Hope Frozen: A Quest to Live Twice,"Thailand, United States",TV-PG,80,"Documentaries, International Movies",15,September,2020
s2805,Movie,Hope Springs Eternal,United States,PG,79,Dramas,8,November,2018
s2806,Movie,Hope: One in a Billion,"United States, South Africa",TV-14,81,"Documentaries, International Movies, Sports Movies",15,December,2019
s2807,TV Show,Hormones,Thailand,TV-MA,3,"International TV Shows, Romantic TV Shows, TV Dramas",30,June,2018
s2808,Movie,Horns,"United States, Canada",R,120,"Dramas, Horror Movies, Sci-Fi & Fantasy",1,August,2019
s2809,TV Show,Horrid Henry,United Kingdom,TV-Y7,2,"British TV Shows, Kids' TV, TV Comedies",11,January,2019
s2810,Movie,Horrid Henry's Gross Day Out,United Kingdom,TV-Y,61,"Children & Family Movies, Comedies",17,September,2020
s2811,TV Show,Horror Homes,United Kingdom,TV-14,1,"British TV Shows, Docuseries, International TV Shows",2,October,2019
s2812,Movie,Horror Story,India,TV-14,85,"Horror Movies, International Movies",12,April,2019
s2813,Movie,Horse Girl,United States,R,104,"Dramas, Independent Movies",7,February,2020
s2814,TV Show,Hospital Playlist,South Korea,TV-MA,1,"International TV Shows, Korean TV Shows, TV Comedies",12,March,2020
s2815,Movie,Hostage to the Devil,"Ireland, United Kingdom, Italy, United States",TV-14,96,"Documentaries, International Movies",15,January,2017
s2816,Movie,Hostages,Unknown,TV-PG,91,"Documentaries, International Movies",29,January,2018
s2817,Movie,Hostiles,United States,R,134,Dramas,15,August,2018
s2818,Movie,Hot Bot,United States,NR,93,Comedies,1,March,2016
s2819,TV Show,Hot Date,United States,TV-MA,1,"Romantic TV Shows, TV Comedies",1,October,2018
s2820,Movie,Hot Gimmick: Girl Meets Boy,Japan,TV-MA,120,"Dramas, International Movies",28,December,2019
s2821,Movie,Hot Girls Wanted,United States,TV-MA,83,Documentaries,29,May,2015
s2822,TV Show,Hot Girls Wanted: Turned On,United States,TV-MA,1,Docuseries,21,April,2017
s2823,Movie,Hot Property,United Kingdom,TV-MA,82,"Comedies, Independent Movies",13,August,2017
s2824,Movie,Hot Rod,United States,PG-13,88,"Comedies, Sports Movies",20,November,2019
s2825,Movie,Hot Sweet Sour,Turkey,TV-14,102,"Dramas, International Movies, Romantic Movies",4,June,2020
s2826,TV Show,Hotel Beau Séjour,Belgium,TV-14,1,"Crime TV Shows, International TV Shows, TV Dramas",16,March,2017
s2827,Movie,Hotel for Dogs,"Germany, United States",PG,101,"Children & Family Movies, Comedies",2,September,2020
s2828,Movie,Hotel Pacific,"Poland,",TV-MA,96,"Classic Movies, Dramas, International Movies",1,October,2019
s2829,TV Show,Hotel Transylvania,"United States, Canada",TV-Y7,1,"Kids' TV, TV Comedies",26,June,2018
s2830,Movie,Hotel Transylvania 3: Summer Vacation,United States,PG,97,"Children & Family Movies, Comedies",24,January,2019
s2831,Movie,House Arrest,India,TV-14,105,"Comedies, Independent Movies, International Movies",15,November,2019
s2832,Movie,House at the End of the Street,"United States, Canada",PG-13,101,"Horror Movies, Thrillers",8,May,2020
s2833,TV Show,House of Cards,United States,TV-MA,6,"TV Dramas, TV Thrillers",2,November,2018
s2834,Movie,House of the Witch,United States,TV-MA,86,Horror Movies,11,October,2020
s2835,Movie,House of Z,"United States, Canada",TV-14,88,Documentaries,6,January,2018
s2836,Movie,"Houston, We Have a Problem!","Slovenia, Croatia, Germany, Czech Republic, Qatar",TV-14,84,"Comedies, Independent Movies, International Movies",20,July,2017
s2837,Movie,How High 2,United States,TV-MA,89,Comedies,31,December,2019
s2838,Movie,How It Ends,United States,TV-MA,113,"Action & Adventure, Sci-Fi & Fantasy",13,July,2018
s2839,Movie,How the Beatles Changed the World,"United States, United Kingdom",TV-PG,110,"Documentaries, Music & Musicals",1,February,2018
s2840,Movie,How the Grinch Stole Christmas,United States,PG,105,"Children & Family Movies, Comedies",1,June,2017
s2841,Movie,How to Be a Latin Lover,"Mexico, United States",PG-13,116,Comedies,1,November,2019
s2842,Movie,How to Be a Player,United States,R,94,Comedies,1,November,2019
s2843,Movie,How to Change the World,"Canada, United Kingdom, Netherlands",NR,110,"Documentaries, International Movies",1,January,2016
s2844,TV Show,How to Fix a Drug Scandal,United States,TV-MA,1,"Crime TV Shows, Docuseries",1,April,2020
s2845,TV Show,How to Get Away with Murder,United States,TV-14,6,"Crime TV Shows, TV Dramas, TV Mysteries",13,June,2020
s2846,Movie,How to Get Over a Breakup,Peru,TV-MA,104,"Comedies, International Movies, Romantic Movies",20,October,2018
s2847,TV Show,How to Live Mortgage Free with Sarah Beeny,Unknown,TV-MA,1,"British TV Shows, International TV Shows, Reality TV",15,September,2018
s2848,Movie,How to Make an American Quilt,United States,PG-13,116,"Dramas, Romantic Movies",1,April,2018
s2849,TV Show,How To Ruin Christmas,South Africa,TV-MA,1,"International TV Shows, TV Comedies, TV Dramas",16,December,2020
s2850,TV Show,How to Sell Drugs Online (Fast),Germany,TV-MA,2,"Crime TV Shows, International TV Shows, TV Comedies",21,July,2020
s2851,Movie,How to Stage a Coup,United Kingdom,TV-14,47,Documentaries,1,June,2017
s2852,Movie,How to Train Your Dragon 2,United States,PG,102,Children & Family Movies,11,September,2020
s2853,Movie,How to Win the US Presidency,United States,TV-PG,51,Documentaries,1,August,2016
s2854,Movie,Howards End,"United Kingdom, Japan, United States",PG,143,"Classic Movies, Dramas, Independent Movies",16,March,2017
s2855,Movie,Hridaynath,India,TV-14,103,"Dramas, International Movies",1,January,2018
s2856,Movie,Hubie Halloween,United States,PG-13,104,"Comedies, Horror Movies",7,October,2020
s2857,TV Show,Huge in France,United States,TV-MA,1,TV Comedies,12,April,2019
s2858,Movie,Hugo,"United Kingdom, United States, France",PG,127,"Children & Family Movies, Dramas",1,March,2020
s2859,Movie,Hulk Vs.,United States,PG-13,83,"Action & Adventure, Sci-Fi & Fantasy",1,June,2020
s2860,Movie,Hum Aapke Hain Koun,India,TV-14,193,"Classic Movies, Dramas, International Movies",1,February,2020
s2861,Movie,Hum Saath-Saath Hain,India,TV-G,176,"Dramas, International Movies, Music & Musicals",1,January,2018
s2862,Movie,Human Nature,United States,TV-PG,95,Documentaries,1,October,2020
s2863,Movie,Humko Deewana Kar Gaye,India,TV-PG,149,"International Movies, Music & Musicals, Romantic Movies",22,October,2017
s2864,Movie,Humpty Sharma Ki Dulhania,India,TV-14,131,"Comedies, International Movies, Romantic Movies",1,April,2020
s2865,TV Show,Humsafar,Pakistan,TV-PG,1,"International TV Shows, Romantic TV Shows, TV Dramas",15,December,2016
s2866,Movie,Hungerford,United Kingdom,TV-MA,79,"Horror Movies, Independent Movies, International Movies",23,June,2018
s2867,Movie,Hunt for the Wilderpeople,New Zealand,PG-13,101,"Action & Adventure, Comedies, Dramas",1,October,2020
s2868,Movie,Hunt to Kill,Canada,R,97,Action & Adventure,1,January,2020
s2869,Movie,Hunter in the Blue Side of Manchester,"Indonesia, United Kingdom",TV-MA,89,"Dramas, International Movies",3,July,2020
s2870,TV Show,Hunter X Hunter (2011),Japan,TV-MA,4,"Anime Series, International TV Shows",28,February,2020
s2871,Movie,Hunter's Prayer,"United States, Spain, Germany",R,91,"Action & Adventure, Independent Movies",22,October,2019
s2872,Movie,Hunterrr,India,TV-MA,140,"Comedies, International Movies, Romantic Movies",12,October,2020
s2873,TV Show,Hunters of the South Seas,United Kingdom,TV-14,1,"British TV Shows, Docuseries",1,February,2019
s2874,TV Show,Huntik: Secrets and Seekers,"United States, Italy",TV-Y7,2,Kids' TV,1,January,2018
s2875,Movie,Hurricane Bianca,United States,TV-MA,85,"Comedies, Independent Movies, LGBTQ Movies",1,January,2017
s2876,Movie,Hurricane Bianca: From Russia With Hate,United States,TV-MA,85,"Comedies, Independent Movies, LGBTQ Movies",15,August,2018
s2877,Movie,Husbands in Goa,India,TV-14,150,"Comedies, International Movies, Music & Musicals",1,November,2018
s2878,Movie,Hush,United States,R,82,"Horror Movies, Thrillers",8,April,2016
s2879,Movie,Hustle & Flow,United States,R,117,"Dramas, Independent Movies, Music & Musicals",1,December,2019
s2880,TV Show,Hyena,South Korea,TV-MA,1,"International TV Shows, Korean TV Shows, Romantic TV Shows",21,February,2020
s2881,TV Show,Hymn of Death,South Korea,TV-14,1,"International TV Shows, Korean TV Shows, Romantic TV Shows",14,December,2018
s2882,TV Show,Hyori's Bed & Breakfast,Unknown,TV-14,2,"International TV Shows, Korean TV Shows, Reality TV",29,March,2018
s2883,TV Show,Hyper HardBoiled Gourmet Report,Unknown,TV-MA,1,"Docuseries, International TV Shows",24,May,2019
s2884,TV Show,Hyperdrive,United States,TV-PG,1,Reality TV,21,August,2019
s2885,Movie,Hypersomnia,Argentina,TV-MA,84,"Horror Movies, International Movies, Thrillers",8,June,2017
s2886,Movie,I Am,"India, Japan",TV-MA,106,"Dramas, Independent Movies, International Movies",4,March,2019
s2887,TV Show,I AM A KILLER,United Kingdom,TV-MA,2,"British TV Shows, Crime TV Shows, Docuseries",31,January,2020
s2888,TV Show,I AM A KILLER: RELEASED,"United Kingdom, United States",TV-MA,1,"British TV Shows, Crime TV Shows, Docuseries",28,August,2020
s2889,Movie,I Am Bolt,United Kingdom,PG,107,"Documentaries, Sports Movies",1,October,2017
s2890,Movie,I Am Divine,United States,TV-MA,90,"Documentaries, LGBTQ Movies",1,May,2020
s2891,Movie,I Am Jane Doe,United States,TV-14,98,Documentaries,26,May,2017
s2892,Movie,I am Jonas,France,TV-MA,82,"Dramas, Independent Movies, International Movies",6,March,2020
s2893,Movie,I Am Kalam,India,TV-PG,87,"Children & Family Movies, Comedies, Dramas",1,July,2018
s2894,Movie,I Am Maris,United States,TV-14,54,Documentaries,1,April,2019
s2895,TV Show,I Am Me!,Mexico,TV-14,1,"International TV Shows, Spanish-Language TV Shows, TV Comedies",3,March,2017
s2896,Movie,I Am Michael,United States,TV-MA,102,"Dramas, LGBTQ Movies",26,June,2017
s2897,Movie,I Am Mother,Australia,TV-PG,114,"International Movies, Sci-Fi & Fantasy, Thrillers",7,June,2019
s2898,Movie,I Am not an Easy Man,France,TV-MA,99,"Comedies, International Movies, Romantic Movies",13,April,2018
s2899,Movie,I Am Not Madame Bovary,China,TV-14,139,"Comedies, Dramas, International Movies",2,September,2017
s2900,TV Show,I Am Not Okay With This,United States,TV-MA,1,"TV Comedies, TV Dramas, TV Sci-Fi & Fantasy",26,February,2020
s2901,Movie,I Am Not Your Negro,"Switzerland, France, Belgium, United States",PG-13,94,Documentaries,3,July,2020
s2902,Movie,I Am Sun Mu,"China, South Korea, United States",NR,88,"Documentaries, International Movies",1,February,2017
s2903,Movie,I Am the Pretty Thing That Lives in the House,"Canada, United States",TV-14,89,"Horror Movies, International Movies, Thrillers",28,October,2016
s2904,Movie,I Am Vengeance,United Kingdom,R,93,Action & Adventure,22,December,2018
s2905,Movie,I Am Vengeance: Retaliation,United Kingdom,R,82,Action & Adventure,17,October,2020
s2906,Movie,I Am Woman,Australia,TV-MA,117,"Dramas, Music & Musicals",24,October,2020
s2907,Movie,I Am Wrath,United States,R,91,"Action & Adventure, Dramas",16,September,2019
s2908,Movie,I Called Him Morgan,"Sweden, United States",TV-14,91,"Documentaries, Music & Musicals",24,July,2017
s2909,Movie,I Don't Feel at Home in This World Anymore,United States,TV-MA,97,"Dramas, Independent Movies, Thrillers",24,February,2017
s2910,Movie,I Don't Know How She Does It,United States,PG-13,89,Comedies,23,March,2019
s2911,Movie,I Dream Of Dance,Unknown,TV-14,106,"Children & Family Movies, Documentaries",31,January,2019
s2912,Movie,I Fine... Thank You... Love You,Thailand,TV-14,116,"Comedies, International Movies, Romantic Movies",5,September,2018
s2913,Movie,I Hate Luv Storys,India,TV-14,128,"Comedies, International Movies, Music & Musicals",2,August,2018
s2914,TV Show,I Have a Script,Unknown,TV-14,1,"International TV Shows, TV Comedies, TV Dramas",7,May,2019
s2915,TV Show,I Hear You,Unknown,TV-14,1,"International TV Shows, Romantic TV Shows, TV Dramas",15,May,2019
s2916,Movie,I Lost My Body,France,TV-MA,81,"Dramas, Independent Movies, International Movies",29,November,2019
s2917,Movie,"I love you, stupid",Spain,TV-MA,88,"Comedies, International Movies, Romantic Movies",15,May,2020
s2918,TV Show,I Think You Should Leave with Tim Robinson,United States,TV-MA,1,TV Comedies,23,April,2019
s2919,Movie,I Will Follow,United States,TV-14,80,"Dramas, Independent Movies, Romantic Movies",20,May,2020
s2920,Movie,"I, Daniel Blake","United Kingdom, France, Belgium",R,100,"Dramas, Independent Movies",19,April,2019
s2921,Movie,I'll See You in My Dreams,United States,PG-13,96,"Comedies, Dramas, Independent Movies",22,October,2019
s2922,Movie,I'll Sleep When I'm Dead,United States,TV-MA,80,"Documentaries, Music & Musicals",19,August,2016
s2923,Movie,I'm Brent Morin,United States,TV-MA,67,Stand-Up Comedy,6,August,2019
s2924,Movie,I'm in Love with a Church Girl,United States,PG,119,"Dramas, Faith & Spirituality, Romantic Movies",1,October,2017
s2925,Movie,I'm Leaving Now,"United States, Mexico",TV-MA,75,"Documentaries, International Movies",1,October,2020
s2926,Movie,I'm No Longer Here,"Mexico, United States",TV-MA,112,"Dramas, Independent Movies, International Movies",27,May,2020
s2927,TV Show,I'm Sorry,United States,TV-MA,2,TV Comedies,13,September,2019
s2928,Movie,I'm Thinking of Ending Things,United States,R,135,"Dramas, Independent Movies",4,September,2020
s2929,TV Show,I'm with the Band: Nasty Cherry,United States,TV-MA,1,Reality TV,15,November,2019
s2930,Movie,반드시 잡는다,South Korea,TV-MA,110,"Dramas, International Movies, Thrillers",28,February,2018
s2931,Movie,Ibiza,United States,TV-MA,94,"Comedies, Romantic Movies",25,May,2018
s2932,Movie,IBOY,United Kingdom,TV-MA,91,"International Movies, Sci-Fi & Fantasy, Thrillers",27,January,2017
s2933,Movie,Icarus,United States,TV-MA,121,"Documentaries, Sports Movies",4,August,2017
s2934,TV Show,Ice Fantasy,China,TV-14,1,"International TV Shows, TV Action & Adventure, TV Sci-Fi & Fantasy",15,December,2016
s2935,Movie,Ice Guardians,"Canada, Ireland, United States",TV-MA,108,"Documentaries, International Movies, Sports Movies",1,October,2017
s2936,Movie,Iceman,"China, Hong Kong",R,104,"Action & Adventure, International Movies, Sci-Fi & Fantasy",23,January,2018
s2937,TV Show,ID-0,Japan,TV-PG,1,"Anime Series, International TV Shows",6,October,2017
s2938,Movie,Ideachi Kalpana,India,TV-14,124,"Comedies, International Movies, Romantic Movies",1,January,2018
s2939,TV Show,Idiotest,United States,TV-PG,1,"Reality TV, TV Comedies",15,December,2018
s2940,Movie,If Anything Happens I Love You,United States,PG,13,Dramas,20,November,2020
s2941,TV Show,If I Hadn't Met You,Spain,TV-MA,1,"International TV Shows, Romantic TV Shows, TV Dramas",15,March,2019
s2942,TV Show,If I were an Animal,Unknown,TV-G,1,"Docuseries, Kids' TV, Science & Nature TV",11,September,2018
s2943,Movie,Igor,"United States, France",PG,87,Children & Family Movies,1,September,2019
s2944,Movie,III Smoking Barrels,India,TV-MA,128,"Dramas, Independent Movies, International Movies",1,June,2019
s2945,Movie,Iliza Shlesinger: Confirmed Kills,United States,TV-MA,78,Stand-Up Comedy,23,September,2016
s2946,Movie,Iliza Shlesinger: Elder Millennial,United States,TV-MA,72,Stand-Up Comedy,24,July,2018
s2947,Movie,Iliza Shlesinger: Freezing Hot,Unknown,TV-MA,72,Stand-Up Comedy,23,January,2015
s2948,Movie,Iliza Shlesinger: Unveiled,United States,TV-MA,78,Stand-Up Comedy,19,November,2019
s2949,Movie,Iliza Shlesinger: War Paint,United States,NR,75,Stand-Up Comedy,1,September,2013
s2950,Movie,Illang: The Wolf Brigade,South Korea,TV-MA,140,"Action & Adventure, International Movies, Sci-Fi & Fantasy",19,October,2018
s2951,Movie,Imagine That,"United States, Germany",PG,108,"Children & Family Movies, Comedies, Sci-Fi & Fantasy",7,December,2019
s2952,Movie,Imago,India,TV-PG,97,"Dramas, Independent Movies, International Movies",20,March,2019
s2953,TV Show,Immigration Nation,United States,TV-MA,1,Docuseries,3,August,2020
s2954,Movie,Immoral Tales,France,UR,103,"Dramas, International Movies, Romantic Movies",6,June,2019
s2955,TV Show,Immortal Classic,South Korea,TV-14,1,"International TV Shows, Korean TV Shows, TV Dramas",15,December,2016
s2956,TV Show,Immortals,Turkey,TV-MA,1,"International TV Shows, TV Dramas, TV Horror",8,March,2019
s2957,Movie,Imperfect,Singapore,TV-MA,95,"Action & Adventure, International Movies",20,December,2018
s2958,Movie,Imperial Dreams,United States,TV-MA,86,Dramas,3,February,2017
s2959,TV Show,Imposters,United States,TV-MA,2,"Crime TV Shows, International TV Shows, TV Comedies",5,April,2019
s2960,Movie,In a Valley of Violence,United States,R,104,Action & Adventure,16,October,2020
s2961,TV Show,In Between,Taiwan,TV-14,1,"International TV Shows, Romantic TV Shows, TV Comedies",1,January,2017
s2962,Movie,In Darkness,"United Kingdom, United States",TV-MA,101,"Independent Movies, International Movies, Thrillers",22,September,2018
s2963,Movie,In Defense of a Married Man,United States,TV-14,94,Dramas,1,October,2011
s2964,Movie,In Family I Trust,Spain,TV-MA,98,"Comedies, Dramas, International Movies",10,May,2019
s2965,TV Show,In Family We Trust,Thailand,TV-MA,1,"Crime TV Shows, International TV Shows, TV Dramas",29,December,2018
s2966,TV Show,In Laws,Unknown,TV-PG,1,"International TV Shows, Romantic TV Shows, TV Dramas",16,October,2017
s2967,Movie,In Line,Nigeria,TV-14,114,"Dramas, International Movies",30,October,2020
s2968,Movie,In My Country,Unknown,TV-MA,99,"Dramas, International Movies",18,October,2019
s2969,Movie,In Paradox,Kuwait,TV-14,94,"International Movies, Sci-Fi & Fantasy, Thrillers",7,May,2020
s2970,Movie,In Search of Fellini,United States,R,103,"Action & Adventure, Dramas",19,March,2018
s2971,TV Show,In the Bosom of a Thorn,Kuwait,TV-14,1,"International TV Shows, TV Dramas",7,May,2019
s2972,TV Show,In The Dark,United States,TV-14,2,"Crime TV Shows, TV Dramas",17,July,2020
s2973,Movie,In The Deep,"United Kingdom, United States, Dominican Republic",PG-13,89,"Horror Movies, International Movies, Thrillers",10,January,2018
s2974,Movie,In the Shadow of Iris,"France, Belgium",TV-MA,99,"Dramas, International Movies, Thrillers",1,May,2017
s2975,Movie,In the Shadow of the Moon,"United States, Canada",TV-MA,116,"Dramas, Sci-Fi & Fantasy, Thrillers",27,September,2019
s2976,Movie,In the Tall Grass,"Canada, United States",TV-MA,102,"Horror Movies, Thrillers",4,October,2019
s2977,Movie,In This Corner of the World,Japan,PG-13,129,"Anime Features, Children & Family Movies, International Movies",15,March,2018
s2978,TV Show,Inborn Pair,Taiwan,TV-14,1,"International TV Shows, Romantic TV Shows, TV Comedies",1,November,2016
s2979,Movie,Incarnate,United States,PG-13,87,"Horror Movies, Thrillers",16,December,2020
s2980,Movie,Inception,"United States, United Kingdom",PG-13,148,"Action & Adventure, Sci-Fi & Fantasy, Thrillers",1,January,2020
s2981,Movie,Incir Receli 2,Turkey,TV-14,103,"Dramas, International Movies, Romantic Movies",10,March,2017
s2982,Movie,Incoming,"Serbia, United States",TV-MA,89,"Action & Adventure, Sci-Fi & Fantasy",26,October,2018
s2983,Movie,Incomplete,India,TV-MA,119,"Dramas, International Movies, Romantic Movies",8,April,2017
s2984,Movie,Inconceivable,"United Kingdom, United States",R,106,Thrillers,1,March,2018
s2985,Movie,Incorruptible,"United States, Senegal",TV-MA,90,Documentaries,1,September,2017
s2986,Movie,Incredibles 2 (Spanish Version),United States,PG,118,"Children & Family Movies, Comedies",8,February,2019
s2987,Movie,INDIA,India,NR,95,"Dramas, Independent Movies, International Movies",17,February,2017
s2988,TV Show,India: Nature's Wonderland,United Kingdom,TV-PG,1,"British TV Shows, Docuseries, Science & Nature TV",1,March,2017
s2989,Movie,Indian Horse,Canada,TV-MA,101,"Dramas, Independent Movies, Sports Movies",31,March,2020
s2990,TV Show,Indian Matchmaking,"United States, India",TV-14,1,"Reality TV, Romantic TV Shows",16,July,2020
s2991,Movie,Indiana Jones and the Kingdom of the Crystal Skull,United States,PG-13,123,"Action & Adventure, Children & Family Movies, Sci-Fi & Fantasy",1,January,2019
s2992,Movie,Indiana Jones and the Last Crusade,United States,PG-13,127,"Action & Adventure, Children & Family Movies, Classic Movies",1,January,2019
s2993,Movie,Indiana Jones and the Raiders of the Lost Ark,United States,PG,116,"Action & Adventure, Children & Family Movies, Classic Movies",1,January,2019
s2994,Movie,Indiana Jones and the Temple of Doom,United States,PG,119,"Action & Adventure, Children & Family Movies, Classic Movies",1,January,2019
s2995,Movie,Indiscretion,United States,TV-MA,99,"Dramas, Thrillers",1,February,2017
s2996,Movie,Inequality for All,United States,PG,90,Documentaries,29,August,2018
s2997,Movie,Influx,United Kingdom,TV-PG,90,"Documentaries, International Movies",1,April,2018
s2998,Movie,Inglourious Basterds,"Germany, United States",R,153,Action & Adventure,22,July,2019
s2999,TV Show,Ingobernable,Mexico,TV-MA,2,"Crime TV Shows, International TV Shows, Spanish-Language TV Shows",14,September,2018
s3000,TV Show,Ingress: The Animation,Japan,TV-MA,1,"Anime Series, Crime TV Shows, International TV Shows",30,April,2019
s3001,TV Show,Inheritors,South Korea,TV-14,1,"International TV Shows, Korean TV Shows, Romantic TV Shows",15,November,2019
s3002,Movie,Inhuman Kiss,Thailand,TV-MA,122,"Horror Movies, International Movies, Romantic Movies",30,June,2019
s3003,TV Show,Inhuman Resources,France,TV-MA,1,"Crime TV Shows, International TV Shows, TV Dramas",15,May,2020
s3004,Movie,Initial D,"China, Hong Kong",TV-14,109,"Action & Adventure, International Movies",1,August,2018
s3005,TV Show,Ink Master,United States,TV-14,2,Reality TV,1,December,2020
s3006,Movie,Inkaar,India,TV-MA,125,"Dramas, International Movies, Romantic Movies",5,July,2020
s3007,Movie,Inkheart,"Germany, United Kingdom, United States",PG,106,"Action & Adventure, Children & Family Movies, Sci-Fi & Fantasy",1,July,2019
s3008,TV Show,Inmates,India,TV-MA,1,"International TV Shows, TV Comedies",1,October,2019
s3009,TV Show,Innocent,Turkey,TV-MA,1,"Crime TV Shows, International TV Shows, TV Dramas",23,January,2019
s3010,Movie,Insan,India,TV-14,141,"Action & Adventure, Dramas, International Movies",1,March,2018
s3011,TV Show,Insatiable,United States,TV-MA,2,"TV Comedies, TV Dramas, Teen TV Shows",11,October,2019
s3012,TV Show,Inside Bill's Brain: Decoding Bill Gates,United States,TV-14,1,"Docuseries, Science & Nature TV",20,September,2019
s3013,Movie,Inside Man: Most Wanted,United States,R,106,Action & Adventure,24,September,2019
s3014,TV Show,Inside the Criminal Mind,"United States, Czech Republic",TV-MA,1,"Crime TV Shows, Docuseries, International TV Shows",31,August,2018
s3015,TV Show,Inside The Freemasons,United Kingdom,TV-MA,1,"British TV Shows, Docuseries, International TV Shows",15,September,2018
s3016,TV Show,Inside the Mind of a Serial Killer,United States,TV-14,1,"Crime TV Shows, Docuseries",1,July,2019
s3017,TV Show,Inside the Mossad,Israel,TV-14,1,"Docuseries, International TV Shows",29,January,2019
s3018,TV Show,Inside the Real Narcos,Unknown,TV-MA,1,"British TV Shows, Crime TV Shows, Docuseries",14,December,2018
s3019,TV Show,Inside the World’s Toughest Prisons,United Kingdom,TV-MA,5,"British TV Shows, Crime TV Shows, Docuseries",8,January,2021
s3020,Movie,Insidious,"United States, Canada, United Kingdom",PG-13,103,"Horror Movies, Thrillers",9,May,2019
s3021,TV Show,Inspector Gadget,"Canada, United States, France",TV-Y7,4,"Crime TV Shows, Kids' TV, TV Comedies",18,May,2018
s3022,TV Show,Inst@famous,United Kingdom,TV-MA,1,Reality TV,31,December,2018
s3023,TV Show,Instant Hotel,Australia,TV-MA,2,"International TV Shows, Reality TV",28,June,2019
s3024,Movie,Instructions Not Included,Mexico,PG-13,122,"Comedies, Dramas, International Movies",1,January,2020
s3025,TV Show,Intelligence,Canada,TV-MA,2,"Crime TV Shows, TV Dramas",19,July,2017
s3026,TV Show,Interior Design Masters,United Kingdom,TV-PG,1,"British TV Shows, International TV Shows, Reality TV",18,October,2019
s3027,Movie,Internet Famous,United States,TV-14,87,Comedies,21,July,2016
s3028,Movie,Interrogation,India,TV-MA,116,"Dramas, International Movies, Thrillers",1,December,2016
s3029,TV Show,Intersection,Turkey,TV-MA,3,"International TV Shows, Romantic TV Shows, TV Dramas",1,July,2017
s3030,Movie,Interview with a Serial Killer,United States,TV-MA,45,Documentaries,1,August,2016
s3031,TV Show,Into the Badlands,United States,TV-MA,3,TV Action & Adventure,10,March,2019
s3032,Movie,Into the Forest,Canada,R,102,"Dramas, International Movies, Sci-Fi & Fantasy",7,November,2018
s3033,Movie,Into the Inferno,"United Kingdom, Germany, Canada",TV-PG,107,Documentaries,28,October,2016
s3034,TV Show,Into the Night,Belgium,TV-MA,1,"International TV Shows, TV Dramas, TV Mysteries",1,May,2020
s3035,Movie,Into the Wild,United States,R,148,"Action & Adventure, Dramas, Independent Movies",1,January,2021
s3036,Movie,Intuition,Argentina,TV-MA,116,"Dramas, International Movies, Thrillers",28,May,2020
s3037,TV Show,InuYasha,Japan,TV-14,2,"Anime Series, International TV Shows",15,December,2016
s3038,Movie,Inuyasha the Movie - L'isola del fuoco scarlatto,Japan,TV-PG,88,"Action & Adventure, Anime Features, International Movies",1,September,2017
s3039,Movie,Inuyasha the Movie - La spada del dominatore del mondo,Japan,TV-14,99,"Action & Adventure, Anime Features, International Movies",1,September,2017
s3040,Movie,InuYasha the Movie: Affections Touching Across Time,Japan,TV-PG,100,"Action & Adventure, Anime Features, International Movies",25,August,2018
s3041,Movie,InuYasha: The Movie 2: The Castle Beyond the Looking Glass,Japan,TV-14,99,"Action & Adventure, Anime Features, International Movies",1,September,2017
s3042,Movie,Invader Zim: Enter the Florpus,"South Korea, United States",TV-Y7,72,"Children & Family Movies, Comedies, Sci-Fi & Fantasy",16,August,2019
s3043,Movie,Invictus,United States,PG-13,134,"Dramas, Sports Movies",1,November,2019
s3044,Movie,Invisible,"Argentina, France",TV-MA,87,"Dramas, Independent Movies, International Movies",1,August,2018
s3045,Movie,Invisible Essence: The Little Prince,Canada,TV-PG,91,Documentaries,14,January,2019
s3046,Movie,Inxeba,"South Africa, Germany, Netherlands, France",TV-MA,88,"Dramas, Independent Movies, International Movies",1,February,2018
s3047,Movie,IO,United States,TV-14,96,"Dramas, Sci-Fi & Fantasy",18,January,2019
s3048,Movie,Ip Man,"Hong Kong, China",R,107,"Action & Adventure, Dramas, International Movies",15,January,2016
s3049,Movie,Ip Man 2,"Hong Kong, China",R,108,"Action & Adventure, International Movies",15,January,2016
s3050,Movie,Ip Man 3,"China, Hong Kong",PG-13,105,"Action & Adventure, Dramas, International Movies",18,June,2016
s3051,Movie,Ip Man 4: The Finale,"Hong Kong, China",TV-MA,105,"Action & Adventure, Dramas, International Movies",21,July,2020
s3052,Movie,Iqbal,India,TV-Y7,127,"Dramas, Independent Movies, International Movies",1,March,2018
s3053,Movie,Irada Pakka,India,TV-14,137,"Comedies, Dramas, International Movies",15,March,2018
s3054,TV Show,Iris,South Korea,TV-14,1,"International TV Shows, Korean TV Shows, TV Action & Adventure",16,May,2020
s3055,Movie,Iron Cowboy: The Story of the 50.50.50,United States,TV-14,77,"Documentaries, Sports Movies",19,July,2019
s3056,Movie,Iron Fists and Kung-Fu Kicks,Australia,TV-MA,108,"Documentaries, International Movies",1,December,2019
s3057,TV Show,Iron Ladies,Taiwan,TV-14,1,"International TV Shows, Romantic TV Shows, TV Dramas",9,February,2019
s3058,Movie,Iron Man & Captain America: Heroes United,United States,PG,71,"Children & Family Movies, Sci-Fi & Fantasy",12,October,2014
s3059,TV Show,Iron Man: Armored Adventures,"Canada, United States, United Kingdom, France, Luxembourg",TV-Y7,2,Kids' TV,1,August,2020
s3060,Movie,Iron Sky: The Coming Race,"Finland, Germany, Belgium",TV-MA,93,"Action & Adventure, Comedies, International Movies",16,November,2019
s3061,Movie,Irreplaceable You,United States,TV-MA,96,"Dramas, Romantic Movies",16,February,2018
s3062,TV Show,Is It Wrong to Try to Pick Up Girls in a Dungeon?,Japan,TV-MA,1,"Anime Series, International TV Shows",1,February,2020
s3063,Movie,Is Love Enough? Sir,"India, France",TV-MA,99,"Dramas, Independent Movies, International Movies",8,January,2021
s3064,Movie,Isa Pa with Feelings,Philippines,TV-G,102,"International Movies, Romantic Movies",25,December,2020
s3065,Movie,Ishq Vishk,India,TV-PG,129,"Comedies, International Movies, Music & Musicals",28,September,2020
s3066,Movie,Ishqedarriyaan,India,TV-14,130,"Dramas, International Movies, Romantic Movies",1,March,2018
s3067,Movie,Ishqiya,India,TV-14,115,"Comedies, International Movies, Romantic Movies",28,September,2020
s3068,Movie,Isi & Ossi,Germany,TV-MA,113,"Comedies, International Movies, Romantic Movies",14,February,2020
s3069,Movie,Islands of Faith,Indonesia,TV-PG,88,"Documentaries, Faith & Spirituality, International Movies",17,August,2020
s3070,TV Show,Islands of the Future,United Kingdom,TV-PG,1,"Docuseries, International TV Shows, Science & Nature TV",1,March,2017
s3071,Movie,Isoken,Nigeria,TV-14,98,"Comedies, International Movies, Romantic Movies",15,December,2019
s3072,TV Show,마녀사냥,South Korea,TV-MA,1,"International TV Shows, Korean TV Shows, Stand-Up Comedy & Talk Shows",19,February,2018
s3073,Movie,Issaq,India,TV-MA,140,"Dramas, International Movies, Music & Musicals",1,March,2018
s3074,Movie,It Comes at Night,United States,R,92,"Horror Movies, Independent Movies",9,December,2019
s3075,Movie,It Takes a Lunatic,"United States, United Kingdom, Germany",TV-MA,127,Documentaries,25,October,2019
s3076,Movie,It Takes a Man and a Woman,Philippines,TV-PG,127,"Comedies, International Movies, Romantic Movies",27,February,2019
s3077,Movie,It Takes Two,United States,PG,101,"Children & Family Movies, Comedies",20,November,2019
s3078,TV Show,It's Bruno!,United States,TV-MA,1,TV Comedies,17,May,2019
s3079,Movie,It's Fine,Unknown,TV-14,101,"Comedies, International Movies, Music & Musicals",3,May,2019
s3080,Movie,It's Her Day,Nigeria,TV-MA,112,"Comedies, International Movies, Romantic Movies",29,July,2020
s3081,Movie,It's Now or Never,Spain,TV-MA,91,"Comedies, International Movies, Romantic Movies",1,March,2016
s3082,TV Show,It's Okay to Not Be Okay,South Korea,TV-MA,1,"International TV Shows, Korean TV Shows, Romantic TV Shows",21,June,2020
s3083,Movie,"It's Okay, Buddy",Egypt,TV-14,84,"Comedies, International Movies, Music & Musicals",6,June,2019
s3084,TV Show,Itaewon Class,South Korea,TV-MA,1,"International TV Shows, Korean TV Shows, TV Dramas",1,February,2020
s3085,Movie,Ittefaq,India,TV-MA,105,"Dramas, International Movies, Thrillers",3,April,2018
s3086,Movie,Iverson,United States,NR,88,"Documentaries, Sports Movies",1,April,2016
s3087,Movie,Iyore,Nigeria,TV-PG,141,"Dramas, International Movies, Romantic Movies",20,December,2019
s3088,TV Show,IZombie,United States,TV-MA,5,"TV Comedies, TV Dramas, TV Horror",9,August,2019
s3089,TV Show,Izzy's Koala World,Australia,TV-Y,1,Kids' TV,15,September,2020
s3090,Movie,최강전사 미니특공대 : 영웅의 탄생,Unknown,TV-Y7,68,Children & Family Movies,1,September,2018
s3091,TV Show,J-Style Trip,"Taiwan, China",TV-14,1,"International TV Shows, Reality TV",22,March,2020
s3092,Movie,Jaal,India,TV-14,162,"Action & Adventure, International Movies",8,December,2017
s3093,Movie,Jaan-E-Mann: Let's Fall in Love... Again,India,TV-14,163,"Dramas, International Movies, Romantic Movies",31,December,2019
s3094,Movie,Jaane Tu... Ya Jaane Na,India,TV-14,147,"Comedies, International Movies, Music & Musicals",10,January,2021
s3095,Movie,Jab Harry Met Sejal,India,TV-MA,142,"Comedies, International Movies, Romantic Movies",2,December,2017
s3096,Movie,Jab We Met,India,TV-14,143,"Comedies, International Movies, Music & Musicals",28,September,2020
s3097,Movie,Jack and the Cuckoo-Clock Heart,"France, Belgium",PG,93,"Children & Family Movies, Music & Musicals",8,February,2017
s3098,Movie,Jack of all Trades,Canada,TV-MA,86,"Documentaries, Sports Movies",16,July,2019
s3099,TV Show,Jack Taylor,"United States, Ireland",TV-MA,1,"Crime TV Shows, International TV Shows, TV Dramas",31,March,2013
s3100,Movie,Jack Whitehall: At Large,United Kingdom,TV-MA,68,Stand-Up Comedy,24,October,2017
s3101,Movie,Jack Whitehall: Christmas with My Father,United Kingdom,TV-MA,65,Stand-Up Comedy,12,December,2019
s3102,Movie,Jack Whitehall: I'm Only Joking,United Kingdom,TV-MA,58,Stand-Up Comedy,21,July,2020
s3103,TV Show,Jack Whitehall: Travels with My Father,United Kingdom,TV-MA,4,"British TV Shows, Docuseries, International TV Shows",22,September,2020
s3104,Movie,Jackie Brown,United States,R,154,"Dramas, Thrillers",1,August,2019
s3105,Movie,Jackie: A Tale of Two Sisters,United Kingdom,TV-PG,44,Documentaries,1,June,2017
s3106,Movie,Jackpot,Vietnam,TV-14,92,"Comedies, Dramas, International Movies",6,October,2018
s3107,Movie,Jacob's Ladder,United States,R,90,Thrillers,22,December,2019
s3108,Movie,Jada,India,TV-14,124,"Dramas, International Movies, Sports Movies",7,February,2020
s3109,Movie,Jag älskar dig: En skilsmässokomedi,Sweden,TV-MA,91,"Comedies, Dramas, International Movies",15,March,2018
s3110,Movie,Jagat,Malaysia,TV-MA,76,"Dramas, International Movies",2,April,2019
s3111,Movie,Jagga Jasoos,India,TV-14,155,"Action & Adventure, Comedies, International Movies",1,October,2018
s3112,Movie,Jai Mummy Di,India,TV-MA,101,"Comedies, International Movies, Romantic Movies",14,March,2020
s3113,Movie,Jail,India,TV-14,132,"Dramas, International Movies",31,December,2019
s3114,TV Show,Jailbirds,Unknown,TV-MA,1,Reality TV,10,May,2019
s3115,Movie,Jailbreak,Cambodia,TV-MA,92,"Action & Adventure, International Movies",2,May,2018
s3116,Movie,Jake's Buccaneer Blast,Unknown,TV-Y,22,Movies,6,August,2017
s3117,Movie,Jal,India,TV-14,132,"Dramas, Independent Movies, International Movies",15,October,2017
s3118,Movie,Jalpari: The Desert Mermaid,India,TV-14,94,"Dramas, Independent Movies, International Movies",19,May,2018
s3119,TV Show,James Acaster: Repertoire,United Kingdom,TV-14,1,"British TV Shows, International TV Shows, Stand-Up Comedy & Talk Shows",27,March,2018
s3120,TV Show,Jamtara - Sabka Number Ayega,India,TV-MA,1,"Crime TV Shows, International TV Shows, TV Dramas",10,January,2020
s3121,Movie,Janaan,Pakistan,TV-14,132,"Comedies, Dramas, International Movies",15,September,2017
s3122,Movie,Jandino: Whatever it Takes,United Kingdom,TV-MA,94,Stand-Up Comedy,9,September,2016
s3123,TV Show,Jane The Virgin,United States,TV-14,5,"Romantic TV Shows, TV Comedies, TV Dramas",8,August,2019
s3124,Movie,Jani Dueñas: Grandes fracasos de ayer y hoy,Chile,TV-MA,77,Stand-Up Comedy,29,June,2018
s3125,Movie,Jaoon Kahan Bata Ae Dil,India,TV-MA,107,"Dramas, Independent Movies, International Movies",9,August,2019
s3126,TV Show,Japan Sinks: 2020,Japan,TV-MA,1,"Anime Series, International TV Shows",9,July,2020
s3127,TV Show,Japanese Style Originator,Japan,TV-G,1,"International TV Shows, Stand-Up Comedy & Talk Shows",1,May,2017
s3128,Movie,Jarhead: Law of Return,"Israel, United States",R,103,"Action & Adventure, Dramas",25,December,2019
s3129,Movie,Jatt James Bond,India,TV-14,142,"Comedies, Dramas, International Movies",1,October,2018
s3130,Movie,Jatts in Golmaal,India,TV-PG,128,"Comedies, International Movies, Music & Musicals",1,November,2018
s3131,Movie,Jay and Silent Bob Strike Back,United States,R,105,"Comedies, Cult Movies",1,January,2019
s3132,Movie,Jealousy and medicine,Poland,TV-MA,97,"Dramas, International Movies, Romantic Movies",1,October,2019
s3133,Movie,Jefe,"Spain, Portugal",TV-MA,90,"Comedies, Dramas, International Movies",26,October,2018
s3134,Movie,Jeff Dunham: All Over the Map,United States,TV-MA,84,Stand-Up Comedy,16,November,2019
s3135,Movie,Jeff Dunham: Arguing with Myself,United States,TV-MA,69,Stand-Up Comedy,15,March,2019
s3136,Movie,Jeff Dunham: Beside Himself,United States,TV-MA,58,Stand-Up Comedy,24,September,2019
s3137,Movie,Jeff Dunham: Controlled Chaos,United States,TV-MA,97,Stand-Up Comedy,15,March,2019
s3138,Movie,Jeff Dunham: Minding the Monsters,United States,TV-MA,80,Stand-Up Comedy,15,March,2019
s3139,Movie,Jeff Dunham: Relative Disaster,United States,TV-MA,71,Stand-Up Comedy,12,September,2017
s3140,Movie,Jeff Dunham: Unhinged in Hollywood,United States,TV-MA,71,Stand-Up Comedy,1,January,2020
s3141,Movie,Jeff Dunham's Very Special Christmas Special,United States,TV-MA,85,Stand-Up Comedy,15,March,2019
s3142,Movie,Jeff Foxworthy and Larry the Cable Guy: We’ve Been Thinking...,United States,TV-14,75,Stand-Up Comedy,26,August,2016
s3143,Movie,Jeff Garlin: Our Man In Chicago,United States,TV-MA,59,Stand-Up Comedy,12,November,2019
s3144,TV Show,Jeffrey Epstein: Filthy Rich,United States,TV-MA,1,"Crime TV Shows, Docuseries",27,May,2020
s3145,Movie,Jem and the Holograms,United States,PG,119,"Dramas, Music & Musicals, Sci-Fi & Fantasy",16,April,2020
s3146,Movie,Jen Kirkman: I'm Gonna Die Alone (And I Feel Fine),United States,TV-MA,78,Stand-Up Comedy,22,May,2015
s3147,Movie,Jen Kirkman: Just Keep Livin’?,United States,TV-MA,69,Stand-Up Comedy,3,January,2017
s3148,TV Show,Jenni Rivera: Mariposa de Barrio,United States,TV-MA,1,"Spanish-Language TV Shows, TV Dramas",1,January,2021
s3149,Movie,Jenny Slate: Stage Fright,United States,TV-MA,67,"Documentaries, Stand-Up Comedy",22,October,2019
s3150,TV Show,Jeopardy!,United States,TV-G,2,Reality TV,18,December,2020
s3151,Movie,Jeremiah Tower: The Last Magnificent,"Mexico, United States",R,103,Documentaries,20,December,2017
s3152,Movie,Jeremy Scott: The People's Designer,United States,PG-13,109,Documentaries,1,April,2016
s3153,TV Show,Jericho,United States,TV-14,2,"Classic & Cult TV, TV Action & Adventure, TV Dramas",16,August,2017
s3154,Movie,Jerry Before Seinfeld,United States,TV-14,62,Stand-Up Comedy,19,September,2017
s3155,Movie,Jerry Seinfeld: 23 Hours To Kill,United States,TV-PG,61,Stand-Up Comedy,5,May,2020
s3156,Movie,Jerry Seinfeld: Comedian,United States,R,81,Documentaries,7,November,2017
s3157,Movie,Jerry Seinfeld: I'm Telling You for the Last Time,United States,TV-14,69,Stand-Up Comedy,30,January,2018
s3158,Movie,Jersey Boys,United States,R,134,"Dramas, Music & Musicals",1,January,2019
s3159,Movie,Jessica Darling's It List,United States,TV-Y,80,"Children & Family Movies, Comedies",1,August,2017
s3160,Movie,Jesus: Countdown to Calvary,"Ireland, United States, France",TV-14,53,"Documentaries, Faith & Spirituality",1,April,2019
s3161,Movie,Jewel's Catch One,United States,TV-MA,84,"Documentaries, LGBTQ Movies",1,May,2018
s3162,Movie,Jezebel,United States,TV-MA,86,"Dramas, Independent Movies",16,January,2020
s3163,Movie,JFK: The Making of a President,United Kingdom,TV-PG,44,Documentaries,1,May,2017
s3164,Movie,Jhankaar Beats,India,TV-14,131,"Comedies, International Movies, Music & Musicals",15,April,2019
s3165,TV Show,Jhansi Ki Rani,India,TV-14,1,"International TV Shows, TV Dramas",1,June,2017
s3166,Movie,"Jim & Andy: The Great Beyond - Featuring a Very Special, Contractually Obligated Mention of Tony Clifton","Canada, United States",TV-MA,94,Documentaries,17,November,2017
s3167,Movie,Jim Gaffigan: Beyond the Pale,United States,TV-14,72,Stand-Up Comedy,11,August,2016
s3168,Movie,Jim Gaffigan: Cinco,United States,TV-14,74,Stand-Up Comedy,10,January,2017
s3169,Movie,Jim Gaffigan: King Baby,United States,TV-PG,71,Stand-Up Comedy,11,August,2016
s3170,Movie,Jim Gaffigan: Mr. Universe,United States,TV-14,77,Stand-Up Comedy,11,August,2016
s3171,Movie,Jim Gaffigan: Obsessed,United States,TV-14,70,Stand-Up Comedy,11,August,2016
s3172,Movie,Jim Jefferies : BARE,United States,TV-MA,77,Stand-Up Comedy,6,August,2019
s3173,Movie,Jim Jefferies: Freedumb,United States,TV-MA,87,Stand-Up Comedy,1,July,2016
s3174,Movie,Jim Jefferies: Intolerant,Unknown,TV-MA,67,Stand-Up Comedy,7,July,2020
s3175,Movie,Jim Jefferies: This Is Me Now,United States,TV-MA,71,Stand-Up Comedy,13,July,2018
s3176,Movie,Jim Norton: Mouthful of Shame,United States,TV-MA,62,Stand-Up Comedy,14,March,2017
s3177,Movie,Jimi Hendrix,United States,R,102,"Documentaries, Music & Musicals",1,November,2019
s3178,Movie,Jimmy Carr: Funny Business,United Kingdom,TV-MA,62,Stand-Up Comedy,18,March,2016
s3179,Movie,Jimmy Carr: The Best of Ultimate Gold Greatest Hits,Unknown,TV-MA,58,Stand-Up Comedy,12,March,2019
s3180,Movie,Jimmy Neutron: Boy Genius,United States,G,83,"Children & Family Movies, Comedies, Sci-Fi & Fantasy",1,January,2020
s3181,TV Show,Jimmy: The True Story of a True Idiot,Japan,TV-MA,1,"International TV Shows, TV Comedies, TV Dramas",20,July,2018
s3182,Movie,Jindua,India,TV-14,135,"Dramas, International Movies, Romantic Movies",1,December,2019
s3183,Movie,Jingle Jangle: A Christmas Journey,United States,PG,124,"Children & Family Movies, Music & Musicals",13,November,2020
s3184,TV Show,JingleKids,Russia,TV-Y7,1,Kids' TV,1,April,2019
s3185,TV Show,Jinn,Jordan,TV-MA,1,"International TV Shows, TV Dramas, TV Mysteries",13,June,2019
s3186,Movie,Jinxed,"United States, Canada",TV-Y,69,"Children & Family Movies, Comedies",2,November,2019
s3187,Movie,Jiro Dreams of Sushi,United States,PG,79,Documentaries,5,June,2019
s3188,Movie,Jis Desh Men Ganga Behti Hai,Unknown,TV-14,181,"Action & Adventure, Dramas, International Movies",31,December,2019
s3189,Movie,Jo Koy: Comin' In Hot,United States,TV-MA,60,Stand-Up Comedy,12,June,2019
s3190,Movie,Jo Koy: In His Elements,United States,TV-MA,55,Stand-Up Comedy,12,June,2020
s3191,Movie,Jo Koy: Live from Seattle,United States,TV-MA,63,Stand-Up Comedy,28,March,2017
s3192,Movie,Jo Pil-ho: The Dawning Rage,South Korea,TV-MA,128,"Dramas, International Movies, Thrillers",3,May,2019
s3193,Movie,Joan Didion: The Center Will Not Hold,United States,TV-14,98,Documentaries,27,October,2017
s3194,Movie,Joan Rivers: Don't Start with Me,United States,TV-MA,69,Stand-Up Comedy,3,July,2018
s3195,Movie,Joaquín Reyes: Una y no más,Unknown,TV-MA,78,Stand-Up Comedy,8,September,2017
s3196,Movie,Jodhaa Akbar,India,TV-14,214,"Action & Adventure, Dramas, International Movies",1,October,2018
s3197,Movie,Joe Cocker: Mad Dog with Soul,United Kingdom,TV-14,90,"Documentaries, International Movies, Music & Musicals",1,April,2017
s3198,Movie,Joe Mande’s Award-Winning Comedy Special,United States,TV-MA,67,Stand-Up Comedy,25,July,2017
s3199,Movie,Joe Rogan: Strange Times,Unknown,TV-MA,64,Stand-Up Comedy,2,October,2018
s3200,Movie,Joe Rogan: Triggered,United States,TV-MA,64,Stand-Up Comedy,21,October,2016
s3201,Movie,John & Jane,India,TV-14,79,"Documentaries, International Movies",15,August,2016
s3202,Movie,John & Yoko: Above Us Only Sky,United Kingdom,TV-MA,90,"Documentaries, Music & Musicals",1,May,2019
s3203,Movie,John Carter,United States,PG-13,133,"Action & Adventure, Sci-Fi & Fantasy",2,May,2019
s3204,Movie,John Day,India,TV-MA,125,"International Movies, Thrillers",31,December,2019
s3205,Movie,John Henry,United States,R,92,"Dramas, Thrillers",9,May,2020
s3206,Movie,John Leguizamo's Latin History for Morons,United States,TV-MA,90,Stand-Up Comedy,5,November,2018
s3207,Movie,John Mellencamp: Plain Spoken,Unknown,TV-MA,80,"Documentaries, Music & Musicals",1,February,2018
s3208,Movie,John Mulaney & The Sack Lunch Bunch,United States,TV-PG,70,"Children & Family Movies, Comedies",24,December,2019
s3209,Movie,John Mulaney: Kid Gorgeous at Radio City,United States,TV-MA,65,Stand-Up Comedy,1,May,2018
s3210,Movie,John Mulaney: New in Town,United States,TV-MA,60,Stand-Up Comedy,1,April,2018
s3211,Movie,John Mulaney: The Comeback Kid,United States,TV-MA,62,Stand-Up Comedy,13,November,2015
s3212,Movie,John Was Trying to Contact Aliens,United States,TV-PG,17,"Documentaries, LGBTQ Movies",20,August,2020
s3213,TV Show,Johnny Test,"United States, Canada",TV-Y7,6,Kids' TV,1,June,2015
s3214,TV Show,JoJo's Bizarre Adventure,Japan,TV-MA,2,"Anime Series, International TV Shows",28,February,2020
s3215,TV Show,Jojo's World,Taiwan,TV-14,1,"International TV Shows, Romantic TV Shows, TV Comedies",21,December,2018
s3216,Movie,Joker,India,TV-PG,98,"Comedies, International Movies, Music & Musicals",2,August,2018
s3217,Movie,Jonaki,India,TV-MA,96,"Dramas, Independent Movies, International Movies",16,May,2019
s3218,Movie,Jonas,Brazil,TV-MA,97,"Dramas, International Movies",26,February,2017
s3219,Movie,Jonathan,United States,TV-MA,101,"Dramas, Independent Movies, Sci-Fi & Fantasy",16,April,2019
s3220,TV Show,Jonathan Strange & Mr Norrell,United Kingdom,TV-14,1,"British TV Shows, TV Dramas, TV Sci-Fi & Fantasy",25,August,2016
s3221,Movie,Jora 10 Numbaria,India,TV-MA,135,"Action & Adventure, International Movies",1,January,2018
s3222,Movie,Joseph: King of Dreams,United States,TV-PG,75,"Children & Family Movies, Dramas, Faith & Spirituality",27,September,2011
s3223,Movie,Joshua: Teenager vs. Superpower,United States,TV-14,79,Documentaries,26,May,2017
s3224,TV Show,Journey of an African Colony,Unknown,TV-MA,1,"Docuseries, International TV Shows",1,October,2020
s3225,Movie,Journey to Greenland,France,TV-14,99,"Comedies, International Movies",29,January,2017
s3226,Movie,Joy,Austria,TV-MA,101,"Dramas, Independent Movies, International Movies",24,May,2019
s3227,TV Show,JU-ON: Origins,Japan,TV-MA,1,"International TV Shows, TV Horror, TV Mysteries",3,July,2020
s3228,TV Show,Juana Brava,Chile,TV-MA,1,"International TV Shows, Spanish-Language TV Shows, TV Dramas",20,March,2017
s3229,TV Show,Juana Inés,Mexico,TV-14,1,"International TV Shows, Spanish-Language TV Shows, TV Dramas",27,January,2017
s3230,Movie,Juanita,United States,TV-MA,90,"Dramas, Independent Movies, Romantic Movies",8,March,2019
s3231,Movie,Judah Friedlander: America Is the Greatest Country in the United States,United States,TV-MA,84,Stand-Up Comedy,31,October,2017
s3232,Movie,Judd Apatow: The Return,United States,TV-MA,70,Stand-Up Comedy,12,December,2017
s3233,Movie,Judge Singh LLB,India,TV-PG,137,"Comedies, Dramas, International Movies",1,October,2018
s3234,Movie,Judwaa,India,TV-14,133,"Comedies, International Movies, Romantic Movies",31,December,2019
s3235,Movie,Judwaa 2,India,TV-14,145,"Action & Adventure, Comedies, International Movies",1,March,2018
s3236,Movie,Judy Moody and the Not Bummer Summer,United States,PG,91,"Children & Family Movies, Comedies",8,August,2019
s3237,Movie,Jugaad,Unknown,TV-14,52,Documentaries,15,September,2018
s3238,Movie,Julie & Julia,United States,PG-13,123,"Comedies, Dramas",1,January,2021
s3239,TV Show,Julie and the Phantoms,United States,TV-G,1,"Kids' TV, TV Comedies",10,September,2020
s3240,TV Show,Julie's Greenroom,United States,TV-Y,1,Kids' TV,17,March,2017
s3241,TV Show,Julius Jr.,United States,TV-Y,2,Kids' TV,3,November,2015
s3242,TV Show,Juman,Kuwait,TV-G,1,"International TV Shows, Romantic TV Shows, TV Dramas",8,December,2020
s3243,TV Show,Jumping Girl,South Korea,TV-14,1,"International TV Shows, Korean TV Shows, Romantic TV Shows",28,April,2017
s3244,Movie,Jumping the Broom,United States,PG-13,113,"Comedies, Romantic Movies",1,November,2020
s3245,Movie,Junebug,United States,R,107,"Comedies, Dramas, Independent Movies",1,March,2019
s3246,Movie,Jupiter Ascending,"United States, Australia",PG-13,128,"Action & Adventure, Sci-Fi & Fantasy",1,August,2019
s3247,TV Show,Jurassic World Camp Cretaceous,United States,TV-PG,1,"Kids' TV, TV Action & Adventure, TV Sci-Fi & Fantasy",18,September,2020
s3248,Movie,Just Another Christmas,Brazil,TV-MA,101,"Comedies, International Movies",3,December,2020
s3249,Movie,Just Another Love Story,Denmark,TV-MA,104,"Dramas, International Movies",5,May,2009
s3250,Movie,Just Friends,"Germany, United States, Canada",PG-13,94,"Comedies, Romantic Movies",1,September,2019
s3251,Movie,Just Love,Argentina,TV-MA,96,"Dramas, International Movies, Music & Musicals",24,January,2019
s3252,Movie,Just The Way You Are,Philippines,TV-G,107,"International Movies, Romantic Movies",10,December,2020
s3253,TV Show,Just You,Taiwan,TV-14,1,"International TV Shows, Romantic TV Shows, TV Comedies",1,November,2016
s3254,Movie,Justice,United States,R,92,Movies,1,February,2020
s3255,TV Show,Justice in the City,Unknown,TV-14,1,"International TV Shows, TV Dramas",1,October,2017
s3256,Movie,"Justice, My Foot!",Hong Kong,TV-14,95,"Action & Adventure, Comedies, International Movies",31,August,2018
s3257,Movie,Justin Bieber: Never Say Never,United States,G,106,"Documentaries, Music & Musicals",1,January,2018
s3258,Movie,Justin Timberlake + the Tennessee Kids,United States,TV-MA,90,Music & Musicals,12,October,2016
s3259,TV Show,Justin Time,Canada,TV-Y,2,Kids' TV,1,April,2016
s3260,TV Show,Justin Time GO!,Unknown,TV-Y,1,Kids' TV,24,June,2016
s3261,Movie,Justine,United States,TV-MA,106,"Dramas, Independent Movies",13,March,2020
s3262,TV Show,K,Japan,TV-MA,1,"Anime Series, Crime TV Shows, International TV Shows",1,December,2016
s3263,Movie,K-19: The Widowmaker,"United Kingdom, Germany, Canada, United States",PG-13,138,"Action & Adventure, Dramas",21,November,2019
s3264,TV Show,K-On!,Japan,TV-PG,2,"Anime Series, Teen TV Shows",15,November,2019
s3265,Movie,K-on! the movie,Japan,TV-PG,110,"Anime Features, Music & Musicals",15,November,2019
s3266,TV Show,K-POP Extreme Survival,South Korea,TV-14,1,"International TV Shows, Korean TV Shows, Romantic TV Shows",15,December,2016
s3267,TV Show,K.O. One Re-act,Unknown,TV-14,1,"International TV Shows, TV Comedies, TV Dramas",30,April,2019
s3268,TV Show,K.O.3an Guo,Taiwan,TV-14,1,"International TV Shows, TV Comedies, TV Sci-Fi & Fantasy",30,April,2019
s3269,Movie,Küçük Esnaf,Turkey,TV-MA,100,"Comedies, International Movies",28,April,2020
s3270,TV Show,Kaçak,Turkey,TV-14,1,"Crime TV Shows, International TV Shows, TV Action & Adventure",26,December,2016
s3271,Movie,Kaabil,India,TV-14,139,"Dramas, International Movies",25,June,2017
s3272,Movie,Kaagar,India,TV-MA,130,"Dramas, International Movies, Romantic Movies",10,September,2020
s3273,Movie,Kaakan,India,TV-PG,132,"Dramas, International Movies, Romantic Movies",1,March,2018
s3274,Movie,Kaake Da Viyah,India,TV-PG,133,"Comedies, Dramas, International Movies",23,August,2019
s3275,Movie,Kaal,India,TV-14,126,"Horror Movies, International Movies, Thrillers",1,April,2020
s3276,Movie,Kaali Khuhi,India,TV-14,91,"Horror Movies, International Movies",30,October,2020
s3277,Movie,Kaalia,India,TV-14,173,"Action & Adventure, Dramas, International Movies",31,December,2019
s3278,Movie,Kaaliyan,India,TV-PG,105,"Dramas, International Movies",1,August,2018
s3279,Movie,Kabali (Hindi Version),India,TV-MA,148,"Action & Adventure, Dramas, International Movies",15,December,2017
s3280,TV Show,Kabaneri of the Iron Fortress: The Battle of Unato,Japan,TV-MA,1,"Anime Series, International TV Shows, TV Horror",13,September,2019
s3281,Movie,Kabhi Alvida Naa Kehna,India,TV-14,192,"Dramas, International Movies, Romantic Movies",1,April,2020
s3282,Movie,Kabhi Haan Kabhi Naa,India,TV-14,151,"Comedies, Dramas, International Movies",15,May,2017
s3283,Movie,Kabhi Khushi Kabhie Gham,India,TV-14,209,"Dramas, International Movies",1,April,2020
s3284,Movie,Kabir Singh,India,TV-MA,171,"Dramas, International Movies, Romantic Movies",19,September,2019
s3285,Movie,Kacche Dhaagey,India,TV-14,120,"Dramas, International Movies, Romantic Movies",1,November,2017
s3286,Movie,Kahaani,India,TV-14,122,"International Movies, Music & Musicals, Thrillers",26,June,2019
s3287,Movie,Kahlil Gibran's The Prophet,"United States, France, Canada, Lebanon, Qatar",PG,85,"Children & Family Movies, Dramas",1,October,2017
s3288,Movie,Kai Po Che!,India,TV-MA,120,"Dramas, International Movies, Sports Movies",1,November,2018
s3289,Movie,Kajraare,India,TV-14,113,"Dramas, International Movies, Music & Musicals",22,October,2017
s3290,TV Show,Kakegurui,Unknown,TV-MA,2,"International TV Shows, TV Dramas, TV Thrillers",4,July,2019
s3291,Movie,Kal Ho Naa Ho,India,TV-14,187,"Comedies, Dramas, International Movies",1,April,2020
s3292,Movie,Kalakalappu,India,TV-14,154,"Comedies, International Movies, Music & Musicals",1,November,2018
s3293,Movie,Kaleidoscope,United Kingdom,TV-MA,99,Thrillers,8,May,2018
s3294,Movie,Kalek Shanab,United Arab Emirates,TV-PG,80,"Comedies, International Movies",1,June,2020
s3295,Movie,"Kalel, 15",Philippines,TV-MA,105,"Dramas, Independent Movies, International Movies",9,December,2020
s3296,Movie,Kalki,India,TV-14,41,"Dramas, Independent Movies, International Movies",1,March,2018
s3297,Movie,Kalushi: The Story of Solomon Mahlangu,South Africa,TV-MA,107,"Dramas, International Movies",29,November,2019
s3298,Movie,Kaminey,India,TV-14,128,"Dramas, International Movies, Music & Musicals",1,October,2018
s3299,Movie,Kanavu Variyam,India,TV-PG,104,"Comedies, Dramas, International Movies",15,June,2017
s3300,Movie,Kandasamys: The Wedding,South Africa,TV-14,93,"Comedies, Dramas, International Movies",4,September,2020
s3301,Movie,Kanika,India,TV-14,110,"Horror Movies, International Movies, Thrillers",1,March,2018
s3302,Movie,Kannum Kannum Kollaiyadithaal,India,TV-14,160,"Comedies, Dramas, International Movies",29,March,2020
s3303,TV Show,Kantaro: The Sweet Tooth Salaryman,Japan,TV-PG,1,"International TV Shows, TV Comedies",1,December,2017
s3304,Movie,Kapoor & Sons,India,TV-14,138,"Comedies, Dramas, International Movies",1,April,2020
s3305,Movie,Kappela,India,TV-14,112,"Dramas, International Movies, Romantic Movies",22,June,2020
s3306,Movie,Kara Bela,Turkey,TV-14,101,"Comedies, International Movies",10,March,2017
s3307,Movie,Kardec,Brazil,TV-14,110,"Dramas, Faith & Spirituality, International Movies",29,August,2019
s3308,Movie,Karkar,Egypt,TV-14,107,"Comedies, International Movies",19,May,2020
s3309,Movie,"Karol Modzelewski, Łukasz „Lotek” Lodkowski No Offense",Unknown,TV-MA,65,Stand-Up Comedy,19,September,2016
s3310,Movie,Karthik Calling Karthik,India,TV-14,135,"Dramas, International Movies, Thrillers",15,December,2019
s3311,Movie,Kartini: Princess of Java,"Indonesia, Netherlands",TV-PG,118,"Dramas, International Movies",15,October,2020
s3312,Movie,Karzzzz,India,TV-14,137,"International Movies, Music & Musicals, Romantic Movies",22,October,2017
s3313,Movie,Kasanova,Nigeria,TV-14,117,"Comedies, International Movies, Romantic Movies",26,June,2020
s3314,Movie,"Katarzyna Piasecka, Rafał Pacześ Seriously Funny",Unknown,TV-MA,65,Stand-Up Comedy,19,September,2016
s3315,Movie,Kate & Leopold,United States,PG-13,118,"Comedies, Romantic Movies",1,January,2020
s3316,Movie,Kath & Kimderella,Australia,TV-14,86,Comedies,28,July,2018
s3317,TV Show,Kath and Kim,Australia,TV-MA,6,TV Comedies,28,July,2018
s3318,Movie,Katha,India,TV-PG,140,"Comedies, Dramas, Independent Movies",31,December,2019
s3319,Movie,Katherine Ryan: Glitter Room,United States,TV-MA,66,Stand-Up Comedy,1,July,2019
s3320,Movie,Katherine Ryan: In Trouble,United Kingdom,TV-MA,64,Stand-Up Comedy,14,February,2017
s3321,Movie,Kathleen Madigan: Bothering Jesus,United States,TV-MA,71,Stand-Up Comedy,10,November,2016
s3322,Movie,Katt Williams: American Hustle (The Movie),United States,TV-MA,89,Stand-Up Comedy,17,May,2018
s3323,Movie,Katt Williams: Great America,United States,TV-MA,60,Stand-Up Comedy,16,January,2018
s3324,Movie,Katt Williams: Kattpacalypse,United States,TV-MA,61,Stand-Up Comedy,3,July,2018
s3325,Movie,Katt Williams: Live,United States,NR,85,Stand-Up Comedy,19,July,2018
s3326,Movie,Katt Williams: The Pimp Chronicles: Pt. 1,United States,TV-MA,45,Stand-Up Comedy,1,November,2018
s3327,Movie,Katti Batti,India,TV-14,132,"Comedies, Dramas, International Movies",1,November,2018
s3328,Movie,Kavin Jay: Everybody Calm Down!,Unknown,TV-MA,53,Stand-Up Comedy,2,February,2018
s3329,Movie,Kaviyude Osyath,India,TV-14,116,"Dramas, International Movies",1,July,2018
s3330,Movie,Kay Dyache Bola,India,TV-14,133,"Comedies, Dramas, International Movies",1,January,2018
s3331,TV Show,Kazoops!,Australia,TV-Y,3,Kids' TV,5,May,2017
s3332,Movie,KD (A) Karuppudurai,India,TV-14,116,"Comedies, Dramas, Independent Movies",21,January,2020
s3333,Movie,Keith Richards: Under the Influence,United States,TV-14,82,"Documentaries, Music & Musicals",18,September,2015
s3334,TV Show,Ken Burns Presents: College Behind Bars: A Film by Lynn Novick and Produced by Sarah Botstein,United States,TV-MA,1,Docuseries,15,March,2020
s3335,TV Show,Ken Burns: The Civil War,United States,TV-14,1,Docuseries,22,February,2017
s3336,TV Show,Ken Burns: The Roosevelts: An Intimate History,United States,TV-PG,1,Docuseries,22,February,2017
s3337,TV Show,Ken Burns: The West,United States,TV-PG,1,Docuseries,14,March,2017
s3338,Movie,"Ken Jeong: You Complete Me, Ho",United States,TV-MA,62,Stand-Up Comedy,14,February,2019
s3339,TV Show,KENGAN ASHURA,"United States, Japan",TV-MA,2,"Anime Series, International TV Shows",31,October,2019
s3340,Movie,Kenny Sebastian: The Most Interesting Person in the Room,India,TV-MA,68,Stand-Up Comedy,29,May,2020
s3341,TV Show,Kevin Hart: Don’t F**k This Up,United States,TV-MA,1,Docuseries,27,December,2019
s3342,Movie,Kevin Hart: I'm a Grown Little Man,United States,TV-MA,62,Stand-Up Comedy,30,January,2020
s3343,Movie,Kevin Hart: Irresponsible,United States,TV-MA,60,Stand-Up Comedy,2,April,2019
s3344,Movie,Kevin Hart: Laugh at My Pain,United States,R,89,Stand-Up Comedy,1,October,2018
s3345,Movie,Kevin Hart: Let Me Explain,United States,R,75,Stand-Up Comedy,13,July,2018
s3346,Movie,Kevin Hart: Seriously Funny,United States,TV-MA,67,Stand-Up Comedy,1,October,2018
s3347,Movie,Kevin Hart: What Now?,United States,R,96,Stand-Up Comedy,11,April,2017
s3348,Movie,Kevin Hart: Zero F**ks Given,United States,TV-MA,70,Stand-Up Comedy,17,November,2020
s3349,Movie,Kevin Hart's Guide to Black History,United States,TV-PG,63,"Children & Family Movies, Comedies",8,February,2019
s3350,Movie,Kevin James: Never Don't Give Up,United States,TV-PG,62,Stand-Up Comedy,24,April,2018
s3351,Movie,Kevin James: Sweat the Small Stuff,United States,TV-PG,42,Stand-Up Comedy,20,February,2019
s3352,Movie,Kevyn Aucoin: Beauty & the Beast in Me,United States,TV-MA,90,"Documentaries, LGBTQ Movies",1,January,2019
s3353,TV Show,Khaani,Pakistan,TV-14,1,"Crime TV Shows, International TV Shows, Romantic TV Shows",1,August,2019
s3354,Movie,Khalnayak,India,TV-14,170,"Action & Adventure, Dramas, International Movies",1,March,2018
s3355,TV Show,Khan: No. 1 Crime Hunter,India,TV-14,1,"Crime TV Shows, International TV Shows, TV Comedies",1,May,2018
s3356,TV Show,Khelti Hai Zindagi Aankh Micholi,India,TV-14,1,"International TV Shows, TV Dramas",1,April,2017
s3357,Movie,Khido Khundi,India,TV-14,151,"Dramas, International Movies, Sports Movies",1,October,2018
s3358,Movie,Khoobsurat,India,TV-14,121,"Comedies, International Movies, Romantic Movies",1,October,2018
s3359,Movie,Khoon Khoon,India,TV-14,132,"Action & Adventure, International Movies",1,September,2017
s3360,Movie,Khosla Ka Ghosla,India,TV-14,124,"Comedies, Dramas, International Movies",2,August,2018
s3361,TV Show,Khotey Sikkey,India,TV-14,1,"Crime TV Shows, International TV Shows, TV Dramas",15,March,2018
s3362,Movie,Khubsoorat,India,TV-PG,120,"Classic Movies, Comedies, Dramas",31,December,2019
s3363,Movie,Khushi,India,TV-14,157,"Comedies, International Movies, Music & Musicals",1,March,2018
s3364,Movie,Kia and Cosmos,India,TV-14,124,"Dramas, Independent Movies, International Movies",1,May,2019
s3365,TV Show,Kibaoh Klashers,China,TV-Y7,2,Kids' TV,6,October,2017
s3366,Movie,Kickboxer: Retaliation,United States,R,110,Action & Adventure,26,April,2018
s3367,Movie,Kickboxer: Vengeance,United States,TV-MA,90,Action & Adventure,8,December,2016
s3368,Movie,Kicking and Screaming,United States,R,97,"Comedies, Independent Movies, Romantic Movies",4,November,2019
s3369,TV Show,Kicko & Super Speedo,Unknown,TV-Y7,1,"Kids' TV, TV Comedies",1,April,2019
s3370,Movie,Kid Kulafu,Philippines,TV-14,108,"Dramas, International Movies, Sports Movies",4,March,2019
s3371,TV Show,Kid-E-Cats,Russia,TV-Y,1,Kids' TV,1,November,2020
s3372,Movie,Kidnapping Mr. Heineken,"Netherlands, Belgium, United Kingdom, United States",R,95,"Action & Adventure, Dramas, International Movies",8,September,2017
s3373,Movie,Kidnapping Stella,Germany,TV-MA,90,"Dramas, International Movies, Thrillers",12,July,2019
s3374,Movie,Kids on the Block,Turkey,TV-PG,102,"Children & Family Movies, Comedies",4,October,2019
s3376,Movie,Kill Bill: Vol. 1,"United States, Japan",R,111,Action & Adventure,1,January,2020
s3377,Movie,Kill Bill: Vol. 2,United States,R,137,Action & Adventure,1,January,2020
s3378,Movie,Kill Command,United Kingdom,TV-MA,100,"Action & Adventure, Independent Movies, Sci-Fi & Fantasy",23,February,2017
s3379,Movie,Kill Hitler! The Luck of the Devil,France,TV-14,53,"Documentaries, International Movies",1,May,2019
s3380,TV Show,Kill la Kill,Japan,TV-MA,1,"Anime Series, International TV Shows",15,June,2019
s3381,Movie,Kill Me If You Dare,Turkey,TV-14,100,"Comedies, International Movies, Romantic Movies",6,September,2019
s3382,Movie,Kill Ratio,United States,TV-MA,87,Action & Adventure,17,February,2017
s3383,Movie,Kill the Irishman,United States,R,106,"Action & Adventure, Dramas, Independent Movies",21,August,2020
s3384,Movie,Kill the Messenger,United States,R,112,"Dramas, Thrillers",16,December,2018
s3385,Movie,Killa,India,TV-14,107,"Dramas, International Movies",1,April,2017
s3386,Movie,Killer Cove,United States,TV-14,87,Thrillers,14,November,2020
s3387,TV Show,Killer Inside: The Mind of Aaron Hernandez,United States,TV-MA,1,"Crime TV Shows, Docuseries",15,January,2020
s3388,Movie,Killer Klowns from Outer Space,United States,PG-13,86,"Comedies, Cult Movies, Horror Movies",1,April,2020
s3389,TV Show,Killer Ratings,Unknown,TV-MA,1,"Crime TV Shows, Docuseries, International TV Shows",31,May,2019
s3390,TV Show,Killer Women with Piers Morgan,United Kingdom,TV-MA,1,"British TV Shows, Crime TV Shows, Docuseries",19,July,2020
s3391,Movie,Killers,United States,PG-13,100,"Action & Adventure, Comedies, Romantic Movies",1,January,2021
s3392,Movie,Killing Hasselhoff,United States,R,80,Comedies,1,August,2020
s3393,Movie,Killing Them Softly,United States,R,97,Dramas,30,March,2020
s3394,Movie,Kills on Wheels,Hungary,TV-MA,103,"Action & Adventure, Dramas, International Movies",15,March,2018
s3395,Movie,Kilo Two Bravo,United Kingdom,R,109,"Dramas, Independent Movies, Thrillers",1,March,2019
s3396,TV Show,Kim's Convenience,Canada,TV-MA,4,TV Comedies,1,April,2020
s3397,Movie,King Jack,United States,NR,81,"Dramas, Independent Movies",1,July,2016
s3398,Movie,King of Boys,Nigeria,TV-MA,182,"Dramas, International Movies",21,September,2019
s3399,Movie,King of Peking,"China, United States, Australia",TV-14,88,"Comedies, Dramas, International Movies",2,July,2018
s3400,Movie,King's Ransom,"United States, Canada",PG-13,98,"Action & Adventure, Comedies",1,November,2019
s3401,TV Show,King’s War,China,TV-14,1,"International TV Shows, TV Dramas",7,July,2017
s3402,TV Show,Kingdom,United States,TV-MA,3,TV Dramas,1,July,2020
s3403,Movie,Kingdom of Us,United Kingdom,TV-MA,110,Documentaries,13,October,2017
s3404,TV Show,Kingdoms of the Sky,Unknown,TV-PG,1,"British TV Shows, Docuseries, Science & Nature TV",1,October,2018
s3405,Movie,Kingpin,United States,PG-13,114,"Comedies, Cult Movies, Sports Movies",1,January,2020
s3406,Movie,Kings,"France, Belgium, China, United States",R,87,Dramas,29,October,2018
s3407,TV Show,Kings of Jo'Burg,South Africa,TV-MA,1,"Crime TV Shows, International TV Shows, TV Dramas",4,December,2020
s3408,TV Show,Kipo and the Age of Wonderbeasts,United States,TV-Y7,3,"Kids' TV, TV Comedies",12,October,2020
s3409,Movie,Kis Kisko Pyaar Karoon,India,TV-PG,132,"Comedies, International Movies",1,November,2017
s3410,Movie,Kisaan,India,TV-14,101,"Action & Adventure, Dramas, International Movies",1,October,2018
s3411,Movie,Kismat Konnection,India,TV-PG,145,"Comedies, International Movies, Music & Musicals",1,October,2018
s3412,Movie,Kiss & Cry,Canada,TV-MA,93,"Dramas, International Movies, Romantic Movies",1,May,2017
s3413,TV Show,Kiss Me First,"United Kingdom, United States",TV-MA,1,"British TV Shows, Crime TV Shows, International TV Shows",29,June,2018
s3414,Movie,Kiss the Girls,United States,R,116,Thrillers,1,January,2020
s3415,Movie,Kiss the Ground,United States,TV-G,85,Documentaries,22,September,2020
s3416,TV Show,Kiss The Series,Unknown,TV-14,1,"International TV Shows, Romantic TV Shows, TV Dramas",26,May,2019
s3417,TV Show,Kissing Game,Brazil,TV-MA,1,"International TV Shows, TV Dramas, TV Mysteries",17,July,2020
s3418,Movie,Kita Kita,Philippines,TV-14,84,"Comedies, Dramas, International Movies",15,December,2018
s3419,TV Show,Kitten Rescuers,United Kingdom,TV-14,1,"British TV Shows, International TV Shows, Reality TV",2,October,2019
s3420,Movie,KL Zombi,Malaysia,TV-14,92,"Comedies, Horror Movies, International Movies",21,August,2017
s3421,Movie,Klaus,"Spain, United Kingdom",PG,98,"Children & Family Movies, Comedies",15,November,2019
s3422,TV Show,Knightfall,United States,TV-MA,2,TV Dramas,13,August,2019
s3423,TV Show,Knights of Sidonia,Japan,TV-MA,2,"Anime Series, International TV Shows",1,December,2019
s3424,Movie,Knock Down The House,United States,PG,88,Documentaries,1,May,2019
s3425,Movie,Knock Knock,"United States, Chile, Israel",R,99,"Horror Movies, Thrillers",1,November,2020
s3426,Movie,Know Your Enemy - Japan,United States,TV-14,63,"Classic Movies, Documentaries",31,March,2017
s3427,Movie,Knowing,"United States, United Kingdom, Australia",PG-13,121,"Sci-Fi & Fantasy, Thrillers",1,October,2019
s3428,TV Show,KO One,Taiwan,TV-MA,1,"International TV Shows, TV Action & Adventure, TV Comedies",19,April,2019
s3429,TV Show,KO One Return,Unknown,TV-MA,1,"International TV Shows, TV Comedies, TV Dramas",30,April,2019
s3430,Movie,Kocan Kadar Konus,Turkey,TV-14,104,"Comedies, International Movies, Romantic Movies",10,March,2017
s3431,Movie,Kocan Kadar Konus 2: Dirilis,Turkey,TV-14,104,"Comedies, International Movies, Romantic Movies",10,March,2017
s3432,Movie,Kodachrome,"Canada, United States",TV-MA,105,"Comedies, Dramas",20,April,2018
s3433,Movie,Koi Aap Sa,India,TV-14,135,"Comedies, International Movies, Music & Musicals",31,May,2019
s3434,Movie,Koko: The Gorilla Who Talks,United Kingdom,TV-G,56,Documentaries,1,March,2017
s3435,Movie,Kolaiyuthir Kaalam,India,TV-14,107,"International Movies, Thrillers",24,April,2020
s3436,Movie,Komola Rocket,Bangladesh,TV-14,95,"Dramas, Independent Movies, International Movies",7,January,2019
s3437,TV Show,Kon Kon Kon,Unknown,TV-PG,1,"Docuseries, International TV Shows",16,February,2018
s3438,Movie,Kon-Tiki,"United Kingdom, Norway, Denmark, Germany, Sweden",PG-13,96,"Action & Adventure, Dramas, International Movies",26,April,2019
s3439,TV Show,Kong: King of the Apes,"United States, Japan, Canada",TV-Y7,2,Kids' TV,4,May,2018
s3440,TV Show,Kongsuni and Friends,Unknown,TV-Y,2,"Kids' TV, Korean TV Shows",30,October,2020
s3441,TV Show,Kopitiam,Malaysia,TV-14,7,"International TV Shows, TV Comedies",3,November,2018
s3442,TV Show,Korean Pork Belly Rhapsody,Unknown,TV-G,1,"Docuseries, International TV Shows",4,January,2021
s3443,Movie,Koshish,India,TV-14,115,"International Movies, Romantic Movies",31,December,2019
s3444,Movie,Kraftidioten,"Norway, Denmark, Sweden",TV-MA,117,"Comedies, International Movies, Thrillers",5,January,2017
s3445,Movie,Krish Trish and Baltiboy,Unknown,TV-Y7,58,Children & Family Movies,8,September,2017
s3446,Movie,Krish Trish and Baltiboy: Battle of Wits,Unknown,TV-Y7,62,Children & Family Movies,8,September,2017
s3447,Movie,Krish Trish and Baltiboy: Best Friends Forever,Unknown,TV-Y,65,Children & Family Movies,8,September,2017
s3448,Movie,Krish Trish and Baltiboy: Comics of India,Unknown,TV-Y7,61,Children & Family Movies,8,September,2017
s3449,Movie,Krish Trish and Baltiboy: Face Your Fears,India,TV-Y7,65,Children & Family Movies,17,November,2017
s3450,Movie,Krish Trish and Baltiboy: Oversmartness Never Pays,Unknown,TV-Y7,65,Children & Family Movies,8,September,2017
s3451,Movie,Krish Trish and Baltiboy: Part II,Unknown,TV-Y7,58,Children & Family Movies,8,September,2017
s3452,Movie,Krish Trish and Baltiboy: The Greatest Trick,Unknown,TV-Y7,60,Children & Family Movies,8,September,2017
s3453,Movie,Krisha,United States,R,81,"Dramas, Independent Movies",7,November,2018
s3454,Movie,Krishna and His Leela,India,TV-MA,126,"International Movies, Romantic Movies",25,June,2020
s3455,TV Show,Krishna Balram,Unknown,TV-Y7,1,Kids' TV,8,July,2019
s3456,Movie,Krishna Cottage,India,TV-MA,124,"Action & Adventure, Horror Movies, International Movies",31,May,2019
s3457,Movie,Kristy,United States,NR,85,Horror Movies,31,October,2015
s3458,Movie,Krutant,India,TV-14,114,"Dramas, International Movies",2,June,2019
s3459,Movie,Krystal,United States,R,93,"Comedies, Dramas",1,January,2019
s3460,Movie,Kucch To Hai,India,TV-14,136,"Dramas, International Movies, Thrillers",15,May,2019
s3461,Movie,Kuch Kuch Hota Hai,India,TV-14,185,"Comedies, Dramas, International Movies",1,April,2020
s3462,Movie,Kuldip Patwal: I Didn't Do It!,India,TV-MA,126,"Dramas, Independent Movies, International Movies",31,December,2019
s3463,TV Show,Kulipari: An Army of Frogs,United States,TV-Y7,1,Kids' TV,2,September,2016
s3464,TV Show,Kulipari: Dream Walker,Unknown,TV-Y7,1,Kids' TV,20,November,2018
s3465,Movie,Kung Fu Hustle,"Hong Kong, China, United States",R,99,"Action & Adventure, Comedies, Cult Movies",1,April,2020
s3466,Movie,Kung Fu Magoo,"Mexico, United States",TV-Y7,79,"Children & Family Movies, Comedies",1,August,2018
s3467,Movie,Kung Fu Panda: Holiday,United States,TV-PG,26,"Children & Family Movies, Comedies",1,December,2012
s3468,Movie,Kung Fu Panda: Secrets of the Scroll,United States,TV-PG,23,"Children & Family Movies, Comedies",25,March,2016
s3469,Movie,Kung Fu Yoga,"China, India, Nepal",TV-PG,107,"Action & Adventure, Comedies, International Movies",6,October,2017
s3470,Movie,Kuntilanak,Indonesia,TV-14,106,"Horror Movies, International Movies",12,October,2018
s3471,Movie,Kuppivala,Unknown,TV-14,133,"Dramas, International Movies, Romantic Movies",1,August,2018
s3472,Movie,Kurbaan,India,TV-14,147,"International Movies, Thrillers",1,October,2018
s3473,TV Show,Kuroko's Basketball,Japan,TV-MA,1,"Anime Series, International TV Shows, Teen TV Shows",15,January,2021
s3474,TV Show,Kuromukuro,Japan,TV-14,2,"Anime Series, International TV Shows",4,July,2016
s3475,Movie,Kurt & Courtney,United Kingdom,R,95,"Documentaries, Music & Musicals",8,January,2019
s3476,TV Show,Kurt Seyit & Sura,Turkey,TV-14,1,"International TV Shows, Romantic TV Shows, TV Dramas",26,December,2016
s3477,Movie,Kurtulus Son Durak,Turkey,TV-MA,100,"Comedies, Dramas, International Movies",10,March,2017
s3478,Movie,Kya Kehna,India,TV-PG,149,"Dramas, International Movies, Romantic Movies",1,April,2018
s3479,Movie,Kyaa Kool Hai Hum,India,TV-14,165,"Comedies, International Movies, Music & Musicals",15,May,2019
s3480,Movie,Kyaa Kool Hain Hum 3,India,R,124,"Comedies, International Movies",15,May,2019
s3481,Movie,Kygo: Live at the Hollywood Bowl,United States,TV-MA,52,Music & Musicals,12,March,2018
s3482,Movie,Kyo Kii... Main Jhuth Nahin Bolta,India,TV-PG,150,"Comedies, International Movies, Sci-Fi & Fantasy",16,May,2019
s3483,Movie,Kyun! Ho Gaya Na,India,TV-PG,165,"International Movies, Romantic Movies",1,March,2018
s3484,TV Show,L.A.’s Finest,United States,TV-14,1,"Crime TV Shows, TV Action & Adventure, TV Comedies",5,January,2021
s3485,Movie,Léa & I,Unknown,TV-MA,84,Documentaries,2,August,2019
s3486,Movie,La Última Fiesta,Argentina,TV-MA,104,"Comedies, International Movies",1,February,2017
s3487,Movie,LA 92,United States,R,114,Documentaries,1,March,2018
s3488,Movie,La Bamba,United States,PG-13,109,"Classic Movies, Dramas, Music & Musicals",1,January,2020
s3489,TV Show,La casa de papel,Spain,TV-MA,4,"Crime TV Shows, International TV Shows, Spanish-Language TV Shows",3,April,2020
s3490,Movie,La Coppia dei Campioni,Italy,TV-MA,88,"Comedies, International Movies",15,February,2017
s3491,TV Show,La Doña,"United States, Mexico",TV-14,1,"Spanish-Language TV Shows, TV Dramas",17,November,2018
s3492,TV Show,La Esclava Blanca,Colombia,TV-MA,1,"International TV Shows, Spanish-Language TV Shows, TV Dramas",1,August,2016
s3494,TV Show,La Femme,Unknown,TV-14,1,"International TV Shows, TV Dramas",16,October,2017
s3495,Movie,La Gran Ilusión,Unknown,TV-14,50,International Movies,28,October,2020
s3496,TV Show,La Grande Chaumière Violette,Taiwan,TV-14,1,"International TV Shows, TV Dramas",14,January,2019
s3497,TV Show,La Línea: Shadow of Narco,Spain,TV-MA,1,"Crime TV Shows, Docuseries, International TV Shows",9,September,2020
s3498,Movie,La Leyenda del Diamante,Mexico,TV-MA,87,"Action & Adventure, International Movies, Sci-Fi & Fantasy",28,June,2019
s3499,TV Show,La Mante,France,TV-MA,1,"Crime TV Shows, International TV Shows, TV Dramas",29,December,2017
s3500,TV Show,La Niña,Colombia,TV-MA,1,"Crime TV Shows, International TV Shows, Spanish-Language TV Shows",18,November,2016
s3501,Movie,LA Originals,"United States, Argentina",TV-MA,92,"Documentaries, Music & Musicals",10,April,2020
s3502,TV Show,La Piloto,Mexico,TV-MA,1,"Crime TV Shows, International TV Shows, Spanish-Language TV Shows",2,April,2018
s3503,TV Show,La Révolution,France,TV-MA,1,"International TV Shows, TV Action & Adventure, TV Dramas",16,October,2020
s3504,TV Show,La Reina del Sur,"Mexico, United States, Spain, Colombia",TV-MA,2,"Crime TV Shows, International TV Shows, Spanish-Language TV Shows",29,November,2019
s3505,TV Show,La Robe De Mariee Des Cieux,Taiwan,TV-MA,1,"International TV Shows, Romantic TV Shows",15,November,2019
s3506,TV Show,La Rosa de Guadalupe,Mexico,TV-PG,1,"Classic & Cult TV, Crime TV Shows, International TV Shows",15,January,2019
s3507,TV Show,La Viuda Negra,"Colombia, Mexico, United States",TV-14,1,"Crime TV Shows, International TV Shows, Spanish-Language TV Shows",15,January,2019
s3508,Movie,Laal Rang,India,TV-14,143,"Dramas, International Movies, Thrillers",1,March,2018
s3509,Movie,Laatu,India,TV-PG,116,"Comedies, Dramas, International Movies",2,May,2019
s3510,Movie,Laddaland,Thailand,TV-MA,112,"Horror Movies, International Movies",7,September,2018
s3511,Movie,Ladies First,India,TV-G,40,"Documentaries, International Movies, Sports Movies",8,March,2018
s3512,TV Show,Ladies Up,India,TV-MA,1,"International TV Shows, Stand-Up Comedy & Talk Shows, TV Comedies",27,March,2020
s3513,Movie,Lady Bird,United States,R,94,"Comedies, Dramas, Independent Movies",3,June,2020
s3514,Movie,Lady Bloodfight,Hong Kong,R,101,Action & Adventure,5,August,2017
s3515,Movie,Lady Driver,United States,PG,104,"Dramas, Sports Movies",2,May,2020
s3516,TV Show,Lady Dynamite,United States,TV-MA,2,TV Comedies,10,November,2017
s3517,Movie,Lady in the Water,United States,PG-13,110,"Sci-Fi & Fantasy, Thrillers",1,July,2019
s3518,Movie,Lady J,France,TV-MA,111,"Dramas, Independent Movies, International Movies",8,March,2019
s3519,Movie,Lady-Like,United States,NC-17,83,"Comedies, Independent Movies",18,January,2019
s3520,TV Show,"Lady, la vendedora de rosas",Colombia,TV-14,1,"International TV Shows, Spanish-Language TV Shows, TV Dramas",1,April,2018
s3521,Movie,Laerte-se,Brazil,TV-MA,101,"Documentaries, International Movies, LGBTQ Movies",19,May,2017
s3522,Movie,Lagaan,India,PG,224,"Dramas, International Movies, Music & Musicals",10,January,2021
s3523,Movie,Lagos Real Fake Life,Unknown,TV-MA,118,"Comedies, International Movies",29,November,2019
s3524,Movie,Lakeeran,India,TV-PG,111,"Dramas, International Movies, Romantic Movies",1,December,2019
s3525,Movie,Lakshya,India,TV-PG,185,"Action & Adventure, Dramas, International Movies",15,December,2019
s3526,Movie,Lal Patthar,India,TV-14,153,"Classic Movies, Dramas, International Movies",1,July,2017
s3527,Movie,Lalbaug Parel: Zali Mumbai Sonyachi,India,TV-MA,145,"Dramas, International Movies",15,March,2018
s3528,TV Show,Land Girls,United Kingdom,TV-14,3,"British TV Shows, International TV Shows, TV Dramas",1,August,2017
s3529,Movie,Lang Tong,Singapore,TV-MA,82,"International Movies, Thrillers",20,December,2018
s3530,Movie,Lara and the Beat,Nigeria,TV-MA,140,"Dramas, International Movies, Music & Musicals",14,September,2020
s3531,Movie,Larceny,"United States, Mexico",TV-14,87,Action & Adventure,15,September,2017
s3532,TV Show,Larry Charles' Dangerous World of Comedy,Unknown,TV-MA,1,"Docuseries, TV Comedies",15,February,2019
s3533,Movie,Larry the Cable Guy: Remain Seated,United States,TV-14,68,Stand-Up Comedy,26,November,2020
s3534,TV Show,Larva,Russia,TV-Y7,3,"Kids' TV, Korean TV Shows, TV Comedies",1,February,2016
s3535,TV Show,Larva Island,Unknown,TV-Y7,2,"Kids' TV, Korean TV Shows, TV Comedies",1,March,2019
s3536,TV Show,Las muñecas de la mafia,Colombia,TV-MA,2,"Crime TV Shows, International TV Shows, Spanish-Language TV Shows",15,March,2019
s3537,TV Show,Last,South Korea,TV-14,1,"Crime TV Shows, International TV Shows, Korean TV Shows",22,May,2017
s3538,Movie,Last Breath,"United Kingdom, Belgium, Sweden",TV-MA,86,"Documentaries, International Movies",6,May,2019
s3539,TV Show,Last Chance U,United States,TV-MA,5,Docuseries,28,July,2020
s3540,Movie,Last Ferry,United States,TV-MA,86,"Dramas, Independent Movies, LGBTQ Movies",11,March,2020
s3541,Movie,Last Flight to Abuja,"Nigeria, United Kingdom",TV-14,76,"Dramas, International Movies",16,June,2020
s3542,TV Show,LAST HOPE,Japan,TV-14,2,"Anime Series, International TV Shows",21,December,2018
s3543,Movie,Last Knights,"United Kingdom, South Korea",R,115,Action & Adventure,1,August,2019
s3544,Movie,Last Night,"United States, France",R,93,"Dramas, Independent Movies, Romantic Movies",1,January,2019
s3545,TV Show,Last Tango in Halifax,United Kingdom,TV-MA,4,"British TV Shows, Romantic TV Shows, TV Dramas",12,January,2021
s3546,Movie,Late Life: The Chien-Ming Wang Story,"United States, Taiwan",TV-14,98,"Documentaries, Sports Movies",15,March,2019
s3547,Movie,Latte and the Magic Waterstone,Germany,TV-Y,83,"Children & Family Movies, Comedies",31,July,2020
s3548,Movie,Lavell Crawford: Can a Brother Get Some Love?,United States,TV-MA,81,Stand-Up Comedy,2,August,2016
s3549,TV Show,Lavender,Taiwan,TV-14,1,"International TV Shows, Romantic TV Shows, TV Dramas",15,January,2019
s3550,Movie,Lawless,United States,R,116,Dramas,29,December,2019
s3551,TV Show,Laws of Attraction,Unknown,TV-14,1,"International TV Shows, Romantic TV Shows, TV Comedies",16,October,2017
s3552,Movie,Layer Cake,United Kingdom,R,105,"Independent Movies, International Movies, Thrillers",1,March,2019
s3553,Movie,Layla M.,"Netherlands, Belgium, Germany, Jordan",TV-MA,99,"Dramas, International Movies",23,March,2018
s3554,Movie,Le K Benzema,France,TV-14,121,"Documentaries, International Movies, Sports Movies",1,May,2018
s3555,Movie,Le serment des Hitler,France,TV-PG,54,"Documentaries, International Movies",1,May,2019
s3556,Movie,League of Legends Origins,United States,TV-MA,78,Documentaries,16,October,2019
s3557,TV Show,Leah Remini: Scientology and the Aftermath,United States,TV-14,3,Docuseries,1,November,2020
s3558,Movie,Leap Year,"United States, Ireland",PG,100,"Comedies, Romantic Movies",15,November,2019
s3559,Movie,Leap!,"France, Canada",PG,89,"Children & Family Movies, Comedies",7,January,2021
s3560,Movie,LeapFrog: Letter Factory,United States,TV-Y,37,Children & Family Movies,15,April,2020
s3561,Movie,LeapFrog: Numberland,United States,TV-Y,33,Movies,15,April,2020
s3562,Movie,LeapFrog: Phonics Farm,United States,TV-Y,35,Movies,15,April,2020
s3563,Movie,"LeapFrog: Sing-along, Read-along",Unknown,TV-Y,32,Children & Family Movies,15,April,2020
s3564,TV Show,Learning Songs by Little Baby Bum: Nursery Rhyme Friends,Unknown,TV-Y,1,"British TV Shows, Kids' TV",1,July,2017
s3565,TV Show,Learning Time with Timmy,United Kingdom,TV-Y,1,"British TV Shows, Kids' TV",15,May,2020
s3566,Movie,Lechmi,India,TV-MA,147,"Comedies, Horror Movies, International Movies",1,August,2018
s3567,Movie,Lee Daniels' The Butler,United States,PG-13,132,Dramas,16,December,2020
s3568,Movie,Left Behind,"United States, Canada",PG-13,110,"Action & Adventure, Faith & Spirituality, Sci-Fi & Fantasy",26,December,2018
s3569,TV Show,Legacies,United States,TV-14,2,"TV Dramas, TV Sci-Fi & Fantasy, Teen TV Shows",3,April,2020
s3570,Movie,Legend,"United Kingdom, France, United States",R,132,"Dramas, International Movies, Thrillers",16,January,2020
s3571,Movie,Legend of the Guardians: The Owls of Ga'Hoole,"United States, Australia",PG,97,Children & Family Movies,1,January,2020
s3572,Movie,Legend of the Naga Pearls,China,TV-MA,108,"Action & Adventure, International Movies, Sci-Fi & Fantasy",30,March,2018
s3573,TV Show,Legend Quest,Mexico,TV-Y7,1,Kids' TV,24,February,2017
s3574,TV Show,Legend Quest: Masters of Myth,Mexico,TV-Y7,1,Kids' TV,5,October,2019
s3575,Movie,Legendary Weapons of China,Hong Kong,TV-14,101,"Action & Adventure, Cult Movies, International Movies",16,August,2018
s3576,TV Show,Legends of Strength,United States,TV-PG,1,Docuseries,18,January,2019
s3577,Movie,LEGENDS OF THE HIDDEN TEMPLE,United States,TV-PG,68,Children & Family Movies,2,November,2019
s3578,Movie,Legion,United States,R,100,"Action & Adventure, Horror Movies, Sci-Fi & Fantasy",1,November,2019
s3579,TV Show,LEGO Bionicle: The Journey to One,United States,TV-Y7,2,Kids' TV,29,July,2016
s3580,Movie,Lego DC Comics: Batman Be-Leaguered,United States,TV-Y7,22,Movies,1,February,2019
s3581,TV Show,LEGO Elves: Secrets of Elvendale,United States,TV-Y7,1,Kids' TV,1,September,2017
s3582,TV Show,Lego Friends,Unknown,TV-G,3,Kids' TV,1,February,2019
s3583,TV Show,Lego Friends: Girls on a Mission,Denmark,TV-Y,1,Kids' TV,1,February,2019
s3584,TV Show,LEGO Friends: The Power of Friendship,Denmark,TV-Y7,2,Kids' TV,10,June,2016
s3585,Movie,LEGO House - Home of the Brick,Unknown,TV-G,48,"Documentaries, International Movies",15,June,2018
s3586,TV Show,LEGO Jurassic World: Legend of Isla Nublar,United States,TV-Y,1,Kids' TV,1,November,2020
s3587,TV Show,LEGO Jurassic World: Secret Exhibit,United States,TV-Y,1,Kids' TV,1,November,2020
s3588,Movie,LEGO Jurassic World: The Indominus Escape,United States,TV-Y7,25,"Children & Family Movies, Comedies",4,October,2016
s3589,Movie,LEGO Marvel Super Heroes: Avengers Reassembled!,United States,TV-Y7,22,Children & Family Movies,6,August,2017
s3590,Movie,LEGO Marvel Super Heroes: Black Panther,United States,TV-Y7,22,Children & Family Movies,1,February,2019
s3591,Movie,LEGO Marvel Super Heroes: Guardians of the Galaxy,United States,TV-Y,22,Children & Family Movies,1,February,2019
s3592,TV Show,LEGO Ninjago,Canada,TV-Y7,2,Kids' TV,1,November,2020
s3593,TV Show,LEGO Ninjago: Masters of Spinjitzu,"Denmark, Singapore, Canada, United States",TV-Y7,10,Kids' TV,1,November,2020
s3594,Movie,LEGO Ninjago: Masters of Spinjitzu: Day of the Departed,"Denmark, China",TV-Y7-FV,44,"Action & Adventure, Children & Family Movies",1,February,2019
s3595,TV Show,LEGO: CITY Adventures,"United States, France",TV-Y,1,"Kids' TV, TV Comedies",1,November,2020
s3596,Movie,LEGO: Marvel Super Heroes: Maximum Overload,United States,TV-Y7,22,Children & Family Movies,6,January,2017
s3597,TV Show,Leila,India,TV-MA,1,"International TV Shows, TV Dramas, TV Mysteries",14,June,2019
s3598,Movie,Lembi 8 Giga,Unknown,TV-MA,111,"Comedies, International Movies",28,April,2020
s3599,TV Show,Lenox Hill,United States,TV-MA,1,"Docuseries, Reality TV",10,June,2020
s3600,Movie,Lens,India,TV-MA,109,"Dramas, Independent Movies, International Movies",1,June,2017
s3601,TV Show,Leo & Tig,Unknown,TV-Y,1,Kids' TV,20,August,2018
s3602,Movie,Leo the Lion,"United States, Italy",TV-Y7-FV,78,"Children & Family Movies, Comedies",20,December,2015
s3603,Movie,"Les Bleus - Une autre histoire de France, 1996-2016",France,TV-MA,103,"Documentaries, International Movies, Sports Movies",15,March,2017
s3604,Movie,Les Misérables,"United Kingdom, United States",PG-13,158,"Dramas, International Movies, Music & Musicals",16,August,2020
s3605,Movie,Leslie Jones: Time Machine,United States,TV-MA,66,Stand-Up Comedy,14,January,2020
s3606,Movie,Lessons from a School Shooting: Notes from Dunblane,United States,TV-14,24,Documentaries,28,September,2018
s3607,Movie,Let It Fall: Los Angeles 1982-1992,United States,TV-MA,144,Documentaries,6,November,2017
s3608,Movie,Let It Snow,United States,PG-13,93,"Comedies, Dramas, LGBTQ Movies",8,November,2019
s3609,Movie,Let There Be Light,United States,TV-PG,58,"Classic Movies, Documentaries",31,March,2017
s3610,Movie,Let's Dance,Egypt,TV-14,116,"Comedies, Dramas, International Movies",2,June,2020
s3611,TV Show,Let's Eat 2,"Malaysia, Singapore, Hong Kong",TV-MA,1,"International TV Shows, Korean TV Shows, Romantic TV Shows",8,August,2019
s3612,TV Show,Let’s Eat,South Korea,TV-PG,1,"International TV Shows, Korean TV Shows, Romantic TV Shows",8,August,2019
s3613,TV Show,Levius,Japan,TV-14,1,"Anime Series, International TV Shows",28,November,2019
s3614,TV Show,Leyla and Mecnun,Turkey,TV-MA,3,"International TV Shows, Romantic TV Shows, TV Comedies",15,April,2017
s3615,Movie,Leyla Everlasting,Turkey,TV-MA,113,"Comedies, International Movies",4,December,2020
s3616,Movie,Lez Bomb,United States,TV-14,90,"Comedies, LGBTQ Movies",7,February,2019
s3617,Movie,"Liar, Liar, Vampire",United States,TV-PG,68,"Children & Family Movies, Comedies",2,November,2019
s3618,Movie,Liar's Dice,India,TV-MA,104,"Dramas, Independent Movies, International Movies",1,July,2017
s3619,Movie,Liberated: The New Sexual Revolution,"United States, Mexico",TV-MA,86,Documentaries,1,February,2018
s3620,TV Show,License to Drill: Louisiana,Canada,TV-PG,1,Reality TV,2,October,2019
s3621,Movie,Liefling,South Africa,TV-PG,118,"Comedies, International Movies, Music & Musicals",14,February,2020
s3622,TV Show,Life,South Korea,TV-MA,1,"International TV Shows, Korean TV Shows, TV Dramas",12,September,2018
s3623,Movie,Life 2.0,United States,TV-MA,99,Documentaries,1,April,2017
s3624,Movie,Life After Beth,United States,R,89,"Comedies, Horror Movies, Independent Movies",21,July,2018
s3625,Movie,Life in a ... Metro,India,TV-14,126,"Dramas, International Movies, Music & Musicals",1,November,2018
s3626,Movie,Life in the Doghouse,United States,TV-PG,83,"Documentaries, LGBTQ Movies",1,June,2019
s3627,Movie,Life Ki Toh Lag Gayi,India,TV-MA,109,"Action & Adventure, Comedies, Dramas",28,December,2018
s3628,Movie,Life of An Outcast,India,TV-PG,80,"Dramas, Independent Movies, International Movies",25,February,2019
s3629,TV Show,Life on Location,United States,TV-G,1,"British TV Shows, Docuseries, Science & Nature TV",22,April,2015
s3630,Movie,Life Overtakes Me,"Sweden, United States",TV-PG,40,Documentaries,15,June,2019
s3631,TV Show,Life Plan A and B,Taiwan,TV-PG,1,"International TV Shows, Romantic TV Shows, TV Dramas",1,August,2017
s3632,TV Show,Life Sentence,United States,TV-14,1,TV Dramas,23,June,2018
s3633,TV Show,Life Story,United Kingdom,TV-14,1,"British TV Shows, Docuseries, Science & Nature TV",20,June,2016
s3634,Movie,Life's Speed Bump,Egypt,TV-14,109,"Comedies, International Movies",2,June,2020
s3635,Movie,Lifechanger,Canada,TV-MA,84,"Horror Movies, Independent Movies, Thrillers",28,May,2019
s3636,Movie,Lifeline,Hong Kong,TV-14,104,"Action & Adventure, International Movies",16,August,2018
s3637,Movie,Light in the Dark,Nigeria,TV-14,105,"Dramas, International Movies",18,May,2020
s3638,Movie,Like Arrows,United States,TV-PG,99,"Dramas, Faith & Spirituality",6,May,2019
s3639,Movie,Like Father,United States,TV-MA,104,"Comedies, Dramas",3,August,2018
s3640,Movie,Like Water for Chocolate,Mexico,R,105,"Classic Movies, Dramas, International Movies",1,November,2019
s3641,Movie,Lil Peep: Everybody’s Everything,United States,TV-MA,116,"Documentaries, Music & Musicals",4,March,2020
s3642,Movie,Lila & Eve,United States,R,94,"Dramas, Thrillers",6,February,2016
s3643,Movie,Lilli,India,TV-MA,85,"Dramas, International Movies, Thrillers",17,December,2018
s3644,TV Show,Lilyhammer,"Norway, United States",TV-MA,3,"Crime TV Shows, TV Comedies, TV Dramas",21,November,2014
s3645,Movie,Limitless,India,TV-PG,59,"Documentaries, International Movies, Sports Movies",1,October,2019
s3646,TV Show,Limmy's Show!,United Kingdom,TV-MA,2,"British TV Shows, TV Comedies",1,October,2019
s3647,Movie,Lincoln,"United States, India",PG-13,150,Dramas,21,February,2018
s3648,Movie,Line Walker,"China, Hong Kong",TV-MA,109,"Action & Adventure, Dramas, International Movies",1,December,2018
s3649,Movie,Lingua Franca,"United States, Philippines",TV-MA,94,"Dramas, International Movies, LGBTQ Movies",26,August,2020
s3650,TV Show,Lion Pride,Taiwan,TV-MA,1,"International TV Shows, Romantic TV Shows, TV Comedies",21,December,2018
s3651,Movie,Lion's Heart,Egypt,TV-14,111,"Action & Adventure, International Movies",9,May,2019
s3652,Movie,Lionheart,Nigeria,TV-PG,95,"Comedies, Dramas, Independent Movies",4,January,2019
s3653,Movie,Liss Pereira: Reteniendo líquidos,Brazil,TV-14,59,Stand-Up Comedy,10,April,2019
s3654,Movie,Listen,Lebanon,TV-MA,103,"Dramas, Independent Movies, International Movies",19,October,2020
s3655,Movie,Listen Up! The Lives of Quincy Jones,Unknown,TV-14,116,"Documentaries, Music & Musicals",1,November,2019
s3656,Movie,Little Baby Bum: Go Buster,Unknown,TV-Y,58,Children & Family Movies,1,October,2019
s3657,TV Show,Little Baby Bum: Nursery Rhyme Friends,United Kingdom,TV-Y,2,"British TV Shows, Kids' TV",18,October,2019
s3658,Movie,Little Boxes,United States,TV-MA,89,"Comedies, Dramas, Independent Movies",1,June,2017
s3659,Movie,Little Dragon Maiden,Hong Kong,TV-14,92,"Action & Adventure, International Movies, Romantic Movies",1,August,2018
s3660,Movie,Little Evil,United States,TV-MA,95,"Comedies, Horror Movies",1,September,2017
s3662,Movie,Little Lunch: The Halloween Horror Story,Australia,TV-Y7,23,"Children & Family Movies, Comedies",15,March,2018
s3663,Movie,Little Lunch: The Nightmare Before Graduation,Australia,TV-Y7,25,"Children & Family Movies, Comedies",15,March,2018
s3664,Movie,Little Men,"United States, Greece, Brazil",PG,85,"Dramas, Independent Movies",12,January,2017
s3665,Movie,Little Miss Sumo,United Kingdom,TV-G,20,"Documentaries, International Movies, Sports Movies",28,October,2019
s3666,Movie,Little Monsters,United States,PG,102,"Children & Family Movies, Comedies",1,November,2020
s3667,Movie,Little Nicky,United States,PG-13,90,Comedies,1,December,2020
s3668,TV Show,Little Singham,India,TV-Y7,2,"Kids' TV, TV Comedies",4,July,2020
s3669,Movie,Little Singham aur Kaal ka Mahajaal,Unknown,TV-Y7-FV,68,"Children & Family Movies, Comedies",1,December,2018
s3670,Movie,Little Singham Bandarpur Mein Hu Ha Hu,Unknown,TV-Y7,67,"Children & Family Movies, Comedies",11,July,2019
s3671,Movie,Little Singham in London,Unknown,TV-Y7,66,"Children & Family Movies, Comedies",22,April,2019
s3672,Movie,Little Singham: Kaal Ka Badla,Unknown,TV-Y7,70,"Children & Family Movies, Comedies",19,August,2020
s3673,Movie,Little Singham: Kaal Ki Tabaahi,Unknown,TV-Y7,66,"Children & Family Movies, Comedies",19,October,2019
s3674,Movie,Little Singham: Legend of Dugabakka,Unknown,TV-Y7,68,"Children & Family Movies, Comedies",15,July,2020
s3675,Movie,Little Singham: Mahabali,Unknown,TV-Y7,69,"Children & Family Movies, Comedies",27,November,2019
s3676,Movie,Little Sister,United States,NR,91,"Comedies, Dramas, Independent Movies",14,January,2017
s3677,TV Show,Little Things,India,TV-MA,3,"International TV Shows, Romantic TV Shows, TV Comedies",9,November,2019
s3678,TV Show,Little Witch Academia,Japan,TV-Y7,2,"Anime Series, International TV Shows",30,June,2017
s3679,TV Show,Littlest Pet Shop: A World of Our Own,United States,TV-Y7,2,Kids' TV,1,February,2019
s3680,TV Show,Liv and Maddie,United States,TV-G,4,"Kids' TV, TV Comedies",23,April,2017
s3681,TV Show,Live,South Korea,TV-MA,1,"Crime TV Shows, International TV Shows, Korean TV Shows",5,February,2019
s3682,Movie,"Live Twice, Love Once",Spain,TV-MA,102,"Comedies, Dramas, International Movies",7,January,2020
s3683,TV Show,Live Up To Your Name,South Korea,TV-MA,1,"International TV Shows, Korean TV Shows, Romantic TV Shows",1,January,2020
s3684,Movie,Living in Bondage: Breaking Free,Nigeria,TV-MA,149,"Horror Movies, International Movies, Thrillers",22,May,2020
s3685,TV Show,Living Undocumented,United States,TV-MA,1,Docuseries,2,October,2019
s3686,TV Show,Living with Yourself,United States,TV-MA,1,"TV Comedies, TV Dramas",18,October,2019
s3687,Movie,Lizzie Borden Took an Ax,United States,TV-14,87,Thrillers,25,July,2016
s3688,TV Show,Llama Llama,United States,TV-Y,2,Kids' TV,15,November,2019
s3689,Movie,Lo and Behold: Reveries of the Connected World,United States,PG-13,98,Documentaries,23,December,2016
s3690,Movie,Lo más sencillo es complicarlo todo,Mexico,TV-14,94,"Comedies, International Movies, Romantic Movies",4,May,2018
s3691,TV Show,Lo que la verdad esconde: El caso Asunta (Operacion Nenúfar),Spain,TV-14,1,"Crime TV Shows, Docuseries, International TV Shows",1,February,2019
s3692,TV Show,Lo que la vida me robó,Mexico,TV-14,1,"Crime TV Shows, International TV Shows, Romantic TV Shows",31,December,2017
s3693,TV Show,Loaded,United Kingdom,TV-MA,1,"British TV Shows, International TV Shows, TV Comedies",1,April,2018
s3694,Movie,Lock,India,TV-14,90,"Dramas, International Movies",1,October,2018
s3695,Movie,Lock Your Girls In,Unknown,TV-PG,233,"Comedies, International Movies, Romantic Movies",21,May,2020
s3696,Movie,"Lock, Stock and Two Smoking Barrels",United Kingdom,R,108,"Action & Adventure, Comedies, Independent Movies",1,January,2019
s3697,Movie,Locke,"United Kingdom, United States",R,85,"Dramas, Independent Movies",15,July,2018
s3698,TV Show,Locke & Key,"Canada, United States",TV-14,1,"TV Action & Adventure, TV Dramas, TV Mysteries",7,February,2020
s3699,Movie,Locked on You,Turkey,TV-14,105,"Comedies, International Movies",13,September,2019
s3700,TV Show,Locked Up,Spain,TV-MA,5,"Crime TV Shows, International TV Shows, Spanish-Language TV Shows",31,July,2020
s3701,Movie,Lockout,"France, United States",PG-13,95,"Action & Adventure, International Movies, Sci-Fi & Fantasy",7,May,2020
s3702,Movie,Loco Love,Mexico,TV-MA,103,"Dramas, Independent Movies, International Movies",30,July,2017
s3703,TV Show,Locust,Russia,TV-MA,1,"Crime TV Shows, International TV Shows, Romantic TV Shows",1,August,2017
s3704,Movie,Loev,India,TV-MA,89,"Dramas, Independent Movies, International Movies",1,May,2017
s3705,Movie,Logan's Run,United States,PG,118,"Action & Adventure, Classic Movies, Cult Movies",1,November,2019
s3706,Movie,Lola Igna,Philippines,TV-14,114,"Comedies, International Movies",18,June,2020
s3707,TV Show,LoliRock,"South Korea, France",TV-Y,2,Kids' TV,1,May,2018
s3708,Movie,Lolita,"United Kingdom, United States",R,153,"Classic Movies, Dramas, Romantic Movies",1,November,2019
s3709,Movie,Lommbock,Germany,TV-MA,106,"Comedies, International Movies",9,November,2018
s3710,Movie,London Heist,United Kingdom,R,96,Action & Adventure,1,January,2021
s3711,Movie,London Hughes: To Catch a D*ck,United States,TV-MA,68,Stand-Up Comedy,22,December,2020
s3712,TV Show,London Spy,United Kingdom,TV-MA,1,"British TV Shows, Crime TV Shows, International TV Shows",31,March,2017
s3713,Movie,Long Shot,United States,TV-14,40,Documentaries,29,September,2017
s3714,Movie,Long Time Running,Canada,TV-14,96,"Documentaries, International Movies, Music & Musicals",12,November,2017
s3715,TV Show,Longmire,United States,TV-MA,6,"Crime TV Shows, TV Dramas",17,November,2017
s3716,TV Show,Loo Loo Kids: Johny & Friends Musical Adventures,Unknown,TV-Y,1,Kids' TV,1,September,2019
s3717,Movie,Look for a Star,Hong Kong,TV-14,117,"Comedies, International Movies, Romantic Movies",1,December,2018
s3718,Movie,"Look Out, Officer",Hong Kong,TV-14,88,"Action & Adventure, Comedies, International Movies",16,August,2018
s3719,Movie,Look Who's Back,Germany,NR,116,"Comedies, International Movies",9,April,2016
s3720,Movie,Lorai: Play to Live,India,TV-14,155,"Dramas, International Movies, Sports Movies",1,September,2017
s3721,Movie,"Lorena, Light-Footed Woman",Mexico,TV-G,28,"Documentaries, International Movies, Sports Movies",20,November,2019
s3722,TV Show,Los 10 años de Peter Capusotto,Unknown,TV-MA,1,"International TV Shows, Spanish-Language TV Shows, TV Comedies",29,June,2018
s3723,Movie,Los Herederos,Mexico,TV-MA,71,"Dramas, International Movies",12,August,2017
s3724,Movie,Los Niños Héroes de Chapultepec,Unknown,TV-14,88,"Documentaries, International Movies",15,December,2017
s3725,TV Show,Los tiempos de Pablo Escobar,Colombia,TV-14,1,"Crime TV Shows, Docuseries, International TV Shows",1,August,2018
s3726,Movie,Los Tigres del Norte at Folsom Prison,United States,TV-PG,64,"Documentaries, International Movies, Music & Musicals",15,September,2019
s3727,TV Show,Losers,Unknown,TV-MA,1,Docuseries,1,March,2019
s3728,Movie,Losing Sight of Shore,"United States, Australia, Samoa, United Kingdom",TV-14,92,"Documentaries, Sports Movies",1,May,2017
s3729,TV Show,Lost & Found Music Studios,Canada,TV-G,2,"Kids' TV, TV Comedies, TV Dramas",3,December,2016
s3730,Movie,Lost Bullet,France,TV-MA,93,"Action & Adventure, Dramas, International Movies",19,June,2020
s3731,TV Show,Lost Girl,Canada,TV-14,5,"TV Dramas, TV Horror, TV Mysteries",17,April,2016
s3732,Movie,Lost Girls,United States,R,95,Dramas,13,March,2020
s3733,Movie,Lost in London,Nigeria,TV-PG,86,"Comedies, International Movies",21,December,2019
s3734,TV Show,Lost in Space,United States,TV-PG,2,"TV Action & Adventure, TV Dramas, TV Sci-Fi & Fantasy",24,December,2019
s3735,TV Show,LOST SONG,Japan,TV-14,1,"Anime Series, International TV Shows",5,October,2018
s3736,Movie,Loudon Wainwright III: Surviving Twin,Unknown,TV-14,92,Music & Musicals,13,November,2018
s3740,TV Show,Love,United States,TV-MA,3,"Romantic TV Shows, TV Comedies, TV Dramas",9,March,2018
s3741,TV Show,Love @ Seventeen,Taiwan,TV-14,1,"International TV Shows, Romantic TV Shows, TV Dramas",21,December,2018
s3742,TV Show,Love & Anarchy,Sweden,TV-MA,1,"International TV Shows, Romantic TV Shows, TV Comedies",4,November,2020
s3743,TV Show,Love 101,Turkey,TV-MA,1,"International TV Shows, TV Dramas, Teen TV Shows",24,April,2020
s3744,Movie,Love Aaj Kal,India,TV-MA,140,"Dramas, International Movies, Romantic Movies",27,April,2020
s3745,TV Show,Love Alarm,South Korea,TV-MA,1,"International TV Shows, Korean TV Shows, Romantic TV Shows",22,August,2019
s3746,TV Show,Love and Fortune,Japan,TV-MA,1,"International TV Shows, Romantic TV Shows, TV Dramas",30,November,2018
s3747,TV Show,Love and Hong Kong,Japan,TV-PG,1,"International TV Shows, Romantic TV Shows, TV Dramas",20,January,2018
s3748,Movie,Love and Shukla,India,TV-MA,110,"Dramas, Independent Movies, International Movies",1,September,2018
s3749,TV Show,Love Around,Taiwan,TV-14,1,"International TV Shows, Romantic TV Shows, TV Comedies",1,November,2016
s3750,Movie,Love Beats Rhymes,United States,R,106,"Dramas, Romantic Movies",1,March,2018
s3751,TV Show,Love Cheque Charge,Taiwan,TV-14,1,"International TV Shows, Romantic TV Shows, TV Comedies",1,October,2016
s3752,TV Show,Love Cuisine,Taiwan,TV-MA,1,"International TV Shows, Romantic TV Shows, TV Comedies",1,August,2016
s3753,Movie,Love Dot Com: The Social Experiment,United States,TV-MA,98,"Comedies, Romantic Movies",17,February,2020
s3754,TV Show,Love Family,Taiwan,TV-MA,1,"International TV Shows, Romantic TV Shows, TV Comedies",1,November,2016
s3755,Movie,Love for Sale,Indonesia,TV-14,101,"Dramas, International Movies, Romantic Movies",6,October,2019
s3756,Movie,Love for Sale 2,Indonesia,TV-14,96,"Dramas, International Movies, Romantic Movies",10,February,2020
s3757,TV Show,Love for Ten: Generation of Youth,South Korea,TV-14,1,"International TV Shows, Korean TV Shows, Romantic TV Shows",17,February,2017
s3758,Movie,Love In A Puff,Hong Kong,TV-MA,103,"Comedies, Dramas, International Movies",1,August,2018
s3759,Movie,Love Is a Story,Romania,TV-MA,105,"International Movies, Music & Musicals, Romantic Movies",1,June,2019
s3760,Movie,Love Is Blind,United States,TV-MA,93,"Dramas, Independent Movies, Romantic Movies",12,May,2020
s3761,TV Show,Love Is in the Air,United Kingdom,TV-14,1,"International TV Shows, TV Dramas",1,March,2017
s3762,Movie,Love Is War,Nigeria,TV-14,111,"Comedies, Dramas, International Movies",29,April,2020
s3763,Movie,Love Jacked,"Canada, South Africa",PG-13,94,"Comedies, International Movies, Romantic Movies",1,February,2020
s3764,Movie,Love Jones,United States,R,109,"Comedies, Dramas, Independent Movies",1,November,2019
s3765,Movie,Love Like the Falling Rain,Indonesia,TV-14,87,"Dramas, International Movies, Romantic Movies",15,October,2020
s3766,TV Show,Love Me As I Am,Turkey,TV-PG,3,"International TV Shows, Romantic TV Shows, TV Comedies",22,February,2017
s3767,TV Show,Love Me or Leave Me,Taiwan,TV-14,1,"International TV Shows, Romantic TV Shows, TV Comedies",1,November,2016
s3768,Movie,Love Ni Bhavai,India,TV-14,163,"Comedies, International Movies, Romantic Movies",1,May,2018
s3769,TV Show,Love Now,Taiwan,TV-14,1,"International TV Shows, Romantic TV Shows, TV Comedies",1,November,2016
s3770,Movie,Love O2O,China,TV-14,103,"International Movies, Romantic Movies, Sci-Fi & Fantasy",1,April,2019
s3771,Movie,Love Off the Cuff,"China, Hong Kong",TV-MA,120,"Comedies, Dramas, International Movies",31,January,2019
s3772,Movie,Love on Delivery,Hong Kong,TV-14,93,"Action & Adventure, Comedies, International Movies",16,August,2018
s3773,TV Show,Love on the Spectrum,Australia,TV-14,1,"Docuseries, International TV Shows, Reality TV",22,July,2020
s3774,Movie,Love Per Square Foot,India,TV-14,133,"Comedies, International Movies, Romantic Movies",14,February,2018
s3775,TV Show,Love Rain,South Korea,TV-PG,1,"International TV Shows, Korean TV Shows, Romantic TV Shows",1,May,2018
s3776,TV Show,Love Rhythms - Accidental Daddy,Unknown,TV-MA,1,"International TV Shows, TV Comedies, TV Dramas",18,June,2018
s3777,Movie,Love Shot,United States,TV-MA,77,"Dramas, Thrillers",15,July,2019
s3778,Movie,Love Station,Egypt,TV-14,97,"Comedies, International Movies, Romantic Movies",25,April,2019
s3779,TV Show,Love Storm,Unknown,TV-14,1,"International TV Shows, Romantic TV Shows, TV Comedies",1,August,2017
s3780,Movie,Love Wedding Repeat,"United Kingdom, Italy",TV-MA,101,"Comedies, International Movies, Romantic Movies",10,April,2020
s3781,Movie,Love You to the Stars and Back,Philippines,TV-14,111,"Comedies, International Movies, Romantic Movies",17,December,2020
s3782,Movie,Love You... Love You Not,Indonesia,TV-14,115,"Comedies, International Movies, Romantic Movies",5,January,2019
s3783,TV Show,Love Your Garden,United Kingdom,TV-G,1,"British TV Shows, International TV Shows, Reality TV",26,July,2019
s3784,TV Show,"Love, Chunibyo & Other Delusions!",Japan,TV-PG,2,"Anime Series, Romantic TV Shows, Teen TV Shows",1,November,2019
s3785,TV Show,"Love, Death & Robots",United States,TV-MA,1,"TV Action & Adventure, TV Horror, TV Sci-Fi & Fantasy",15,March,2019
s3786,Movie,"Love, Guaranteed",United States,TV-PG,91,"Comedies, Independent Movies, Romantic Movies",3,September,2020
s3787,Movie,"Love, Rosie","Germany, United Kingdom",R,103,"Comedies, International Movies, Romantic Movies",20,November,2019
s3788,Movie,"Love, Surreal and Odd",Turkey,TV-14,95,"Comedies, International Movies, Romantic Movies",18,October,2019
s3789,Movie,Love.com,Brazil,TV-MA,92,"Comedies, International Movies, Romantic Movies",1,June,2017
s3790,TV Show,Lovesick,Unknown,TV-MA,1,"International TV Shows, Romantic TV Shows, TV Dramas",3,September,2018
s3791,Movie,Lovesong,United States,TV-MA,84,"Dramas, Independent Movies, Romantic Movies",15,May,2017
s3792,TV Show,Lovestruck in the City,South Korea,TV-14,1,"International TV Shows, Romantic TV Shows, TV Comedies",22,December,2020
s3793,Movie,LoveTrue,United States,TV-MA,82,Documentaries,7,May,2017
s3794,Movie,Loving,"United Kingdom, United States",PG-13,124,"Dramas, Romantic Movies",16,November,2020
s3795,Movie,Loving Annabelle,United States,TV-MA,77,"Dramas, Independent Movies, LGBTQ Movies",1,July,2018
s3796,Movie,Loving is Losing,Colombia,TV-MA,91,"Comedies, International Movies, Romantic Movies",26,April,2019
s3797,Movie,Loving You,Hong Kong,TV-14,79,"Dramas, International Movies",16,August,2018
s3798,Movie,"LSD: Love, Sex Aur Dhokha",India,TV-MA,112,"Dramas, Independent Movies, International Movies",16,May,2019
s3799,Movie,Lu Over the Wall,Japan,PG,113,"Anime Features, Music & Musicals, Sci-Fi & Fantasy",18,March,2020
s3800,Movie,Lucas Brothers: On Drugs,United States,TV-MA,50,Stand-Up Comedy,18,April,2017
s3801,Movie,Luccas Neto em: Acampamento de Férias 2,Brazil,TV-G,81,"Children & Family Movies, Comedies, Music & Musicals",4,May,2020
s3802,Movie,Luccas Neto in: Children's Day,Unknown,TV-G,81,"Children & Family Movies, Comedies, Music & Musicals",1,January,2020
s3803,Movie,Luccas Neto in: Summer Camp,Brazil,TV-G,87,"Children & Family Movies, Comedies, Music & Musicals",5,November,2019
s3804,Movie,Luccas Neto in: The End of Christmas,Brazil,TV-Y,71,"Children & Family Movies, Comedies, Music & Musicals",3,March,2020
s3805,Movie,Lucha: Playing the Impossible,Argentina,TV-PG,98,"Documentaries, International Movies, Sports Movies",15,July,2018
s3806,Movie,Luciano Mellera: Infantiloide,Argentina,TV-14,66,Stand-Up Comedy,6,July,2018
s3807,Movie,Lucid Dream,South Korea,TV-MA,102,"International Movies, Sci-Fi & Fantasy, Thrillers",2,June,2017
s3808,TV Show,Lucifer,United States,TV-14,5,"Crime TV Shows, TV Comedies, TV Dramas",21,August,2020
s3809,Movie,Luck by Chance,India,TV-14,156,"Dramas, International Movies, Romantic Movies",15,December,2019
s3810,Movie,Luckee,India,TV-14,113,"Comedies, International Movies, Romantic Movies",15,June,2019
s3811,Movie,Lucknow Central,India,TV-14,144,"Dramas, International Movies, Music & Musicals",16,October,2017
s3812,TV Show,Lucky Days,China,TV-PG,1,"International TV Shows, Romantic TV Shows, TV Comedies",1,September,2016
s3813,Movie,Lucky: No Time for Love,India,TV-14,131,"Dramas, International Movies, Romantic Movies",15,November,2017
s3814,Movie,Ludo,India,TV-MA,150,"Comedies, Dramas, International Movies",12,November,2020
s3815,TV Show,Lugar de Mulher,Brazil,TV-MA,1,"International TV Shows, Stand-Up Comedy & Talk Shows, TV Comedies",28,November,2019
s3816,TV Show,Luis Miguel - The Series,Mexico,TV-MA,1,"International TV Shows, Spanish-Language TV Shows, TV Dramas",12,July,2019
s3817,Movie,Luka Chuppi,India,TV-PG,125,"Comedies, International Movies, Romantic Movies",7,June,2019
s3818,TV Show,Luna Nera,Italy,TV-MA,1,"International TV Shows, Romantic TV Shows, TV Dramas",31,January,2020
s3819,TV Show,Luna Petunia,United States,TV-Y,3,Kids' TV,17,November,2017
s3820,TV Show,Luna Petunia: Return to Amazia,"Canada, United States",TV-Y,2,Kids' TV,20,July,2018
s3821,TV Show,Lunatics,Australia,TV-MA,1,"International TV Shows, TV Comedies",19,April,2019
s3822,TV Show,Luo Bao Bei,"China, United Kingdom",TV-Y,1,"British TV Shows, Kids' TV",31,August,2019
s3823,TV Show,Lupin,United States,TV-MA,1,"Crime TV Shows, International TV Shows, TV Action & Adventure",8,January,2021
s3824,Movie,Lupin the 3rd: The Castle of Cagliostro: Special Edition,Japan,PG-13,100,"Action & Adventure, Anime Features, Classic Movies",15,May,2018
s3825,Movie,Lupt,India,TV-14,110,"Horror Movies, International Movies, Thrillers",5,April,2019
s3826,Movie,Lusers,"Argentina, Chile, Peru",TV-MA,100,"Comedies, International Movies, Sports Movies",15,July,2016
s3827,Movie,Lust Stories,India,TV-MA,121,"Comedies, Dramas, International Movies",15,June,2018
s3828,Movie,Luv Shuv Tey Chicken Khurana,India,TV-14,129,"Comedies, International Movies, Romantic Movies",1,October,2018
s3829,Movie,Lynne Koplitz: Hormonal Beast,United States,TV-MA,51,Stand-Up Comedy,22,August,2017
s3830,Movie,Ma Chu Ka,India,TV-14,117,"International Movies, Thrillers",1,July,2018
s3831,Movie,Ma Rainey's Black Bottom,United States,R,94,"Dramas, Music & Musicals",18,December,2020
s3832,Movie,Ma Rainey's Black Bottom: A Legacy Brought to Screen,Unknown,TV-PG,32,"Documentaries, Music & Musicals",18,December,2020
s3833,Movie,Maacher Jhol,"India, France",TV-PG,107,"Dramas, International Movies",1,January,2018
s3834,Movie,Mac & Devin Go to High School,United States,R,76,Comedies,20,April,2016
s3835,Movie,Macchli Jal Ki Rani Hai,India,TV-MA,118,"Horror Movies, International Movies",15,October,2017
s3836,Movie,Machete Kills,"United States, Russia",R,108,Action & Adventure,22,November,2020
s3837,Movie,Macho,Mexico,TV-MA,101,"Comedies, International Movies, LGBTQ Movies",12,April,2017
s3838,Movie,Mad Max,"Australia, United States",R,93,"Action & Adventure, Classic Movies, Cult Movies",1,August,2020
s3839,TV Show,Mad Men,United States,TV-14,7,TV Dramas,22,March,2015
s3840,Movie,Mad Money,United States,PG-13,99,Comedies,1,November,2019
s3841,Movie,Mad Ron's Prevues from Hell,United States,NR,84,"Cult Movies, Horror Movies",1,November,2010
s3842,Movie,Mad World,Hong Kong,TV-MA,102,"Dramas, International Movies",20,September,2018
s3843,Movie,Madaari,India,TV-14,134,"Dramas, Independent Movies, International Movies",17,February,2017
s3844,Movie,Madagascar: Escape 2 Africa,United States,PG,91,"Children & Family Movies, Comedies",1,May,2020
s3845,TV Show,Madam Secretary,United States,TV-PG,6,TV Dramas,15,May,2020
s3846,Movie,Maddman: The Steve Madden Story,United States,TV-MA,78,Documentaries,1,January,2018
s3847,Movie,Made in China,India,TV-MA,128,"Comedies, Dramas, International Movies",12,January,2020
s3848,TV Show,Made in Mexico,United States,TV-MA,1,"International TV Shows, Reality TV, Spanish-Language TV Shows",28,September,2018
s3849,Movie,Madness in the Desert,India,TV-14,141,"Documentaries, International Movies",10,January,2021
s3850,Movie,Madras Café,India,TV-14,128,"Dramas, International Movies, Thrillers",5,July,2020
s3851,Movie,Madre,Chile,TV-MA,95,"International Movies, Thrillers",26,August,2017
s3852,TV Show,Maggie & Bianca: Fashion Friends,Italy,TV-Y7,1,"Kids' TV, TV Comedies",31,March,2019
s3853,TV Show,Magi: Adventure of Sinbad,Japan,TV-14,1,"Anime Series, International TV Shows",14,July,2016
s3854,TV Show,Magi: The Labyrinth of Magic,Japan,TV-14,2,"Anime Series, International TV Shows",21,June,2019
s3855,TV Show,Magic for Humans,United States,TV-14,3,"Reality TV, TV Comedies",15,May,2020
s3856,TV Show,Magic Phone,South Korea,TV-PG,1,"International TV Shows, Korean TV Shows, Romantic TV Shows",10,June,2017
s3857,Movie,Magic Snowflake,"France, Belgium",TV-Y,73,Children & Family Movies,20,December,2015
s3858,TV Show,Magical Andes,"Uruguay, Germany",TV-G,1,"Docuseries, International TV Shows, Science & Nature TV",15,October,2019
s3859,Movie,Magnetic,France,TV-14,110,"Action & Adventure, Documentaries, International Movies",12,June,2020
s3860,Movie,Magnificent,India,TV-14,143,"Comedies, International Movies, Romantic Movies",1,April,2020
s3861,Movie,Magnolia,United States,R,189,"Dramas, Independent Movies",1,January,2020
s3862,Movie,Magnus,Norway,TV-PG,75,"Children & Family Movies, Documentaries, International Movies",22,February,2017
s3863,Movie,Mahabharat,India,TV-14,119,"Action & Adventure, Dramas, International Movies",1,August,2018
s3864,Movie,Maharaja: The Story of Ranjit Singh,Unknown,TV-14,56,"Dramas, International Movies",30,January,2019
s3865,TV Show,Maharakshak Devi,India,TV-14,1,"International TV Shows, TV Action & Adventure, TV Sci-Fi & Fantasy",15,April,2017
s3866,TV Show,Maharakshak: Aryan,India,TV-14,1,"International TV Shows, TV Action & Adventure, TV Sci-Fi & Fantasy",1,April,2017
s3867,Movie,Mahi NRI,United Kingdom,TV-14,134,"Comedies, Dramas, International Movies",1,December,2019
s3868,TV Show,Mahi Way,India,TV-14,1,"International TV Shows, TV Comedies",1,March,2018
s3869,Movie,Mahjong Heroes,Hong Kong,TV-PG,92,"Comedies, International Movies",16,August,2018
s3870,TV Show,Mahmut & Meryem,"Turkey, Azerbaijan",TV-14,1,"International TV Shows, Romantic TV Shows, TV Dramas",26,December,2016
s3871,TV Show,Maid-Sama!,Japan,TV-14,1,"Anime Series, Romantic TV Shows",1,November,2019
s3872,Movie,Main aurr Mrs. Khanna,India,TV-14,109,"International Movies, Music & Musicals, Romantic Movies",2,August,2018
s3873,Movie,Main Hoon Na,India,TV-14,171,"Action & Adventure, Comedies, Dramas",1,April,2018
s3874,Movie,"Main, Meri Patni Aur Woh",India,TV-PG,129,"Comedies, Dramas, International Movies",1,October,2018
s3875,Movie,Maine Pyaar Kyun Kiya,India,TV-14,137,"Comedies, International Movies, Music & Musicals",31,December,2019
s3876,Movie,Maine Pyar Kiya,India,TV-PG,192,"Dramas, International Movies, Music & Musicals",1,January,2018
s3877,TV Show,Mak Cun,Unknown,TV-PG,1,"International TV Shows, TV Comedies, TV Dramas",29,September,2017
s3878,TV Show,Making a Murderer,United States,TV-14,2,"Crime TV Shows, Docuseries",19,October,2018
s3879,Movie,Making The Witcher,United States,TV-MA,33,Documentaries,26,August,2020
s3880,Movie,Making Unorthodox,Germany,TV-G,21,"Documentaries, International Movies",26,March,2020
s3881,TV Show,Mako Mermaids: An H2O Adventure,Australia,TV-G,4,"Kids' TV, TV Comedies",28,May,2020
s3882,Movie,Maktub,Israel,TV-MA,106,"Comedies, International Movies",15,June,2018
s3883,Movie,Mala Kahich Problem Nahi,India,TV-PG,132,"Dramas, International Movies",15,November,2018
s3884,Movie,Malaal,India,TV-14,133,"Dramas, International Movies, Romantic Movies",26,September,2019
s3885,Movie,Malang,India,TV-MA,131,"Action & Adventure, International Movies, Romantic Movies",14,May,2020
s3886,Movie,Malena Pichot: Estupidez compleja,Argentina,TV-MA,51,Stand-Up Comedy,2,March,2018
s3887,Movie,Malevolent,United Kingdom,TV-MA,89,"Horror Movies, Thrillers",5,October,2018
s3888,Movie,Malibu Rescue,United States,TV-G,70,"Children & Family Movies, Comedies",13,May,2019
s3889,Movie,Malibu Rescue: The Next Wave,United States,TV-G,71,"Children & Family Movies, Comedies",4,August,2020
s3890,TV Show,Malibu Rescue: The Series,United States,TV-G,1,"Kids' TV, TV Action & Adventure, TV Comedies",3,June,2019
s3891,Movie,Malicious,United States,TV-MA,91,Horror Movies,1,February,2019
s3892,Movie,Mallesham,India,TV-PG,131,"Dramas, Independent Movies, International Movies",20,November,2019
s3893,Movie,Mama's Boy,Egypt,TV-14,101,"Comedies, International Movies",10,July,2020
s3894,TV Show,Man Down,United Kingdom,TV-MA,4,"British TV Shows, TV Comedies",30,November,2017
s3895,TV Show,Man Like Mobeen,United Kingdom,TV-MA,3,"British TV Shows, TV Comedies",1,April,2020
s3896,Movie,Man of Tai Chi,"United States, China, Hong Kong",R,105,"Action & Adventure, Dramas",26,July,2018
s3897,TV Show,Man to Man,South Korea,TV-14,1,"Crime TV Shows, International TV Shows, Korean TV Shows",10,June,2017
s3898,Movie,Man Up,"United Kingdom, France",R,88,"Comedies, International Movies, Romantic Movies",4,September,2018
s3899,TV Show,Man vs Wild with Sunny Leone,Unknown,TV-PG,1,"International TV Shows, Reality TV, TV Action & Adventure",1,December,2018
s3900,TV Show,Man with a Plan,United States,TV-PG,4,TV Comedies,30,September,2020
s3901,Movie,Mandi,India,TV-MA,155,"Dramas, Independent Movies, International Movies",1,January,2020
s3902,Movie,Mandobasar Galpo,India,TV-14,103,"Dramas, International Movies, Romantic Movies",1,April,2018
s3903,Movie,Manglehorn,United States,PG-13,97,"Dramas, Independent Movies",16,April,2017
s3904,Movie,Mango Dreams,United States,TV-14,92,"Dramas, Independent Movies",15,March,2018
s3905,Movie,Manhattan Romance,United States,TV-14,98,"Comedies, Independent Movies, Romantic Movies",8,September,2017
s3906,Movie,Manhunt,"China, Hong Kong",TV-MA,109,"Action & Adventure, International Movies",4,May,2018
s3907,TV Show,Manhunt: Deadly Games,Unknown,TV-14,1,"Crime TV Shows, TV Dramas, TV Mysteries",7,December,2020
s3908,TV Show,Maniac,United States,TV-MA,1,"TV Comedies, TV Dramas, TV Mysteries",21,September,2018
s3909,Movie,Maniyarayile Ashokan,India,TV-14,110,"Comedies, International Movies, Romantic Movies",31,August,2020
s3910,Movie,Manje Bistre,India,TV-14,136,"Comedies, Dramas, International Movies",1,October,2018
s3911,Movie,MANK,United States,R,133,"Dramas, Independent Movies",4,December,2020
s3912,Movie,Manmadhudu 2,India,TV-MA,152,"Comedies, Dramas, International Movies",23,September,2019
s3913,Movie,Mann,India,TV-14,173,"Dramas, International Movies, Romantic Movies",28,September,2020
s3914,Movie,Manolo: The Boy Who Made Shoes for Lizards,United Kingdom,TV-MA,89,"Documentaries, International Movies",15,January,2018
s3915,Movie,Manorama Six Feet Under,India,TV-14,129,"Dramas, International Movies, Thrillers",28,September,2020
s3916,Movie,Manoranjan,India,TV-14,162,"Comedies, International Movies, Music & Musicals",1,September,2017
s3917,Movie,Mansfield Park,United Kingdom,PG-13,112,"Comedies, Dramas, International Movies",1,January,2020
s3918,Movie,Manson Family Vacation,United States,TV-MA,85,"Comedies, Dramas, Independent Movies",27,October,2015
s3919,Movie,Manto,India,TV-MA,114,"Dramas, Independent Movies, International Movies",30,November,2018
s3920,Movie,Mantostaan,India,TV-MA,75,"Dramas, Independent Movies, International Movies",15,December,2017
s3921,Movie,Mantra,India,TV-14,89,"Dramas, Independent Movies, International Movies",15,December,2017
s3922,Movie,Manu,India,TV-14,177,"Dramas, Independent Movies, International Movies",1,August,2019
s3923,Movie,Manusangada,India,TV-14,93,"Dramas, Independent Movies, International Movies",2,February,2019
s3924,Movie,Maps to the Stars,"Canada, Germany, France, United States",R,112,"Comedies, Dramas",16,December,2018
s3925,TV Show,Mar de Plástico,Spain,TV-MA,2,"Crime TV Shows, International TV Shows, Spanish-Language TV Shows",27,April,2017
s3926,Movie,Mara,United Kingdom,TV-MA,99,"Horror Movies, Thrillers",5,January,2019
s3927,TV Show,Maradona in Mexico,"Argentina, United States, Mexico",TV-MA,1,"Docuseries, Spanish-Language TV Shows",13,November,2019
s3928,Movie,Marauders,"Canada, United States",R,107,Action & Adventure,1,December,2020
s3929,Movie,Marc Maron: End Times Fun,United States,TV-MA,71,Stand-Up Comedy,10,March,2020
s3930,Movie,Marc Maron: Thinky Pain,United States,TV-MA,95,Stand-Up Comedy,1,November,2018
s3931,Movie,Marc Maron: Too Real,United States,TV-MA,70,Stand-Up Comedy,5,September,2017
s3932,TV Show,Marcella,United Kingdom,TV-MA,3,"British TV Shows, Crime TV Shows, International TV Shows",14,June,2020
s3933,TV Show,March Comes in Like a Lion,Japan,TV-14,2,"Anime Series, International TV Shows, Teen TV Shows",1,June,2019
s3934,TV Show,Marching Orders,United States,TV-14,1,Docuseries,3,August,2018
s3935,Movie,Marco Luque: Tamo Junto,Brazil,TV-MA,73,Stand-Up Comedy,15,June,2017
s3936,TV Show,Marco Polo,United States,TV-MA,2,"TV Action & Adventure, TV Dramas",1,July,2016
s3937,Movie,Marco Polo: One Hundred Eyes,United States,TV-MA,29,Movies,26,December,2015
s3938,Movie,Maria,Philippines,TV-MA,90,"Action & Adventure, International Movies",17,May,2019
s3939,Movie,Maria Bamford: Old Baby,United States,TV-MA,64,Stand-Up Comedy,2,May,2017
s3940,Movie,Maria Bamford: The Special Special Special,United States,TV-MA,50,Stand-Up Comedy,25,August,2018
s3941,Movie,Mariah Carey's Merriest Christmas,United States,TV-G,38,"Children & Family Movies, Music & Musicals",9,December,2016
s3942,TV Show,Marianne,France,TV-MA,1,"International TV Shows, TV Dramas, TV Horror",13,September,2019
s3943,Movie,"Mariusz Kałamaga, Karol Kopiec, Wiolka Walaszczyk Hilarious Trio",Unknown,TV-MA,69,Stand-Up Comedy,19,September,2016
s3944,Movie,Mark Gatiss: A Study in Sherlock,Unknown,TV-14,29,Movies,1,May,2016
s3945,TV Show,Marlon,United States,TV-14,2,TV Comedies,14,June,2019
s3946,Movie,Marlon Wayans: Woke-ish,United States,TV-MA,67,Stand-Up Comedy,27,February,2018
s3948,Movie,Maroon,India,TV-MA,94,"Dramas, Independent Movies, International Movies",1,February,2017
s3949,Movie,Marriage Palace,India,TV-14,135,"Comedies, International Movies",23,August,2019
s3950,Movie,Marriage Story,"United Kingdom, United States",R,137,Dramas,6,December,2019
s3951,TV Show,Married at First Sight,United States,TV-14,1,"Reality TV, Romantic TV Shows",13,April,2020
s3952,TV Show,Mars,United States,TV-PG,2,"Docuseries, Science & Nature TV, TV Dramas",1,November,2019
s3953,TV Show,Marseille,France,TV-MA,2,"International TV Shows, TV Dramas, TV Thrillers",23,February,2018
s3954,Movie,Martial Arts of Shaolin,"Hong Kong, China",R,90,"Action & Adventure, International Movies",16,August,2018
s3955,Movie,Martin Lawrence Live: Runteldat,United States,R,104,Stand-Up Comedy,1,December,2019
s3956,Movie,Martin Luther: The Idea that Changed the World,United States,TV-PG,55,"Documentaries, Faith & Spirituality",1,January,2018
s3957,Movie,"Martin Matte: La vie, la mort...eh la la..!",Canada,TV-14,62,Stand-Up Comedy,14,October,2019
s3958,Movie,Martyrs of Marriage,India,TV-14,83,"Documentaries, International Movies",15,March,2018
s3959,Movie,Marvel & ESPN Films Present: 1 of 1: Genesis,Unknown,TV-PG,77,"Documentaries, Sports Movies",15,March,2015
s3960,TV Show,Marvel Anime: Wolverine,"United States, Japan",TV-14,1,"Anime Series, International TV Shows",16,December,2020
s3961,TV Show,Marvel Anime: X-Men,Japan,TV-14,1,"Anime Series, International TV Shows",16,December,2020
s3962,Movie,Marvel Super Hero Adventures: Frost Fight!,United States,PG,74,"Children & Family Movies, Sci-Fi & Fantasy",24,February,2016
s3963,TV Show,Marvel's Agents of S.H.I.E.L.D.,United States,TV-14,7,"TV Action & Adventure, TV Sci-Fi & Fantasy",30,October,2020
s3964,TV Show,Marvel's Daredevil,United States,TV-MA,3,"Crime TV Shows, TV Action & Adventure",19,October,2018
s3965,Movie,Marvel's Hulk: Where Monsters Dwell,United States,PG,75,"Children & Family Movies, Sci-Fi & Fantasy",4,January,2017
s3966,TV Show,Marvel's Iron Fist,United States,TV-MA,2,"Crime TV Shows, TV Action & Adventure, TV Dramas",7,September,2018
s3967,Movie,Marvel's Iron Man & Hulk: Heroes United,United States,PG,72,"Action & Adventure, Sci-Fi & Fantasy",16,February,2014
s3968,TV Show,Marvel's Jessica Jones,United States,TV-MA,3,"Crime TV Shows, TV Action & Adventure, TV Dramas",14,June,2019
s3969,TV Show,Marvel's Luke Cage,United States,TV-MA,2,"Crime TV Shows, TV Action & Adventure, TV Dramas",22,June,2018
s3970,TV Show,Marvel's The Defenders,United States,TV-MA,1,"Crime TV Shows, TV Action & Adventure, TV Dramas",18,August,2017
s3971,TV Show,Marvel's The Punisher,United States,TV-MA,2,"Crime TV Shows, TV Action & Adventure, TV Thrillers",18,January,2019
s3972,Movie,Mary and the Witch's Flower,Japan,PG,103,"Anime Features, Children & Family Movies",17,July,2018
s3973,Movie,Mary Kom,India,TV-PG,120,"Dramas, International Movies, Sports Movies",5,July,2020
s3974,Movie,Mary Poppins Returns,"United States, United Kingdom",PG,131,"Children & Family Movies, Music & Musicals",9,July,2019
s3975,TV Show,Mary Portas: Secret Shopper,United Kingdom,TV-14,1,"British TV Shows, International TV Shows, Reality TV",26,July,2019
s3976,TV Show,Masaba Masaba,India,TV-MA,1,"International TV Shows, TV Comedies, TV Dramas",28,August,2020
s3977,Movie,Masameer - The Movie,Saudi Arabia,TV-14,100,"Comedies, International Movies",19,March,2020
s3978,TV Show,Masameer Classics,Saudi Arabia,TV-14,4,"International TV Shows, TV Comedies",9,December,2020
s3979,Movie,Mascots,United States,TV-MA,95,Comedies,13,October,2016
s3980,TV Show,Masha and the Bear,Russia,TV-Y,4,Kids' TV,1,May,2020
s3981,TV Show,Masha's Spooky Stories,"United States, Russia",TV-Y,1,Kids' TV,1,October,2016
s3982,TV Show,Masha's Tales,Unknown,TV-Y,1,Kids' TV,1,February,2016
s3983,Movie,Maska,India,TV-MA,112,"Comedies, Dramas, International Movies",27,March,2020
s3984,Movie,Masoom,India,TV-14,138,"Dramas, Independent Movies, International Movies",31,December,2019
s3985,Movie,Master,South Korea,NR,143,"Action & Adventure, International Movies",1,February,2018
s3986,TV Show,Master of None,United States,TV-MA,2,TV Comedies,12,May,2017
s3987,Movie,Master Z: The Ip Man Legacy,"Hong Kong, China",TV-14,108,"Action & Adventure, International Movies",23,October,2019
s3988,Movie,Match,Unknown,TV-14,91,"Dramas, International Movies",14,May,2020
s3989,Movie,Mater,Argentina,TV-MA,80,"Dramas, Independent Movies, International Movies",1,August,2018
s3990,Movie,Material,South Africa,TV-14,94,"Comedies, Dramas, International Movies",1,May,2020
s3991,Movie,Matichya Chuli,India,TV-14,132,"Comedies, Dramas, International Movies",15,February,2018
s3992,Movie,Mau Nieto: Viviendo sobrio… desde el bar,Mexico,TV-MA,57,Stand-Up Comedy,26,January,2018
s3993,Movie,Mauli,India,TV-14,136,"Action & Adventure, Dramas, International Movies",17,July,2019
s3994,Movie,Maurício Meirelles: Generating Chaos,Brazil,TV-MA,63,Stand-Up Comedy,16,April,2020
s3995,Movie,Max Rose,United States,TV-14,84,"Dramas, Independent Movies",15,January,2017
s3996,Movie,May the Devil Take You,Indonesia,TV-MA,111,"Horror Movies, International Movies",15,November,2018
s3997,Movie,May We Chat,Hong Kong,TV-MA,99,"Dramas, International Movies",26,August,2018
s3998,Movie,May You Prosper,Egypt,TV-14,93,"Comedies, International Movies, Music & Musicals",20,July,2019
s3999,Movie,Maya Angelou: And Still I Rise,United States,TV-PG,114,Documentaries,1,May,2017
s4000,Movie,Maya Memsaab,"France, United Kingdom, India",TV-14,122,"Dramas, International Movies, Music & Musicals",1,June,2017
s4001,Movie,Mayday Life,"China, Taiwan",TV-PG,120,"International Movies, Music & Musicals",23,August,2019
s4002,Movie,Maynard,United States,TV-PG,100,Documentaries,2,September,2018
s4003,Movie,Maz Jobrani: Immigrant,Unknown,TV-14,67,Stand-Up Comedy,1,August,2017
s4004,Movie,Maza Pati Karodpati,India,TV-PG,132,"Comedies, International Movies, Romantic Movies",1,January,2018
s4005,Movie,Me and the Alien,Mexico,TV-MA,83,"Comedies, Dramas, International Movies",14,February,2017
s4006,Movie,Mea Culpa,Mexico,TV-MA,54,Stand-Up Comedy,10,November,2017
s4007,Movie,Mean Dreams,Canada,R,105,"Dramas, Independent Movies, Thrillers",1,July,2019
s4008,Movie,Mean Girls 2,United States,PG-13,98,Comedies,1,January,2021
s4009,Movie,Mean Streets,United States,R,112,"Classic Movies, Dramas, Independent Movies",1,July,2019
s4010,TV Show,MeatEater,United States,TV-14,3,"Docuseries, Reality TV, Science & Nature TV",16,September,2020
s4011,TV Show,Medal of Honor,United States,TV-MA,1,"Docuseries, TV Dramas",9,November,2018
s4012,TV Show,Medical Police,United States,TV-MA,1,"Crime TV Shows, TV Action & Adventure, TV Comedies",10,January,2020
s4013,TV Show,Medici: Masters of Florence,"Italy, United Kingdom, France",TV-MA,3,"International TV Shows, TV Dramas",1,May,2020
s4014,Movie,Meditation Park,Canada,TV-PG,94,Dramas,9,March,2018
s4015,Movie,Medium,"Poland, West Germany",TV-MA,90,"Horror Movies, International Movies, Thrillers",1,October,2019
s4016,TV Show,Meet the Adebanjos,United Kingdom,TV-PG,3,"British TV Shows, International TV Shows, TV Comedies",4,November,2019
s4017,Movie,Meet the In-Laws,Nigeria,TV-PG,75,"Comedies, Dramas, International Movies",18,August,2020
s4018,Movie,Meet the Trumps: From Immigrant to President,United Kingdom,TV-14,48,Documentaries,25,October,2017
s4019,TV Show,Mega Food,United Kingdom,TV-G,1,"British TV Shows, Docuseries, International TV Shows",12,July,2019
s4020,TV Show,Megalobox,Japan,TV-MA,1,"Anime Series, International TV Shows",1,June,2020
s4021,TV Show,MegaTruckers,Australia,TV-PG,1,Reality TV,12,July,2019
s4022,Movie,Meghnadbodh Rohoshyo,India,TV-MA,150,"Dramas, International Movies",15,October,2018
s4023,Movie,Mehandi Circus,India,TV-MA,126,"Dramas, International Movies, Romantic Movies",30,October,2019
s4024,Movie,Melle,India,TV-PG,110,"Dramas, International Movies, Romantic Movies",1,August,2018
s4025,TV Show,Melodies of Life - Born This Way,Unknown,TV-14,1,"International TV Shows, Romantic TV Shows, TV Comedies",21,June,2019
s4026,Movie,Melvin Goes to Dinner,United States,R,84,"Comedies, Dramas, Independent Movies",1,July,2018
s4027,Movie,Memoir of a Murderer,South Korea,TV-MA,118,"Dramas, International Movies, Thrillers",19,February,2018
s4028,Movie,Memories of a Teenager,Argentina,TV-MA,97,"Dramas, International Movies, LGBTQ Movies",12,November,2020
s4029,TV Show,Memories of the Alhambra,South Korea,TV-MA,1,"Crime TV Shows, International TV Shows, Korean TV Shows",2,December,2018
s4030,Movie,Memory Games,"Germany, United States, Sweden",TV-14,86,Documentaries,19,June,2019
s4031,TV Show,Memory Love,Unknown,TV-14,1,"International TV Shows, Romantic TV Shows, TV Dramas",18,January,2019
s4032,Movie,Men in Black,United States,PG-13,98,"Action & Adventure, Comedies, Sci-Fi & Fantasy",19,October,2019
s4033,Movie,Men in Black II,United States,PG-13,88,"Action & Adventure, Comedies, Sci-Fi & Fantasy",1,October,2019
s4034,TV Show,Men on a Mission,South Korea,TV-14,5,"International TV Shows, Korean TV Shows, Stand-Up Comedy & Talk Shows",10,August,2020
s4035,Movie,Menahi,Saudi Arabia,TV-14,101,"Comedies, International Movies",11,June,2020
s4036,Movie,Menashe,United States,PG,82,"Dramas, Independent Movies",25,January,2020
s4037,Movie,Menorca,"Canada, Spain",TV-MA,81,"Dramas, Independent Movies",27,August,2017
s4038,Movie,Merantau,Indonesia,R,112,"Action & Adventure, Dramas, International Movies",13,February,2019
s4039,Movie,Merata: How Mum Decolonised the Screen,New Zealand,TV-14,88,Documentaries,12,May,2019
s4040,Movie,Mercenary,France,TV-MA,99,"Dramas, International Movies, Sports Movies",4,December,2016
s4041,Movie,Mercury 13,United States,TV-PG,79,Documentaries,20,April,2018
s4042,Movie,Mercy,United States,TV-MA,88,"Dramas, Thrillers",22,November,2016
s4043,Movie,Mercy Black,United States,TV-14,88,Horror Movies,31,March,2019
s4044,TV Show,Mere Papa Hero Hiralal,Unknown,TV-14,1,"International TV Shows, TV Dramas",1,May,2018
s4045,Movie,Mere Pyare Prime Minister,India,TV-MA,103,"Dramas, International Movies",31,May,2019
s4046,Movie,Merku Thodarchi Malai,India,TV-MA,115,"Dramas, Independent Movies, International Movies",1,January,2019
s4047,TV Show,Merlí,Spain,TV-MA,1,"International TV Shows, TV Dramas, Teen TV Shows",1,December,2016
s4048,TV Show,Merlin,United Kingdom,TV-PG,5,"British TV Shows, International TV Shows, TV Action & Adventure",15,December,2016
s4049,TV Show,Merry Happy Whatever,United States,TV-PG,1,TV Comedies,28,November,2019
s4050,Movie,Merry Men 2: Another Mission,Nigeria,TV-MA,115,"Comedies, International Movies",5,June,2020
s4051,Movie,Merry Men: The Real Yoruba Demons,Nigeria,TV-MA,106,"Comedies, International Movies",21,September,2019
s4052,Movie,Mersal,India,TV-14,162,"Action & Adventure, Dramas, International Movies",21,August,2018
s4053,Movie,Message from the King,"United Kingdom, France, Belgium, United States",TV-MA,103,"Independent Movies, Thrillers",4,August,2017
s4054,TV Show,Messiah,United States,TV-MA,1,"TV Dramas, TV Thrillers",1,January,2020
s4055,Movie,Metallica Through The Never,United States,R,93,Music & Musicals,28,October,2020
s4056,TV Show,Metallica: Some Kind of Monster,United States,TV-MA,1,TV Shows,10,February,2017
s4057,TV Show,Meteor Garden,China,TV-14,1,"International TV Shows, Romantic TV Shows, TV Dramas",14,July,2018
s4058,Movie,Metro,India,TV-14,116,"Dramas, International Movies, Thrillers",1,April,2018
s4059,Movie,Mexicanos de Bronce,Mexico,TV-MA,100,"Documentaries, International Movies, Music & Musicals",31,December,2018
s4060,TV Show,Mexico Diseña,United States,TV-PG,1,"International TV Shows, Reality TV, Spanish-Language TV Shows",1,February,2017
s4061,Movie,MFKZ,"France, Japan",R,95,"Action & Adventure, Comedies, International Movies",25,December,2019
s4062,Movie,Mi amigo Alexis,Chile,TV-PG,102,"Children & Family Movies, Comedies, Dramas",30,August,2019
s4063,Movie,Mi Obra Maestra,"Argentina, Spain",TV-MA,105,"Comedies, International Movies",25,January,2019
s4064,Movie,Mi Shivajiraje Bhosale Boltoy,India,TV-14,148,"Comedies, International Movies, Sci-Fi & Fantasy",1,January,2018
s4065,Movie,MI-5,United Kingdom,R,105,"Action & Adventure, Dramas, International Movies",1,August,2019
s4066,TV Show,Mia and Me,"Netherlands, Germany, Italy, Canada",TV-Y7,2,Kids' TV,1,January,2020
s4067,Movie,Michael,India,TV-MA,86,"Dramas, Independent Movies, International Movies",5,July,2020
s4068,Movie,"Michael Bolton's Big, Sexy Valentine's Day Special",United States,TV-MA,54,"Comedies, Music & Musicals, Romantic Movies",7,February,2017
s4069,Movie,Michael Che Matters,United States,TV-MA,61,Stand-Up Comedy,25,November,2016
s4070,Movie,Michael Lost and Found,"Canada, United States",TV-PG,19,"Documentaries, International Movies, LGBTQ Movies",1,June,2017
s4071,Movie,Michael McIntyre: Showman,United Kingdom,TV-MA,63,Stand-Up Comedy,15,September,2020
s4072,Movie,Michelle Buteau: Welcome to Buteaupia,United States,TV-MA,59,Stand-Up Comedy,29,September,2020
s4073,Movie,Michelle Wolf: Joke Show,United States,TV-MA,60,Stand-Up Comedy,10,December,2019
s4074,Movie,Middle Men,United States,R,113,"Comedies, Dramas, Independent Movies",10,June,2020
s4075,Movie,Middle School: The Worst Years of My Life,"United States, Cambodia",PG,92,"Children & Family Movies, Comedies",3,March,2019
s4076,TV Show,Middleditch & Schwartz,United States,TV-MA,1,TV Comedies,21,April,2020
s4077,Movie,Midnight at the Magnolia,Canada,TV-G,87,"Comedies, Romantic Movies",5,November,2020
s4078,TV Show,Midnight Diner,Japan,TV-MA,3,"International TV Shows, TV Dramas",1,June,2020
s4079,TV Show,Midnight Diner: Tokyo Stories,Japan,TV-MA,2,"International TV Shows, TV Dramas",31,October,2019
s4080,TV Show,Midnight Misadventures With Mallika Dua,India,TV-14,1,"International TV Shows, Stand-Up Comedy & Talk Shows, TV Comedies",1,April,2019
s4081,Movie,Midnight Special,"United States, Greece",PG-13,112,"Action & Adventure, Sci-Fi & Fantasy",7,September,2020
s4082,TV Show,Mighty Express,"United States, Canada",TV-Y,1,Kids' TV,22,September,2020
s4083,Movie,Mighty Express: A Mighty Christmas,Canada,TV-Y,26,Children & Family Movies,5,December,2020
s4084,TV Show,Mighty Little Bheem,Unknown,TV-Y,3,"Kids' TV, TV Comedies",25,September,2020
s4085,TV Show,Mighty Little Bheem: Diwali,India,TV-Y,1,"Kids' TV, TV Comedies",18,October,2019
s4086,TV Show,Mighty Little Bheem: Festival of Colors,India,TV-Y,1,"Kids' TV, TV Comedies",5,March,2020
s4087,TV Show,Mighty Little Bheem: Kite Festival,India,TV-Y,1,"Kids' TV, TV Comedies",8,January,2021
s4088,TV Show,Mighty Morphin Alien Rangers,Unknown,TV-Y7,1,Kids' TV,1,January,2016
s4089,TV Show,Mighty Morphin Power Rangers,"United States, Japan",TV-Y7,4,Kids' TV,1,January,2016
s4090,Movie,Mighty Raju Rio Calling,India,TV-Y7,97,"Children & Family Movies, Sports Movies",1,April,2020
s4091,Movie,Mike Birbiglia: My Girlfriend's Boyfriend,United States,TV-14,76,Stand-Up Comedy,2,May,2020
s4092,Movie,Mike Birbiglia: Thank God for Jokes,United States,TV-MA,71,Stand-Up Comedy,28,February,2017
s4093,Movie,Mike Birbiglia: The New One,United States,TV-MA,86,Stand-Up Comedy,26,November,2019
s4094,Movie,Mike Birbiglia: What I Should Have Said Was Nothing: Tales from My Secret Public Journal,United States,TV-MA,56,Stand-Up Comedy,22,November,2019
s4095,Movie,Mike Epps: Don't Take It Personal,United States,TV-MA,60,Stand-Up Comedy,18,December,2015
s4096,Movie,Mike Epps: Only One Mike,United States,TV-MA,63,Stand-Up Comedy,25,June,2019
s4097,Movie,Milada,"Czech Republic, United States",TV-14,124,"Dramas, International Movies",12,January,2018
s4098,Movie,Mile 22,"United States, China, Colombia",R,94,Action & Adventure,1,November,2020
s4099,Movie,Milea,Indonesia,TV-14,100,"Dramas, International Movies, Romantic Movies",13,June,2020
s4100,Movie,Miles Davis: Birth of the Cool,United States,TV-MA,115,"Documentaries, Music & Musicals",6,March,2020
s4101,Movie,MILF,"France, Belgium",TV-MA,102,"Comedies, International Movies, Romantic Movies",16,July,2020
s4102,Movie,Milk,United States,R,128,"Dramas, Independent Movies, LGBTQ Movies",16,February,2017
s4103,TV Show,Millennials,Argentina,TV-MA,2,"International TV Shows, Romantic TV Shows, Spanish-Language TV Shows",5,November,2019
s4104,TV Show,Million Dollar Beach House,United States,TV-MA,1,Reality TV,26,August,2020
s4105,TV Show,Million Pound Menu,United Kingdom,TV-MA,2,"British TV Shows, International TV Shows, Reality TV",27,August,2019
s4106,TV Show,Million Yen Women,Japan,TV-MA,1,"Crime TV Shows, International TV Shows, TV Dramas",15,August,2017
s4107,TV Show,Mind Game,Singapore,TV-14,1,"Crime TV Shows, International TV Shows, TV Dramas",1,June,2017
s4108,Movie,MindGamers,Austria,R,99,"International Movies, Sci-Fi & Fantasy, Thrillers",15,January,2020
s4109,Movie,Mindhorn,United Kingdom,TV-MA,88,"Comedies, Cult Movies, Independent Movies",12,May,2017
s4110,TV Show,MINDHUNTER,United States,TV-MA,2,"Crime TV Shows, TV Dramas, TV Mysteries",16,August,2019
s4111,Movie,Mine,"United States, Spain, Italy",TV-14,106,"Dramas, International Movies, Thrillers",28,February,2019
s4112,Movie,Mine 9,United States,TV-MA,83,"Dramas, Independent Movies",6,April,2020
s4113,TV Show,Minecraft: Story Mode,"United States, Sweden",TV-PG,1,Kids' TV,27,November,2018
s4114,TV Show,Mini Wolf,France,TV-G,2,Kids' TV,16,September,2018
s4115,TV Show,Miniforce,Unknown,TV-Y7,1,"Kids' TV, Korean TV Shows",1,June,2017
s4116,TV Show,Miniforce X,South Korea,TV-Y7,1,"Kids' TV, Korean TV Shows",1,October,2019
s4117,Movie,Minimalism: A Documentary About the Important Things,United States,TV-14,78,Documentaries,4,November,2019
s4118,Movie,Minnaminugu the FireFly,India,TV-14,128,"Dramas, International Movies",1,August,2018
s4119,TV Show,Minute to Win It,United States,TV-PG,1,Reality TV,15,December,2018
s4120,Movie,Miracle,"Canada, United States",PG,136,"Children & Family Movies, Dramas, Sports Movies",1,June,2018
s4121,Movie,Miracle in Cell No. 7,Turkey,TV-14,132,"Dramas, International Movies",13,March,2020
s4122,TV Show,Miraculous: Tales of Ladybug & Cat Noir,"France, South Korea, Japan",TV-Y7,5,"Kids' TV, TV Action & Adventure",1,February,2020
s4123,Movie,Mirage,Spain,TV-MA,129,"Dramas, International Movies, Sci-Fi & Fantasy",22,March,2019
s4124,Movie,Mirai,Japan,PG,98,"Action & Adventure, Anime Features, Children & Family Movies",1,June,2020
s4125,Movie,Miranda Sings Live…Your Welcome,United States,TV-14,62,Stand-Up Comedy,4,June,2019
s4126,Movie,Mirror Mirror,"United States, Canada",PG,106,"Children & Family Movies, Comedies",24,April,2020
s4127,Movie,Mirzya,India,TV-MA,129,"Dramas, International Movies, Music & Musicals",20,February,2017
s4128,TV Show,Misaeng,South Korea,TV-MA,1,"International TV Shows, Korean TV Shows, TV Dramas",8,August,2019
s4129,Movie,Mischief,India,TV-PG,120,"Comedies, Dramas, International Movies",15,April,2020
s4130,Movie,Misfit,Netherlands,TV-14,81,"Children & Family Movies, Comedies, International Movies",3,August,2019
s4131,Movie,Misfit 2,Netherlands,TV-G,82,"Children & Family Movies, Comedies, International Movies",1,February,2020
s4132,TV Show,Mismatched,India,TV-MA,1,"International TV Shows, Romantic TV Shows, TV Comedies",20,November,2020
s4133,Movie,Miss Americana,United States,TV-MA,85,"Documentaries, Music & Musicals",31,January,2020
s4134,TV Show,Miss Culinary,Unknown,TV-14,1,"International TV Shows, Romantic TV Shows, TV Comedies",19,November,2019
s4135,TV Show,Miss Dynamite,Mexico,TV-14,1,"Crime TV Shows, International TV Shows, Spanish-Language TV Shows",5,May,2018
s4136,Movie,Miss Hokusai,Japan,PG-13,90,Anime Features,1,October,2017
s4137,TV Show,Miss in Kiss,Taiwan,TV-14,1,"International TV Shows, Romantic TV Shows, TV Comedies",8,December,2016
s4138,Movie,Miss India,India,TV-PG,136,"Dramas, International Movies",4,November,2020
s4139,Movie,Miss J Contemplates Her Choice,Singapore,TV-MA,89,"Dramas, International Movies, Thrillers",20,December,2018
s4140,Movie,Miss Julie,"Norway, United Kingdom, France, Ireland",PG-13,130,"Dramas, International Movies",2,September,2015
s4141,Movie,Miss Me This Christmas,United States,TV-14,85,Romantic Movies,19,December,2017
s4142,TV Show,Miss Panda & Mr. Hedgehog,South Korea,TV-PG,1,"International TV Shows, Korean TV Shows, Romantic TV Shows",15,December,2016
s4143,Movie,Miss Representation,United States,NR,90,Documentaries,20,October,2017
s4144,TV Show,Miss Rose,Taiwan,TV-MA,1,"International TV Shows, Romantic TV Shows, TV Comedies",1,August,2016
s4145,Movie,Miss Sharon Jones!,United States,TV-MA,94,"Documentaries, Music & Musicals",7,January,2017
s4146,Movie,Miss Stevens,United States,NR,86,"Dramas, Independent Movies",19,December,2016
s4147,Movie,Miss Virginia,United States,TV-MA,102,"Dramas, Independent Movies",16,February,2020
s4148,Movie,Mission Blue,"United States, Bermuda, Ecuador",TV-PG,94,Documentaries,15,August,2014
s4149,Movie,Mission Control: The Unsung Heroes of Apollo,"United States, United Kingdom",TV-14,100,Documentaries,13,August,2017
s4150,Movie,Mission Istaanbul: Darr Ke Aagey Jeet Hai,India,TV-MA,119,"Action & Adventure, International Movies, Music & Musicals",16,May,2019
s4151,Movie,Mission of Honor,"United Kingdom, Poland",TV-MA,107,"Action & Adventure, Dramas",29,July,2019
s4152,Movie,Mission: Destroy Love,Malaysia,TV-PG,93,"Comedies, International Movies, Romantic Movies",7,August,2017
s4153,Movie,Mississippi Grind,United States,R,109,"Dramas, Independent Movies",26,July,2018
s4154,Movie,Mitt,United States,TV-PG,93,Documentaries,24,January,2014
s4155,Movie,Mo Amer: The Vagabond,United States,TV-MA,57,Stand-Up Comedy,9,October,2018
s4156,Movie,Mo Gilligan: Momentum,United Kingdom,TV-MA,64,Stand-Up Comedy,30,September,2019
s4157,TV Show,Mob Psycho 100,Japan,TV-MA,1,"International TV Shows, TV Action & Adventure, TV Comedies",22,May,2018
s4158,TV Show,Mobile Suit Gundam UC,Japan,TV-PG,1,"Anime Series, International TV Shows",20,September,2018
s4159,TV Show,Mobile Suit Gundam: Iron-Blooded Orphans,Japan,TV-14,2,"Anime Series, International TV Shows",1,November,2019
s4160,Movie,Modest Heroes: Ponoc Short Films Theatre,Japan,PG,54,"Anime Features, Children & Family Movies",22,May,2020
s4161,TV Show,Moesha,United States,TV-PG,6,"TV Comedies, Teen TV Shows",1,August,2020
s4162,Movie,Moh Maya Money,India,TV-MA,109,"Dramas, Independent Movies, International Movies",1,May,2017
s4163,Movie,Mohamed Hussein,Egypt,TV-14,96,"Comedies, International Movies",20,December,2020
s4164,Movie,Mohawk,United States,TV-MA,92,"Action & Adventure, Horror Movies, Independent Movies",30,June,2018
s4165,Movie,Mohenjo Daro,India,TV-14,168,"Action & Adventure, Dramas, International Movies",2,August,2018
s4166,Movie,Mojave,United States,R,93,"Dramas, Independent Movies, Thrillers",26,July,2018
s4167,Movie,Mokalik (Mechanic),Nigeria,TV-14,100,"Dramas, International Movies",1,September,2019
s4168,TV Show,Molang,France,TV-Y,1,Kids' TV,1,July,2019
s4169,Movie,Molly's Game,"China, Canada, United States",R,141,Dramas,1,April,2020
s4170,Movie,Mom,India,TV-14,139,"Dramas, International Movies, Thrillers",21,August,2018
s4171,TV Show,Momo Salon,South Korea,TV-14,1,"International TV Shows, Korean TV Shows, Romantic TV Shows",1,July,2017
s4172,Movie,Moms at War,Nigeria,TV-14,92,"Comedies, Dramas, International Movies",13,April,2020
s4173,Movie,Mona Lisa Smile,United States,PG-13,119,Dramas,1,January,2019
s4174,TV Show,Monarca,Mexico,TV-MA,2,"International TV Shows, Spanish-Language TV Shows, TV Dramas",1,January,2021
s4175,Movie,Money,"United States, Spain",R,84,Thrillers,15,October,2017
s4176,TV Show,Money for Nothing,Unknown,TV-PG,1,"British TV Shows, International TV Shows, Reality TV",12,July,2019
s4177,Movie,Money Heist: The Phenomenon,Spain,TV-MA,57,"Documentaries, International Movies",3,April,2020
s4178,Movie,Money Talks,United States,R,96,"Action & Adventure, Comedies",1,November,2019
s4179,Movie,Money Trap,Turkey,TV-MA,122,"Comedies, Dramas, International Movies",26,April,2019
s4180,TV Show,MONKART,Unknown,TV-Y7,1,"Kids' TV, Korean TV Shows",18,October,2019
s4181,TV Show,Monkey Planet,United Kingdom,TV-PG,1,"British TV Shows, Docuseries, Science & Nature TV",31,March,2017
s4182,TV Show,Monkey Twins,Thailand,TV-MA,1,"Crime TV Shows, International TV Shows, TV Action & Adventure",2,September,2018
s4183,Movie,Monkey Up,Canada,PG,83,"Children & Family Movies, Comedies",19,March,2016
s4184,Movie,Monopoly (The Bank Of Luck),Egypt,TV-MA,117,"Comedies, International Movies",15,June,2019
s4185,Movie,Monster Family,"Germany, United Kingdom",PG,93,Children & Family Movies,4,April,2018
s4186,Movie,Monster High 13 Wishes,United States,TV-Y7,73,Children & Family Movies,1,March,2018
s4187,Movie,"Monster High: Boo York, Boo York",United States,TV-Y7,72,"Children & Family Movies, Music & Musicals",29,September,2015
s4188,Movie,Monster High: Electrified,Unknown,TV-Y,72,Movies,15,February,2020
s4189,Movie,Monster High: Escape from Skull Shores,United States,TV-Y7,46,Children & Family Movies,1,January,2018
s4190,Movie,Monster High: Freaky Fusion,United States,TV-Y7,74,Children & Family Movies,30,January,2018
s4191,Movie,Monster High: Friday Night Frights,United States,TV-Y7,46,Children & Family Movies,1,January,2018
s4192,Movie,Monster High: Fright On!,United States,TV-Y7,46,Children & Family Movies,1,January,2018
s4193,Movie,"Monster High: Frights, Camera, Action!",United States,TV-Y7,74,Children & Family Movies,1,January,2018
s4194,Movie,Monster High: Ghouls Rule,United States,TV-Y7,71,Children & Family Movies,1,March,2018
s4195,Movie,Monster High: Great Scarrier Reef,United States,TV-Y7,72,Children & Family Movies,1,October,2017
s4196,Movie,Monster High: Haunted,United States,TV-Y7,76,Children & Family Movies,24,March,2018
s4197,Movie,Monster High: New Ghoul at School,United States,TV-Y7,23,Children & Family Movies,1,October,2017
s4198,Movie,"Monster High: Scaris, City of Frights",United States,TV-G,60,Children & Family Movies,7,July,2015
s4199,Movie,Monster High: Why Do Ghouls Fall in Love?,United States,TV-Y7,46,Children & Family Movies,1,January,2018
s4200,Movie,Monster House,United States,PG,91,"Children & Family Movies, Comedies",1,December,2020
s4201,Movie,Monster Island,"India, Mexico",TV-Y7,81,Children & Family Movies,1,December,2017
s4202,TV Show,Monster Math Squad,Canada,TV-Y,2,Kids' TV,15,May,2020
s4203,Movie,Monster-in-Law,"United States, Germany",PG-13,101,"Comedies, Romantic Movies",1,January,2020
s4204,Movie,Monsters: Dark Continent,United Kingdom,R,119,"Action & Adventure, Dramas, Independent Movies",10,January,2020
s4205,TV Show,Monthly Girls' Nozaki Kun,Japan,TV-PG,1,"Anime Series, Romantic TV Shows",1,May,2020
s4206,TV Show,Monty Don's French Gardens,United Kingdom,TV-G,1,"British TV Shows, Docuseries, International TV Shows",26,July,2019
s4207,TV Show,Monty Don's Italian Gardens,United Kingdom,TV-G,1,"British TV Shows, Docuseries, International TV Shows",26,July,2019
s4208,Movie,Monty Python and the Holy Grail,United Kingdom,PG,92,"Action & Adventure, Classic Movies, Comedies",2,January,2019
s4209,TV Show,Monty Python Best Bits (mostly),United Kingdom,TV-MA,1,"British TV Shows, Docuseries, TV Comedies",2,October,2018
s4210,Movie,Monty Python Conquers America,Unknown,TV-MA,55,Documentaries,2,October,2018
s4211,Movie,"Monty Python Live (Mostly): One Down, Five to Go",United Kingdom,TV-MA,137,Comedies,2,October,2018
s4212,Movie,Monty Python: Before the Flying Circus,United Kingdom,TV-MA,56,"Comedies, Documentaries",2,October,2018
s4213,Movie,Monty Python: Live at Aspen,United States,TV-MA,58,"Comedies, Documentaries",2,October,2018
s4214,Movie,Monty Python: Live at The Hollywood Bowl,United Kingdom,R,80,Comedies,2,October,2018
s4215,Movie,Monty Python: The Meaning of Live,United Kingdom,TV-MA,94,Documentaries,2,October,2018
s4216,TV Show,Monty Python's Almost the Truth,United Kingdom,TV-MA,1,"British TV Shows, Docuseries",2,October,2018
s4217,TV Show,Monty Python's Fliegender Zirkus,"United Kingdom, West Germany",TV-MA,1,"International TV Shows, TV Comedies",2,October,2018
s4218,TV Show,Monty Python's Flying Circus,United Kingdom,TV-14,4,"British TV Shows, Classic & Cult TV, International TV Shows",2,October,2018
s4219,Movie,Monty Python's Life of Brian,United Kingdom,R,94,"Classic Movies, Comedies, Cult Movies",2,October,2018
s4220,TV Show,Monty Python's Personal Best,"United States, United Kingdom",TV-MA,1,"British TV Shows, TV Comedies",2,October,2018
s4221,TV Show,Monzón: A Knockout Blow,Argentina,TV-MA,1,"Crime TV Shows, International TV Shows, Spanish-Language TV Shows",25,October,2019
s4222,Movie,Moon,"United Kingdom, United States",R,97,"Dramas, Independent Movies, Sci-Fi & Fantasy",1,January,2020
s4223,Movie,Moonlight,United States,R,111,"Dramas, Independent Movies, LGBTQ Movies",21,May,2019
s4224,Movie,Moonwalkers,"France, Belgium",R,96,"Action & Adventure, Comedies, International Movies",8,September,2017
s4225,Movie,Moor,"Pakistan, United States",TV-14,135,"Dramas, Independent Movies, International Movies",1,November,2017
s4226,TV Show,More to Say,Egypt,TV-14,1,"International TV Shows, TV Dramas, TV Mysteries",13,March,2019
s4227,TV Show,Morphle,Netherlands,TV-Y,2,"British TV Shows, Kids' TV",17,December,2020
s4228,Movie,Morris from America,"Germany, United States",R,91,"Dramas, Independent Movies, International Movies",1,November,2018
s4229,TV Show,Mortel,France,TV-MA,1,"Crime TV Shows, International TV Shows, TV Dramas",21,November,2019
s4230,Movie,Mortified Nation,United States,TV-MA,84,Documentaries,1,February,2018
s4231,Movie,Morya,India,TV-14,121,"Dramas, International Movies",15,February,2018
s4232,Movie,Moshe Kasher: Live in Oakland,United States,TV-MA,61,Stand-Up Comedy,1,January,2019
s4233,TV Show,Mossad 101,Israel,TV-MA,2,"International TV Shows, TV Action & Adventure, TV Dramas",11,July,2018
s4234,TV Show,Most Beautiful Thing,Brazil,TV-MA,2,"International TV Shows, Romantic TV Shows, TV Dramas",19,June,2020
s4235,Movie,Mostly Sunny,Canada,TV-MA,83,"Documentaries, International Movies",1,May,2017
s4236,Movie,Mosul,United States,TV-MA,103,"Action & Adventure, Dramas, International Movies",26,November,2020
s4237,Movie,MOTHER,Japan,TV-14,127,"Dramas, International Movies",3,November,2020
s4238,TV Show,Mother Goose Club,United States,TV-Y,2,Kids' TV,19,May,2017
s4239,Movie,Motichoor Chaknachoor,India,TV-14,132,"Comedies, Dramas, International Movies",20,January,2020
s4240,Movie,Motor Mitraan Di,India,TV-PG,117,"Comedies, International Movies",1,October,2018
s4241,TV Show,Motown Magic,"Australia, United States",TV-Y,2,Kids' TV,28,June,2019
s4242,Movie,Motu Patlu: King of Kings,India,TV-Y7-FV,109,"Children & Family Movies, Comedies",6,July,2017
s4243,Movie,Mountain,Australia,PG,74,"Action & Adventure, Documentaries, International Movies",1,October,2018
s4244,TV Show,Move,United States,TV-MA,1,"Docuseries, International TV Shows",23,October,2020
s4245,Movie,Movie 43,United States,R,94,Comedies,9,April,2019
s4246,TV Show,Moving Art,United States,TV-G,3,"Docuseries, Science & Nature TV",1,September,2019
s4247,TV Show,Moving On,Unknown,TV-PG,1,"International TV Shows, TV Dramas",27,April,2018
s4248,Movie,Mowgli: Legend of the Jungle,"United Kingdom, United States",PG-13,105,"Action & Adventure, Children & Family Movies, Dramas",7,December,2018
s4249,Movie,Mr. Chandramouli,India,TV-MA,131,"Dramas, International Movies, Thrillers",18,October,2018
s4250,Movie,Mr. Church,United States,PG-13,105,Dramas,22,December,2018
s4251,Movie,Mr. Deeds,United States,PG-13,97,"Comedies, Romantic Movies",1,August,2020
s4252,Movie,Mr. Gaga: A True Story of Love and Dance,"Israel, Sweden, Germany, Netherlands",TV-14,102,"Documentaries, International Movies",15,June,2017
s4253,TV Show,Mr. Iglesias,United States,TV-14,3,"TV Comedies, Teen TV Shows",8,December,2020
s4254,Movie,Mr. Peabody & Sherman,United States,PG,93,"Children & Family Movies, Comedies, Sci-Fi & Fantasy",11,August,2020
s4255,Movie,Mr. Pig,Mexico,TV-MA,97,"Dramas, Independent Movies, International Movies",31,December,2016
s4256,Movie,MR. RIGHT,United States,R,96,"Action & Adventure, Comedies, Romantic Movies",16,February,2020
s4257,Movie,Mr. Romantic,Unknown,TV-14,97,"Comedies, International Movies, Romantic Movies",2,June,2020
s4258,Movie,Mr. Roosevelt,United States,TV-MA,91,"Comedies, Independent Movies",26,December,2017
s4259,TV Show,Mr. Sunshine,South Korea,TV-MA,1,"International TV Shows, Korean TV Shows, Romantic TV Shows",8,July,2018
s4260,Movie,Mr. Virgin,Hong Kong,TV-14,86,"Comedies, Dramas, International Movies",16,August,2018
s4261,Movie,Mr. Woodcock,United States,PG-13,88,Comedies,1,September,2019
s4262,TV Show,Mr. Young,Canada,TV-G,2,"Kids' TV, TV Comedies",16,April,2019
s4263,Movie,Mrs. Serial Killer,India,TV-MA,107,"International Movies, Thrillers",1,May,2020
s4264,Movie,Ms. Mammy,Egypt,TV-14,90,"Comedies, International Movies",6,June,2019
s4265,Movie,Mubarakan,India,PG-13,153,"Comedies, Dramas, International Movies",5,November,2017
s4266,Movie,Much Ado About Nothing,"Chile, United States, France",TV-MA,96,"Dramas, Independent Movies, International Movies",1,October,2016
s4267,Movie,Much Loved,"France, Morocco",TV-MA,104,"Dramas, Independent Movies, International Movies",27,September,2017
s4268,Movie,Mucho Mucho Amor: The Legend of Walter Mercado,United States,TV-14,96,"Documentaries, LGBTQ Movies",8,July,2020
s4269,Movie,Mucize,Turkey,TV-14,136,"Dramas, International Movies",10,March,2017
s4270,Movie,Mud,United States,PG-13,131,"Dramas, Independent Movies",1,January,2021
s4271,Movie,Mudbound,United States,R,135,"Dramas, Independent Movies",17,November,2017
s4272,Movie,Mugamoodi,India,TV-14,150,"Action & Adventure, International Movies",1,October,2018
s4273,Movie,Mujeres arriba,Chile,TV-14,98,"Comedies, International Movies, Romantic Movies",21,May,2020
s4274,Movie,Mujhse Shaadi Karogi,India,TV-PG,158,"Comedies, International Movies, Romantic Movies",31,December,2019
s4275,Movie,Mujrim,India,TV-14,163,"Action & Adventure, Dramas, International Movies",1,September,2017
s4276,Movie,Mukhsin,Malaysia,TV-PG,98,"Children & Family Movies, Comedies, Dramas",18,December,2020
s4277,Movie,Mumbai Cha Raja,India,TV-MA,77,"Dramas, Independent Movies, International Movies",15,November,2016
s4278,Movie,Mumbai Delhi Mumbai,India,TV-MA,107,"Comedies, International Movies, Romantic Movies",5,July,2020
s4279,Movie,Mumbai Matinee,India,TV-14,116,"Comedies, International Movies, Romantic Movies",15,April,2019
s4280,Movie,Mumbai Meri Jaan,India,TV-MA,135,"Dramas, International Movies",1,November,2018
s4281,Movie,Munafik 2,Malaysia,TV-MA,104,"Horror Movies, International Movies",1,May,2019
s4282,Movie,Mundeyan Ton Bachke Rahin,India,TV-14,139,"Comedies, International Movies, Music & Musicals",1,November,2018
s4283,Movie,Mune: Guardian of the Moon,France,PG,85,Children & Family Movies,26,January,2018
s4284,Movie,Muppets Most Wanted,United States,PG,110,"Children & Family Movies, Comedies",1,September,2020
s4285,Movie,Muqaddar ka Faisla,India,TV-14,172,"Action & Adventure, Comedies, Dramas",1,April,2020
s4286,Movie,Muramba,India,TV-MA,128,"Comedies, Dramas, International Movies",15,December,2017
s4287,Movie,Muran,India,TV-14,134,"Action & Adventure, International Movies",1,October,2018
s4288,TV Show,Murder Maps,United Kingdom,TV-MA,3,"British TV Shows, Crime TV Shows, Docuseries",1,March,2018
s4289,TV Show,Murder Mountain,United States,TV-MA,1,"Crime TV Shows, Docuseries",28,December,2018
s4290,Movie,Murder Mystery,United States,PG-13,98,Comedies,14,June,2019
s4291,Movie,Murder Party,United States,NR,79,"Comedies, Cult Movies, Horror Movies",1,September,2018
s4292,Movie,Murder to Mercy: The Cyntoia Brown Story,United States,TV-MA,97,Documentaries,29,April,2020
s4293,TV Show,Murderous Affairs,United States,TV-MA,3,"Crime TV Shows, Docuseries",17,April,2018
s4294,TV Show,Murphy's Law of Love,Taiwan,TV-PG,1,"International TV Shows, Romantic TV Shows, TV Comedies",1,October,2016
s4295,Movie,Music Teacher,India,TV-14,102,"Dramas, Independent Movies, International Movies",19,April,2019
s4296,Movie,Must Be... Love,Philippines,TV-14,106,"Comedies, Dramas, International Movies",3,December,2020
s4297,Movie,Mustang Island,United States,TV-14,86,"Comedies, Dramas, Independent Movies",2,January,2018
s4298,TV Show,Mutant Busters,Spain,TV-PG,2,"Kids' TV, TV Comedies",1,June,2017
s4299,Movie,Mute,"United Kingdom, Germany",TV-MA,127,"Sci-Fi & Fantasy, Thrillers",23,February,2018
s4300,Movie,Mutiny of the Worker Bees,Mexico,TV-MA,94,"Comedies, International Movies",20,May,2020
s4301,Movie,Mutiny on the Bounty,United States,TV-PG,185,"Action & Adventure, Classic Movies, Dramas",1,November,2019
s4302,Movie,Muzaffarnagar Baaqi Hai,India,TV-MA,136,"Documentaries, International Movies",15,November,2018
s4303,Movie,My Amnesia Girl,Philippines,TV-14,105,"International Movies, Romantic Movies",19,November,2020
s4304,TV Show,My Babysitter's a Vampire,Canada,TV-PG,2,"Kids' TV, TV Comedies",17,October,2018
s4305,Movie,My Babysitter's a Vampire: The Movie,Canada,TV-PG,80,"Children & Family Movies, Comedies",17,October,2018
s4306,Movie,My Beautiful Broken Brain,United Kingdom,TV-14,84,"Documentaries, International Movies",18,March,2016
s4307,Movie,My Big Night,Spain,TV-MA,97,"Comedies, International Movies, Music & Musicals",1,October,2016
s4308,Movie,My Birthday Song,India,TV-14,92,"Dramas, International Movies, Thrillers",1,July,2018
s4309,Movie,My Brother ... Nikhil,India,TV-PG,116,"Dramas, Independent Movies, International Movies",30,October,2018
s4310,TV Show,My Country: The New Age,South Korea,TV-14,1,"International TV Shows, Korean TV Shows, TV Action & Adventure",5,October,2019
s4311,Movie,My Daddy is in Heaven,United States,TV-14,95,"Dramas, Faith & Spirituality",12,June,2018
s4312,TV Show,My Dear Boy,Taiwan,TV-MA,1,"International TV Shows, Romantic TV Shows",19,April,2019
s4313,TV Show,My Dear Warrior,Thailand,TV-14,1,"International TV Shows, Romantic TV Shows, TV Comedies",14,November,2019
s4314,Movie,My Dog is My Guide,Egypt,TV-14,99,"Comedies, International Movies",18,April,2019
s4315,Movie,My Entire High School Sinking Into the Sea,United States,PG-13,77,"Comedies, Independent Movies",23,January,2018
s4316,Movie,My Ex & Whys,Philippines,TV-14,121,"Comedies, Dramas, International Movies",27,February,2019
s4317,Movie,My Ex-Ex,Canada,TV-MA,91,"Comedies, Romantic Movies",15,August,2017
s4318,TV Show,My First First Love,South Korea,TV-14,2,"International TV Shows, Korean TV Shows, Romantic TV Shows",26,July,2019
s4319,Movie,My Friend Pinto,India,TV-14,100,"Comedies, International Movies, Sci-Fi & Fantasy",1,October,2018
s4320,Movie,My Fuhrer,Germany,TV-14,91,"Comedies, International Movies",7,May,2018
s4321,Movie,My Girl,United States,PG-13,102,Dramas,1,January,2020
s4322,Movie,My Happy Family,"Georgia, Germany, France",TV-14,119,"Dramas, Independent Movies, International Movies",1,December,2017
s4323,TV Show,My Holo Love,Unknown,TV-14,1,"International TV Shows, Korean TV Shows, Romantic TV Shows",7,February,2020
s4325,Movie,My Horrible Grandma,Egypt,TV-MA,100,"Comedies, Dramas, International Movies",2,June,2020
s4326,TV Show,My Hotter Half,United Kingdom,TV-PG,1,"British TV Shows, International TV Shows, Reality TV",22,July,2019
s4327,TV Show,My Husband Won't Fit,Japan,TV-MA,1,"International TV Shows, Romantic TV Shows, TV Dramas",20,March,2019
s4328,Movie,My Life as a Zucchini,"Switzerland, France",PG-13,68,"Comedies, Dramas, International Movies",1,October,2017
s4329,TV Show,My Life My Story,Unknown,TV-14,1,"International TV Shows, Stand-Up Comedy & Talk Shows",1,November,2017
s4330,TV Show,My Little Baby,South Korea,TV-PG,1,"Crime TV Shows, International TV Shows, Korean TV Shows",10,June,2017
s4331,Movie,My Little Pony Equestria Girls: Forgotten Friendship,"United States, Canada",TV-Y,44,Children & Family Movies,1,October,2018
s4332,Movie,My Little Pony Equestria Girls: Friendship Games,"United States, Canada",TV-Y,72,"Children & Family Movies, Comedies",1,December,2015
s4333,Movie,My Little Pony Equestria Girls: Legend of Everfree,"United States, Canada",TV-Y7,73,"Children & Family Movies, Comedies",1,October,2016
s4334,Movie,My Little Pony Equestria Girls: Rainbow Rocks,"United States, Canada",TV-Y,73,"Children & Family Movies, Comedies",17,December,2014
s4335,Movie,My Little Pony Equestria Girls: Rollercoaster of Friendship,"United States, Canada",TV-Y,44,Children & Family Movies,1,October,2018
s4336,Movie,My Little Pony Friendship Is Magic: Best Gift Ever,United States,TV-Y,44,Children & Family Movies,25,November,2018
s4337,TV Show,My Little Pony: Friendship Is Magic,"United States, Canada",TV-Y,8,Kids' TV,12,November,2018
s4338,TV Show,My Mister,South Korea,TV-MA,1,"Crime TV Shows, International TV Shows, Korean TV Shows",10,June,2020
s4339,Movie,My Mother's Wound,Unknown,TV-MA,115,"Dramas, International Movies",25,September,2020
s4340,TV Show,My MVP Valentine,Taiwan,TV-PG,1,"International TV Shows, Romantic TV Shows, TV Dramas",15,November,2019
s4341,TV Show,My Next Guest Needs No Introduction With David Letterman,United States,TV-MA,3,Stand-Up Comedy & Talk Shows,21,October,2020
s4342,Movie,My Next Guest with David Letterman and Shah Rukh Khan,Unknown,TV-PG,61,International Movies,25,October,2019
s4343,Movie,My Octopus Teacher,South Africa,TV-G,86,"Documentaries, International Movies",7,September,2020
s4344,TV Show,My Only Love Song,South Korea,TV-MA,1,"International TV Shows, Korean TV Shows, Romantic TV Shows",9,June,2017
s4345,Movie,My Only Mother,Unknown,TV-14,104,"Comedies, Dramas, International Movies",4,March,2019
s4346,Movie,My Own Man,United States,TV-MA,82,Documentaries,6,March,2015
s4347,TV Show,My Perfect Landing,Canada,TV-G,1,Kids' TV,1,August,2020
s4348,Movie,My Perfect Romance,Canada,PG,92,"Comedies, International Movies, Romantic Movies",1,May,2018
s4349,TV Show,My Pride,Unknown,TV-14,1,"International TV Shows, TV Dramas",15,March,2019
s4350,TV Show,My Runway,South Korea,TV-14,1,"International TV Shows, Korean TV Shows, Romantic TV Shows",30,December,2016
s4351,TV Show,My Sassy Girl,South Korea,TV-14,1,"International TV Shows, Korean TV Shows, Romantic TV Shows",15,November,2019
s4352,Movie,"My Schoolmate, the Barbarian",Hong Kong,TV-14,90,"Action & Adventure, Comedies, International Movies",16,August,2018
s4353,Movie,My Scientology Movie,United Kingdom,TV-MA,99,Documentaries,13,July,2017
s4354,TV Show,My Secret Romance,South Korea,TV-14,1,"International TV Shows, Korean TV Shows, Romantic TV Shows",25,April,2020
s4355,TV Show,My Shy Boss,South Korea,TV-MA,1,"International TV Shows, Korean TV Shows, Romantic TV Shows",1,June,2020
s4356,Movie,My Sister's Keeper,United States,PG-13,109,Dramas,1,September,2019
s4357,Movie,My Sleeping Lover,Egypt,TV-PG,93,"Comedies, International Movies",19,May,2020
s4358,Movie,My Step Dad: The Hippie,"Turkey, South Korea",TV-MA,100,"Comedies, International Movies",9,October,2020
s4359,Movie,My Stupid Boss,Indonesia,TV-G,107,"Comedies, International Movies",23,April,2020
s4360,Movie,My Stupid Boss 2,Indonesia,TV-14,95,"Comedies, International Movies",23,April,2020
s4361,Movie,My Suicide,United States,TV-MA,111,"Comedies, Dramas, Independent Movies",1,October,2018
s4362,TV Show,My Tattoo Addiction,United Kingdom,TV-MA,1,"British TV Shows, Docuseries",1,February,2019
s4363,Movie,"My Teacher, My Obsession",United States,TV-14,86,Thrillers,10,September,2018
s4364,Movie,My Travel Buddy,Turkey,TV-MA,111,"Comedies, International Movies",15,February,2019
s4365,Movie,My True Friend,Thailand,TV-MA,108,"Action & Adventure, Dramas, International Movies",25,July,2018
s4366,Movie,My Way,Italy,TV-14,101,"Documentaries, International Movies",8,November,2016
s4367,Movie,My Week with Marilyn,"United Kingdom, United States",R,99,"Dramas, Romantic Movies",30,May,2019
s4368,Movie,My Wife and I,South Africa,TV-MA,100,"Comedies, International Movies, Romantic Movies",13,December,2019
s4369,Movie,My Wife and My Wifey,Unknown,TV-14,99,"Comedies, International Movies",18,April,2019
s4370,TV Show,Mystery Lab,Brazil,TV-PG,1,"Docuseries, International TV Shows, Science & Nature TV",4,August,2020
s4371,TV Show,Mystery Science Theater 3000,United States,TV-14,1,"TV Comedies, TV Sci-Fi & Fantasy",15,March,2018
s4372,TV Show,Mystery Science Theater 3000: The Return,United States,TV-14,2,"TV Comedies, TV Sci-Fi & Fantasy",22,November,2018
s4373,Movie,Mystic Pizza,United States,R,104,"Comedies, Dramas, Independent Movies",1,January,2021
s4374,TV Show,Mystic Pop-up Bar,South Korea,TV-MA,1,"International TV Shows, Korean TV Shows, TV Comedies",21,May,2020
s4375,Movie,Mystic River,"United States, Australia",R,138,"Dramas, Thrillers",1,September,2019
s4376,TV Show,Mystic Whispers,Singapore,TV-14,1,"International TV Shows, TV Dramas, TV Horror",1,July,2017
s4377,Movie,Mythily Veendum Varunnu,India,TV-PG,88,"Horror Movies, International Movies",1,August,2018
s4378,TV Show,Mythomaniac,France,TV-MA,1,"International TV Shows, TV Comedies, TV Dramas",28,November,2019
s4379,TV Show,Myths & Monsters,United Kingdom,TV-PG,1,"British TV Shows, Docuseries",23,December,2017
s4380,Movie,Naa Bangaaru Talli,India,TV-14,122,"Dramas, International Movies",19,October,2018
s4381,Movie,Naam Shabana,India,TV-14,141,"Action & Adventure, International Movies",28,August,2018
s4382,Movie,Naan Sigappu Manithan,India,TV-14,147,"Action & Adventure, Dramas, International Movies",1,October,2018
s4383,Movie,Nacho Libre,"United States, Mexico",PG,92,"Comedies, Sports Movies",1,November,2019
s4384,TV Show,Nadiya’s Time to Eat,United Kingdom,TV-G,1,"British TV Shows, International TV Shows, Reality TV",29,April,2020
s4385,Movie,Naga The Eternal Yogi,"Italy, India",TV-PG,73,"Documentaries, International Movies",5,February,2017
s4386,TV Show,Nagi-Asu: A Lull in the Sea,Japan,TV-14,1,"Anime Series, Romantic TV Shows, Teen TV Shows",1,August,2020
s4387,TV Show,Nailed It,United States,TV-PG,4,Reality TV,1,April,2020
s4388,TV Show,Nailed It! France,France,TV-14,1,"International TV Shows, Reality TV",25,October,2019
s4389,TV Show,Nailed It! Germany,Germany,TV-14,1,"International TV Shows, Reality TV",17,January,2020
s4390,TV Show,Nailed It! Holiday!,United States,TV-PG,2,Reality TV,22,November,2019
s4391,TV Show,Nailed It! Mexico,"Mexico, United States",TV-PG,3,"International TV Shows, Reality TV, Spanish-Language TV Shows",5,January,2021
s4392,TV Show,Nailed It! Spain,Spain,TV-PG,1,"International TV Shows, Reality TV, Spanish-Language TV Shows",25,October,2019
s4393,Movie,Nails,Ireland,TV-MA,85,Horror Movies,10,March,2018
s4394,Movie,Naked,United States,TV-14,97,"Comedies, Romantic Movies",11,August,2017
s4395,Movie,Naledi: A Baby Elephant's Tale,"United States, Botswana",TV-PG,91,Documentaries,28,May,2020
s4396,Movie,Namak Halaal,India,TV-14,171,"Action & Adventure, Comedies, International Movies",31,December,2019
s4397,Movie,Namastey London,India,TV-14,130,"Comedies, Dramas, International Movies",1,July,2018
s4398,Movie,Namour,United States,NR,80,"Dramas, Independent Movies",15,March,2017
s4399,Movie,Nang Nak,Thailand,TV-MA,101,"Horror Movies, International Movies, Romantic Movies",5,January,2019
s4400,Movie,Naomi and Ely's No Kiss List,United States,TV-MA,91,"Comedies, Dramas, LGBTQ Movies",18,November,2015
s4401,Movie,Nappily Ever After,United States,TV-MA,99,"Comedies, Dramas, Romantic Movies",7,March,2019
s4402,TV Show,Narcos,"United States, Colombia, Mexico",TV-MA,3,"Crime TV Shows, TV Action & Adventure, TV Dramas",1,September,2017
s4403,TV Show,Narcos: Mexico,"Mexico, United States",TV-MA,2,"Crime TV Shows, TV Action & Adventure, TV Dramas",13,February,2020
s4404,TV Show,Narcoworld: Dope Stories,United States,TV-MA,1,"Crime TV Shows, Docuseries",22,November,2019
s4405,TV Show,Naruto,Japan,TV-14,9,"Anime Series, International TV Shows",1,September,2019
s4406,Movie,Naruto Shippûden the Movie: Bonds,Japan,TV-PG,93,"Action & Adventure, Anime Features, International Movies",15,October,2016
s4407,Movie,Naruto Shippûden the Movie: The Will of Fire,Japan,TV-PG,96,"Action & Adventure, Anime Features, International Movies",1,September,2017
s4408,Movie,Naruto Shippuden : Blood Prison,Japan,TV-14,102,"Action & Adventure, Anime Features, International Movies",1,September,2017
s4409,Movie,Naruto Shippuden: The Movie,Japan,TV-PG,95,"Action & Adventure, Anime Features, International Movies",15,October,2016
s4410,Movie,Naruto Shippuden: The Movie: The Lost Tower,Japan,TV-14,85,"Action & Adventure, Anime Features, International Movies",1,September,2017
s4411,Movie,Naruto the Movie 2: Legend of the Stone of Gelel,Japan,TV-PG,97,"Action & Adventure, Anime Features, International Movies",1,September,2017
s4412,Movie,Naruto the Movie 3: Guardians of the Crescent Moon Kingdom,Japan,TV-PG,95,"Action & Adventure, Anime Features, International Movies",1,September,2017
s4413,Movie,Naruto the Movie: Ninja Clash in the Land of Snow,Japan,TV-PG,83,"Action & Adventure, Anime Features, International Movies",1,September,2017
s4414,Movie,Nasha,India,TV-14,115,"Dramas, International Movies, Romantic Movies",1,October,2018
s4415,Movie,Nasha Natasha,Uruguay,TV-PG,72,"Documentaries, International Movies, Music & Musicals",6,August,2020
s4416,Movie,Natalia Valdebenito: El especial,Chile,TV-MA,69,Stand-Up Comedy,2,March,2018
s4417,Movie,Natalia Valdebenito: Gritona,United States,TV-MA,76,Stand-Up Comedy,10,November,2017
s4418,Movie,Natalie Palamides: Nate - A One Man Show,United States,TV-MA,60,Comedies,1,December,2020
s4419,Movie,Natascha Kampusch: The Whole Story,United States,TV-14,51,Movies,15,May,2017
s4420,Movie,Nate Bargatze: The Tennessee Kid,United States,TV-PG,61,Stand-Up Comedy,26,March,2019
s4421,Movie,Nathicharami,India,TV-MA,114,"Dramas, Independent Movies, International Movies",28,January,2019
s4422,Movie,National Bird,United States,TV-MA,92,Documentaries,8,May,2017
s4423,Movie,National Lampoon's Loaded Weapon 1,Unknown,PG-13,82,"Action & Adventure, Comedies, Independent Movies",1,November,2019
s4424,Movie,National Parks Adventure,United States,TV-G,42,Documentaries,1,February,2018
s4425,Movie,National Treasure,United States,PG,131,"Action & Adventure, Children & Family Movies",1,June,2018
s4426,Movie,Natsamrat - Asa Nat Hone Nahi,India,TV-14,165,"Dramas, International Movies",1,June,2018
s4427,Movie,Natural Born Pranksters,United States,R,91,Comedies,15,September,2016
s4428,Movie,Natural Selection,United States,R,101,"Dramas, Independent Movies",1,December,2016
s4429,TV Show,Nature: Animals With Cameras,"United Kingdom, United States",TV-PG,1,"Docuseries, Science & Nature TV",1,October,2018
s4430,TV Show,NATURE: Natural Born Hustlers,United States,TV-G,1,"Docuseries, Science & Nature TV",1,March,2017
s4431,Movie,Nature: Raising the Dinosaur Giant,United States,TV-G,53,Documentaries,1,March,2017
s4432,TV Show,Nature's Great Events (2009),"United States, United Kingdom",TV-PG,1,"British TV Shows, Docuseries, Science & Nature TV",10,October,2015
s4433,TV Show,Nature's Great Events: Diaries,"United States, United Kingdom",TV-PG,1,"British TV Shows, Docuseries, Science & Nature TV",22,April,2015
s4434,TV Show,Nature's Great Race,United Kingdom,TV-PG,1,"British TV Shows, Docuseries, Science & Nature TV",1,October,2017
s4435,TV Show,Nature's Weirdest Events,United Kingdom,TV-PG,3,"British TV Shows, Docuseries, Science & Nature TV",1,September,2019
s4436,Movie,Naughty Jatts,India,TV-PG,121,"Comedies, International Movies, Music & Musicals",1,October,2018
s4437,Movie,Nazi Concentration Camps,United States,TV-MA,59,"Classic Movies, Documentaries",31,March,2017
s4438,TV Show,Nazi Mega Weapons,United States,TV-PG,3,Docuseries,1,March,2017
s4439,TV Show,NCIS,United States,TV-14,15,"Crime TV Shows, TV Dramas, TV Mysteries",1,July,2018
s4440,Movie,Ne Zha,China,TV-14,110,"Action & Adventure, Comedies, International Movies",25,May,2020
s4441,Movie,Neal Brennan: 3 Mics,United States,TV-MA,66,Stand-Up Comedy,17,January,2017
s4442,Movie,Nee Enge En Anbe,Unknown,TV-14,137,"International Movies, Thrillers",17,September,2020
s4443,Movie,Needhi Singh,India,TV-14,103,"Action & Adventure, Dramas, International Movies",1,October,2018
s4444,Movie,Neevevaro,India,TV-14,132,"Dramas, International Movies, Romantic Movies",15,February,2019
s4445,TV Show,Neo Yokio,United States,TV-MA,2,"TV Comedies, TV Sci-Fi & Fantasy, Teen TV Shows",7,December,2018
s4446,TV Show,Neon Genesis Evangelion,Japan,TV-MA,1,"Anime Series, International TV Shows",21,June,2019
s4447,Movie,Neruda,"Chile, Argentina, France, Spain, United States",R,108,"Dramas, International Movies",26,June,2017
s4448,Movie,Neseli Hayat,Turkey,TV-14,108,"Comedies, International Movies",28,April,2020
s4449,TV Show,Netflix Presents: The Characters,United States,TV-MA,1,TV Comedies,11,March,2016
s4450,TV Show,Never Have I Ever,United States,TV-14,1,"TV Comedies, TV Dramas, Teen TV Shows",27,April,2020
s4451,Movie,Never Heard,United States,TV-PG,89,"Dramas, Faith & Spirituality",15,February,2019
s4452,TV Show,New Girl,United States,TV-14,7,"Romantic TV Shows, TV Comedies",11,April,2019
s4453,Movie,New Money,Nigeria,TV-14,107,"Dramas, International Movies",14,April,2020
s4454,Movie,New York Minute,United States,PG,91,"Children & Family Movies, Comedies",1,January,2020
s4455,Movie,Newness,United States,TV-MA,117,"Dramas, Independent Movies, Romantic Movies",1,February,2018
s4456,Movie,Newtown,United States,NR,84,Documentaries,7,April,2017
s4457,Movie,Next,United States,PG-13,96,"Action & Adventure, Sci-Fi & Fantasy",1,July,2019
s4458,Movie,Next Enti?,India,TV-14,117,"Comedies, Dramas, International Movies",9,January,2019
s4459,Movie,Next Gen,"China, Canada, United States",TV-PG,106,"Children & Family Movies, Comedies, Sci-Fi & Fantasy",7,September,2018
s4460,TV Show,Next in Fashion,United States,TV-14,1,Reality TV,29,January,2020
s4461,Movie,Nibunan,India,TV-14,124,"Action & Adventure, Dramas, International Movies",1,May,2018
s4462,TV Show,Nicky Jam: El Ganador,"Puerto Rico, United States, Colombia",TV-MA,1,"Crime TV Shows, International TV Shows, Spanish-Language TV Shows",21,April,2020
s4463,Movie,Nigerian Prince,"United States, Nigeria",TV-MA,104,"Dramas, Independent Movies",14,August,2020
s4464,Movie,Night Comes On,United States,TV-MA,87,"Dramas, Independent Movies",27,August,2020
s4465,Movie,Night Moves,United States,R,113,"Dramas, Independent Movies, Thrillers",30,June,2019
s4466,Movie,Night of Knots,Turkey,TV-MA,93,"Comedies, International Movies, Romantic Movies",10,September,2020
s4467,TV Show,Night on Earth,United Kingdom,TV-PG,1,"Docuseries, Science & Nature TV",29,January,2020
s4468,Movie,Night on Earth: Shot in the Dark,United Kingdom,TV-PG,59,Movies,1,February,2020
s4469,TV Show,Night Stalker: The Hunt for a Serial Killer,Unknown,TV-MA,1,"Crime TV Shows, Docuseries",13,January,2021
s4470,Movie,Nightcrawler,United States,R,118,"Dramas, Independent Movies, Thrillers",10,August,2020
s4471,TV Show,Nightflyers,United States,TV-MA,1,"TV Horror, TV Mysteries, TV Sci-Fi & Fantasy",2,December,2019
s4472,TV Show,Nightmare High,South Korea,TV-14,1,"International TV Shows, Korean TV Shows, TV Dramas",15,February,2017
s4473,TV Show,"Nightmare Tenants, Slum Landlords",Unknown,TV-MA,2,"British TV Shows, International TV Shows, Reality TV",12,July,2019
s4474,Movie,Nights in Rodanthe,"United States, Australia",PG-13,97,"Dramas, Romantic Movies",1,July,2019
s4475,Movie,Nikki Glaser: Bangin’,United States,TV-MA,64,Stand-Up Comedy,1,October,2019
s4476,Movie,Nila,India,TV-MA,94,"Dramas, International Movies, Romantic Movies",1,March,2017
s4477,Movie,Nimbe,Nigeria,TV-MA,115,"Dramas, International Movies",24,July,2020
s4478,Movie,Ninja Assassin,"Germany, United States, France",R,99,Action & Adventure,1,February,2019
s4479,TV Show,Ninja Hattori,Japan,TV-Y7,1,"Anime Series, Kids' TV",23,December,2018
s4480,TV Show,Ninja Turtles: The Next Mutation,"Canada, United States",TV-G,1,"Kids' TV, TV Comedies",1,January,2016
s4481,Movie,NiNoKuni,Japan,TV-14,107,"Action & Adventure, Anime Features, Children & Family Movies",16,January,2020
s4482,TV Show,"Nisman: The Prosecutor, the President, and the Spy","Spain, Germany, Denmark, United States",TV-MA,1,"Crime TV Shows, Docuseries, International TV Shows",1,January,2020
s4483,Movie,Niyazi Gül Dörtnala,Turkey,TV-14,102,"Comedies, International Movies",10,March,2017
s4484,Movie,Njan Prakashan,India,TV-PG,125,"Comedies, Dramas, International Movies",26,April,2019
s4485,Movie,No Direction Home: Bob Dylan,"United Kingdom, United States, Japan",TV-MA,208,"Documentaries, Music & Musicals",25,April,2020
s4486,Movie,No Entry,India,TV-PG,161,"Comedies, International Movies",1,March,2018
s4487,Movie,No Estoy Loca,Chile,TV-MA,116,"Comedies, Dramas, International Movies",4,May,2018
s4488,TV Show,No Game No Life,Japan,TV-MA,1,"Anime Series, International TV Shows",1,February,2020
s4489,Movie,No Game No Life: Zero,Japan,TV-MA,106,"Action & Adventure, Anime Features, Sci-Fi & Fantasy",6,December,2019
s4490,TV Show,No Good Nick,United States,TV-PG,2,"Kids' TV, TV Comedies, TV Dramas",5,August,2019
s4491,Movie,No Longer kids,Egypt,TV-14,237,"Comedies, Dramas, International Movies",21,May,2020
s4492,Movie,No One Killed Jessica,India,TV-MA,131,"Dramas, International Movies",1,November,2018
s4493,Movie,No One Will Ever Know,Mexico,TV-MA,102,"Dramas, International Movies",5,August,2019
s4494,Movie,No Other Woman,Philippines,TV-MA,103,"Dramas, International Movies, Romantic Movies",4,March,2019
s4495,Movie,No Reservations,United States,PG,104,"Comedies, Romantic Movies",1,October,2019
s4496,TV Show,No Time for Shame,Argentina,TV-MA,1,"International TV Shows, Reality TV, Spanish-Language TV Shows",19,November,2019
s4497,TV Show,No Tomorrow,United States,TV-PG,1,"Romantic TV Shows, TV Comedies, TV Dramas",5,September,2017
s4498,TV Show,Nobel,Norway,R,1,"International TV Shows, TV Dramas, TV Thrillers",10,December,2016
s4499,Movie,Noblemen,India,TV-MA,109,"Dramas, Independent Movies, International Movies",5,October,2019
s4500,Movie,Nobody Knows I'm Here,Chile,TV-MA,92,"Dramas, Independent Movies, International Movies",24,June,2020
s4501,Movie,Nobody Sleeps in the Woods Tonight,Poland,TV-MA,103,"Horror Movies, International Movies",28,October,2020
s4502,Movie,Nobody Speak: Trials of the Free Press,"Netherlands, United States",TV-14,96,Documentaries,23,June,2017
s4503,TV Show,Nobody's Looking,Brazil,TV-MA,1,"International TV Shows, TV Comedies, TV Dramas",22,November,2019
s4504,Movie,Nocturnal Animals,United States,R,117,"Dramas, Thrillers",16,December,2020
s4505,TV Show,Noddy Toyland Detective,"France, United Kingdom, United States",TV-Y,2,Kids' TV,1,October,2017
s4506,TV Show,Norm Macdonald Has a Show,United States,TV-MA,1,"Stand-Up Comedy & Talk Shows, TV Comedies",14,September,2018
s4507,Movie,"Norm Macdonald: Hitler's Dog, Gossip & Trickery",United States,TV-MA,61,Stand-Up Comedy,9,May,2017
s4508,Movie,Norm of the North: Family Vacation,United States,TV-Y7,89,Children & Family Movies,25,May,2020
s4509,Movie,Norm of the North: Keys to the Kingdom,"India, United States",TV-PG,92,Children & Family Movies,21,August,2020
s4510,Movie,Norm of the North: King Sized Adventure,"United States, India, South Korea, China",TV-PG,90,"Children & Family Movies, Comedies",9,September,2019
s4511,Movie,Norman Lear: Just Another Version of You,United States,TV-MA,91,Documentaries,1,November,2016
s4512,TV Show,Norsemen,Norway,TV-MA,3,"International TV Shows, TV Comedies",22,July,2020
s4513,TV Show,North & South,United Kingdom,NR,1,"British TV Shows, Romantic TV Shows, TV Dramas",31,March,2017
s4514,TV Show,Northern Rescue,Canada,TV-14,1,TV Dramas,1,March,2019
s4515,Movie,Not Alone,United States,TV-14,50,Documentaries,1,January,2018
s4516,Movie,Notes for My Son,Argentina,TV-MA,84,"Dramas, International Movies",24,November,2020
s4517,Movie,Notes on Blindness,United Kingdom,TV-PG,87,"Documentaries, Dramas, International Movies",15,March,2017
s4518,Movie,Nothing to Hide,"France, Belgium",TV-MA,94,"Comedies, Dramas, International Movies",16,November,2018
s4519,Movie,Nothing to Lose,Brazil,PG,133,"Dramas, Faith & Spirituality, International Movies",20,July,2018
s4520,Movie,Nothing to Lose 2,Brazil,PG-13,97,"Dramas, Faith & Spirituality, International Movies",7,December,2019
s4521,Movie,NOVA: Bird Brain,United States,TV-G,53,"Children & Family Movies, Documentaries",1,July,2019
s4522,Movie,NOVA: Black Hole Apocalypse,United States,TV-G,113,Documentaries,1,July,2019
s4523,Movie,NOVA: Building Chernobyl's MegaTomb,United States,TV-PG,53,Documentaries,1,July,2019
s4524,Movie,NOVA: Chinese Chariot Revealed,United States,TV-PG,54,Documentaries,1,July,2019
s4525,Movie,NOVA: Day the Dinosaurs Died,United States,TV-PG,53,Documentaries,1,July,2019
s4526,Movie,NOVA: Death Dive to Saturn,United States,TV-G,54,Documentaries,1,July,2019
s4527,Movie,NOVA: Decoding the Weather Machine,United States,TV-14,113,Documentaries,1,July,2019
s4528,Movie,NOVA: Eclipse Over America,United States,TV-G,53,Documentaries,1,July,2019
s4529,Movie,NOVA: Extreme Animal Weapons,United States,TV-PG,53,Documentaries,1,July,2019
s4530,Movie,NOVA: First Face of America,United States,TV-PG,53,Documentaries,1,July,2019
s4531,Movie,NOVA: Holocaust Escape Tunnel,United States,TV-14,54,Documentaries,1,July,2019
s4532,Movie,NOVA: Killer Floods,United States,TV-PG,54,Documentaries,1,July,2019
s4533,Movie,NOVA: Killer Hurricanes,United States,TV-PG,52,Documentaries,1,July,2019
s4534,Movie,NOVA: Killer Volcanoes,United States,TV-PG,54,Documentaries,1,July,2019
s4535,Movie,NOVA: Poisoned Water,United States,TV-PG,54,Documentaries,1,July,2019
s4536,Movie,NOVA: Prediction by the Numbers,United States,TV-G,53,Documentaries,1,July,2019
s4537,Movie,NOVA: Secrets of the Shining Knight,United States,TV-PG,53,Documentaries,1,July,2019
s4538,Movie,NOVA: Thai Cave Rescue,United States,TV-PG,53,Documentaries,1,July,2019
s4539,Movie,NOVA: The Impossible Flight,United States,TV-PG,113,Documentaries,1,July,2019
s4540,Movie,Nova: Ultimate Mars Challenge,United States,TV-G,53,Movies,1,July,2019
s4541,TV Show,November 13: Attack on Paris,France,TV-MA,1,"Crime TV Shows, Docuseries, International TV Shows",1,June,2018
s4542,Movie,November Criminals,United States,PG-13,86,"Dramas, Thrillers",3,July,2020
s4543,Movie,Now and Then,United States,PG-13,102,Dramas,2,August,2019
s4544,Movie,Now More Than Ever: The History of Chicago,United States,TV-MA,114,"Documentaries, Music & Musicals",1,January,2018
s4545,Movie,Nowhere Boy,"United Kingdom, Canada",R,99,Dramas,14,April,2018
s4546,TV Show,Nowhere Man,Taiwan,TV-MA,1,"Crime TV Shows, International TV Shows, TV Action & Adventure",31,October,2019
s4547,TV Show,NSU German History X,Germany,TV-MA,1,"Crime TV Shows, International TV Shows, TV Dramas",7,July,2016
s4548,TV Show,Nuestra Lucha Libre,Unknown,TV-MA,1,"Docuseries, International TV Shows, Spanish-Language TV Shows",15,August,2018
s4549,TV Show,Numberblocks,United Kingdom,TV-Y,5,Kids' TV,25,May,2020
s4550,Movie,Numbered,Israel,TV-PG,55,"Documentaries, International Movies",31,December,2017
s4551,Movie,Numero Zero. The Roots of Italian Rap,Italy,TV-MA,91,"Documentaries, International Movies, Music & Musicals",15,April,2018
s4552,TV Show,Nura: Rise of the Yokai Clan: Demon Capital,Japan,TV-MA,1,"Anime Series, Crime TV Shows",1,December,2016
s4553,TV Show,Nurse Jackie,United States,TV-MA,7,"TV Comedies, TV Dramas",31,December,2015
s4554,TV Show,Nurses Who Kill,United Kingdom,TV-14,1,"British TV Shows, Crime TV Shows, Docuseries",1,August,2017
s4555,Movie,Nymphomaniac: Volume 1,"Denmark, Germany, Belgium, United Kingdom, France",NR,117,"Dramas, Independent Movies, International Movies",1,January,2018
s4556,Movie,Nymphomaniac: Volume II,"Denmark, Germany, Belgium, United Kingdom, France, Sweden",TV-MA,124,"Dramas, Independent Movies, International Movies",25,August,2018
s4557,Movie,O Silêncio do Céu,Brazil,TV-MA,102,"Dramas, International Movies",25,January,2017
s4558,TV Show,"O-Negative, Love Can’t Be Designed",Unknown,TV-MA,1,"International TV Shows, Romantic TV Shows, TV Dramas",13,April,2018
s4559,Movie,Oasis: Supersonic,United Kingdom,R,122,"Documentaries, International Movies, Music & Musicals",28,December,2018
s4560,Movie,Obvious Child,United States,R,84,"Comedies, Dramas, Independent Movies",19,July,2018
s4561,Movie,Océans,"France, Switzerland, Spain, United States, United Arab Emirates",G,84,"Documentaries, International Movies",19,September,2019
s4562,Movie,Occupation,Australia,R,120,"Action & Adventure, Sci-Fi & Fantasy",3,January,2019
s4563,TV Show,Occupied,"Norway, Sweden",TV-MA,3,"International TV Shows, TV Dramas, TV Thrillers",31,December,2019
s4564,Movie,Ocean's Eleven,United States,TV-PG,127,"Action & Adventure, Classic Movies, Comedies",1,November,2019
s4565,Movie,Ocean's Thirteen,United States,PG-13,122,"Action & Adventure, Comedies",1,October,2019
s4566,Movie,Ocean's Twelve,United States,PG-13,125,"Action & Adventure, Comedies",1,October,2019
s4567,TV Show,OCTB,Hong Kong,TV-14,1,"Crime TV Shows, International TV Shows, TV Dramas",5,February,2018
s4568,TV Show,October Faction,United States,TV-MA,1,"TV Action & Adventure, TV Dramas, TV Horror",23,January,2020
s4569,TV Show,Octonauts,"United States, Ireland, United Kingdom, India",TV-Y,4,"British TV Shows, Kids' TV",1,December,2020
s4570,Movie,Octonauts & the Caves of Sac Actun,United Kingdom,TV-Y,72,Children & Family Movies,14,August,2020
s4571,Movie,Octonauts & the Great Barrier Reef,United Kingdom,TV-Y,47,Children & Family Movies,13,October,2020
s4572,TV Show,Oddbods,"United Kingdom, Singapore",TV-Y,1,"Kids' TV, TV Comedies",1,December,2020
s4573,Movie,Oddbods: Party Monsters,Unknown,TV-Y,23,Movies,19,October,2018
s4574,Movie,Oddbods: The Festive Menace,Unknown,TV-Y,23,Movies,1,December,2018
s4575,Movie,Odu Raja Odu,India,TV-14,121,"Comedies, International Movies",15,November,2018
s4576,TV Show,Off Camera,United States,TV-MA,3,Stand-Up Comedy & Talk Shows,1,June,2017
s4577,Movie,Off Course,Spain,TV-MA,107,"Comedies, International Movies",1,September,2016
s4578,Movie,Offering to the Storm,"Spain, Germany",TV-MA,140,"International Movies, Thrillers",24,July,2020
s4579,TV Show,Office Girls,Taiwan,TV-14,1,"International TV Shows, Romantic TV Shows, TV Comedies",1,August,2016
s4580,Movie,Officer Downe,United States,R,91,Action & Adventure,30,March,2017
s4581,Movie,Offline - Das leben ist kein bonuslevel,Germany,TV-MA,89,"Action & Adventure, Comedies, International Movies",1,September,2017
s4582,TV Show,Offspring,Australia,TV-MA,7,"TV Comedies, TV Dramas",13,September,2017
s4583,TV Show,Oggy and the Cockroaches,France,TV-Y7,1,"Kids' TV, TV Comedies",1,December,2017
s4584,Movie,Oh Darling Yeh Hai India,India,TV-14,154,"Action & Adventure, Comedies, International Movies",1,June,2017
s4585,TV Show,Oh My Ghost,South Korea,TV-MA,1,"International TV Shows, Korean TV Shows, Romantic TV Shows",8,August,2019
s4586,Movie,Oh My Ghost 2,Thailand,TV-MA,103,"Comedies, Horror Movies, International Movies",25,July,2018
s4587,Movie,Oh My Ghost 3,Thailand,TV-MA,103,"Comedies, Horror Movies, International Movies",16,August,2018
s4588,Movie,Oh My Ghost 4,Unknown,TV-MA,106,"Comedies, Horror Movies, International Movies",25,July,2018
s4589,Movie,Oh My God,India,TV-PG,129,"Comedies, Dramas, International Movies",5,July,2020
s4590,TV Show,Oh No! It's an Alien Invasion,Canada,TV-Y7-FV,2,"Kids' TV, TV Action & Adventure, TV Sci-Fi & Fantasy",31,May,2015
s4591,TV Show,Oh Yuck,Canada,TV-G,1,"Kids' TV, TV Comedies",1,May,2020
s4592,Movie,"Oh, Hello On Broadway",United States,TV-MA,102,Stand-Up Comedy,13,June,2017
s4593,Movie,"Oh, Ramona!",Romania,TV-MA,109,"Comedies, International Movies",1,June,2019
s4594,Movie,Oh! Baby,India,TV-14,157,"Comedies, International Movies, Music & Musicals",14,September,2019
s4595,Movie,Oh! Baby (Malayalam),Unknown,TV-14,146,"Comedies, International Movies, Music & Musicals",25,September,2019
s4596,Movie,Oh! Baby (Tamil),Unknown,TV-14,146,"Comedies, International Movies, Music & Musicals",25,September,2019
s4597,TV Show,Ojos in d' House,Nigeria,TV-G,1,"International TV Shows, TV Comedies",22,August,2020
s4598,Movie,Okafor's Law,Nigeria,TV-14,110,"Comedies, International Movies, Romantic Movies",13,December,2019
s4599,Movie,Okja,"South Korea, United States",TV-MA,121,"Action & Adventure, Comedies, Dramas",28,June,2017
s4600,Movie,Okko's Inn,Japan,PG,96,"Anime Features, Children & Family Movies",12,June,2020
s4601,Movie,Oklahoma City,United States,TV-14,102,Documentaries,19,April,2017
s4602,TV Show,Oktoberfest: Beer & Blood,"Germany, Czech Republic",TV-MA,1,"International TV Shows, TV Dramas",1,October,2020
s4603,Movie,Old Lord Savanna,Brazil,TV-14,96,"Documentaries, International Movies",18,January,2019
s4604,TV Show,Old Money,United States,TV-MA,1,"International TV Shows, TV Comedies, TV Dramas",1,October,2016
s4605,TV Show,Oliver Stone's Untold History of the United States,United States,TV-PG,1,Docuseries,15,November,2016
s4606,TV Show,Ollie & Moon,France,TV-Y,1,Kids' TV,28,March,2018
s4607,Movie,Olmo & the Seagull,"Denmark, Brazil, France, Portugal, Sweden",TV-MA,82,"Dramas, Independent Movies, International Movies",1,September,2019
s4608,Movie,Olympus Has Fallen,United States,R,119,Action & Adventure,2,May,2019
s4609,Movie,Om Shanti Om,India,TV-14,169,"Comedies, Dramas, International Movies",1,April,2018
s4610,Movie,Omar & Salma 2,Egypt,TV-14,101,"Comedies, International Movies",19,May,2020
s4611,Movie,Omar and Salma 3,Egypt,TV-MA,97,"Comedies, International Movies, Romantic Movies",25,April,2019
s4612,TV Show,Omniscient,Brazil,TV-MA,1,"International TV Shows, TV Dramas, TV Sci-Fi & Fantasy",29,January,2020
s4613,Movie,On Body and Soul,Hungary,TV-MA,116,"Dramas, International Movies, Romantic Movies",2,February,2018
s4614,TV Show,On Children,Taiwan,TV-14,1,"International TV Shows, TV Dramas, TV Mysteries",5,August,2018
s4615,TV Show,On My Block,United States,TV-14,3,"Romantic TV Shows, TV Comedies, TV Dramas",11,March,2020
s4616,Movie,On My Skin,Italy,TV-MA,100,"Dramas, International Movies",12,September,2018
s4617,TV Show,On the Real,Nigeria,TV-MA,1,"International TV Shows, TV Dramas",16,February,2020
s4618,Movie,On the Wrong Track,Hong Kong,TV-14,89,"Action & Adventure, International Movies",2,August,2018
s4619,Movie,On Yoga The Architecture of Peace,"Brazil, India, China, United States",TV-14,92,"Documentaries, Faith & Spirituality",10,January,2018
s4620,Movie,Onaatah,India,TV-14,107,"Dramas, International Movies",1,May,2018
s4621,Movie,Once a Gangster,Hong Kong,TV-MA,95,"Action & Adventure, Comedies, International Movies",1,December,2018
s4622,Movie,Once Again,"India, Germany, Austria",TV-PG,101,"Dramas, Independent Movies, International Movies",1,September,2018
s4623,Movie,Once in a Lifetime Sessions with George Ezra,United States,TV-MA,78,"Documentaries, Music & Musicals",15,December,2018
s4624,Movie,Once in a Lifetime Sessions with Kasabian,United States,TV-MA,79,"Documentaries, Music & Musicals",15,December,2018
s4625,Movie,Once In A Lifetime Sessions with Moby,United States,TV-14,86,"Documentaries, Music & Musicals",1,August,2018
s4626,Movie,Once In A Lifetime Sessions with Nile Rodgers,United States,TV-PG,70,"Documentaries, Music & Musicals",1,August,2018
s4627,Movie,Once In A Lifetime Sessions with Noel Gallagher,United States,TV-MA,66,"Documentaries, Music & Musicals",1,August,2018
s4628,Movie,Once in a Lifetime Sessions with OneRepublic,United States,TV-PG,73,"Documentaries, Music & Musicals",15,December,2018
s4629,Movie,Once in a Lifetime Sessions with Snow Patrol,United States,TV-MA,83,"Documentaries, Music & Musicals",15,December,2018
s4630,Movie,Once In A Lifetime Sessions with TLC,United States,TV-PG,72,"Documentaries, Music & Musicals",1,August,2018
s4631,TV Show,Once Upon a Time,Egypt,TV-14,1,"International TV Shows, Romantic TV Shows, TV Dramas",9,December,2020
s4632,TV Show,Once Upon A Time In Lingjian Mountain,China,TV-14,1,"International TV Shows, TV Comedies, TV Sci-Fi & Fantasy",23,November,2019
s4633,Movie,Once Upon a Time in London,United Kingdom,TV-MA,111,"Dramas, International Movies",15,April,2020
s4634,Movie,Once Upon a Time in Mumbaai,India,NR,133,"Dramas, International Movies, Music & Musicals",15,May,2019
s4635,Movie,Once Upon a Time in Mumbai Dobaara!,India,TV-14,142,"Dramas, International Movies, Music & Musicals",16,May,2019
s4636,Movie,Once Upon a Time in the West,"Italy, United States",PG-13,166,"Action & Adventure, Classic Movies, International Movies",20,November,2019
s4637,Movie,One 2 Ka 4,India,TV-14,160,"Action & Adventure, Comedies, Dramas",15,March,2017
s4638,Movie,One by Two,India,TV-14,135,"Comedies, Dramas, International Movies",5,July,2020
s4639,Movie,One Day,Thailand,TV-PG,135,"Dramas, International Movies, Romantic Movies",5,September,2018
s4640,TV Show,One Day at a Time,United States,TV-PG,3,TV Comedies,8,February,2019
s4641,Movie,One Day We'll Talk About Today,Indonesia,TV-G,128,"Dramas, International Movies",23,May,2020
s4642,Movie,One Day: Justice Delivered,India,TV-14,120,"Dramas, International Movies",3,May,2020
s4643,Movie,One Direction: This Is Us,United States,PG,92,"Documentaries, Music & Musicals",1,October,2019
s4644,Movie,One Heart: The A.R. Rahman Concert Film,India,TV-G,87,"Documentaries, International Movies, Music & Musicals",1,November,2017
s4645,Movie,One in a Billion,United States,TV-14,70,"Documentaries, Sports Movies",6,December,2016
s4646,Movie,One Last Shot,Canada,TV-MA,31,Comedies,24,August,2018
s4647,Movie,One Last Thing,United States,TV-MA,92,Dramas,25,August,2019
s4648,Movie,One More Shot,United States,TV-MA,89,Documentaries,15,January,2018
s4649,TV Show,One More Time,South Korea,TV-14,1,"International TV Shows, Korean TV Shows, Romantic TV Shows",10,March,2017
s4650,Movie,One More Try,Philippines,TV-14,102,"Dramas, International Movies, Romantic Movies",5,November,2020
s4651,Movie,One Night Stand,India,TV-MA,93,"Dramas, International Movies, Music & Musicals",15,October,2017
s4652,Movie,One of Us,United States,TV-14,95,Documentaries,20,October,2017
s4653,TV Show,One on One,United States,TV-14,5,"TV Comedies, Teen TV Shows",15,October,2020
s4654,TV Show,ONE PIECE,Japan,TV-14,4,Anime Series,12,June,2020
s4655,TV Show,One Spring Night,South Korea,TV-14,1,"International TV Shows, Korean TV Shows, Romantic TV Shows",12,July,2019
s4656,TV Show,One Strange Rock,United States,TV-PG,1,"Docuseries, Science & Nature TV",2,February,2019
s4657,Movie,One Take,Thailand,TV-G,86,"Documentaries, International Movies, Music & Musicals",18,June,2020
s4658,TV Show,One-Punch Man,Japan,TV-14,1,"Anime Series, Crime TV Shows, International TV Shows",20,March,2017
s4659,Movie,One-Way to Tomorrow,Turkey,TV-MA,90,"Dramas, International Movies, Romantic Movies",19,June,2020
s4660,Movie,Only,United States,TV-MA,97,"Dramas, Independent Movies, Romantic Movies",5,July,2020
s4661,Movie,Only God Forgives,"Denmark, France, United States, Sweden",R,90,"Cult Movies, Independent Movies, Thrillers",15,May,2018
s4662,Movie,Only Mine,United States,TV-14,88,Thrillers,15,January,2019
s4663,Movie,Only the Dead,"Australia, Iraq",TV-MA,76,"Documentaries, International Movies",15,November,2018
s4664,Movie,Open Season,United States,PG,86,"Children & Family Movies, Comedies",1,September,2019
s4665,Movie,Opening Night,United States,TV-MA,84,"Comedies, Independent Movies, Music & Musicals",1,August,2017
s4666,Movie,Operações Especiais,Brazil,TV-MA,99,"Action & Adventure, International Movies",25,February,2017
s4667,Movie,Operation Christmas Drop,United States,TV-G,96,"Children & Family Movies, Comedies, Romantic Movies",5,November,2020
s4668,Movie,Operation Chromite,South Korea,NR,111,"Action & Adventure, Dramas, International Movies",15,January,2018
s4669,TV Show,Operation Gold Rush,United Kingdom,TV-14,1,"British TV Shows, Reality TV",1,February,2019
s4670,Movie,Operation Mekong,"China, Hong Kong",TV-MA,124,"Action & Adventure, International Movies",5,August,2017
s4671,Movie,Operation Odessa,Unknown,TV-MA,93,Documentaries,1,April,2020
s4672,TV Show,Operation Ouch!,United Kingdom,TV-PG,1,"British TV Shows, Kids' TV, TV Comedies",1,August,2020
s4673,TV Show,Operation Proposal,South Korea,TV-PG,1,"International TV Shows, Korean TV Shows, Romantic TV Shows",1,July,2016
s4674,Movie,Operation Red Sea,"China, Morocco, Hong Kong",TV-MA,139,"Action & Adventure, International Movies",27,November,2018
s4675,Movie,Operator,United States,TV-MA,91,"Comedies, Dramas, Independent Movies",16,February,2017
s4676,Movie,Opium and the Kung Fu Master,Hong Kong,TV-MA,86,"Action & Adventure, International Movies",16,August,2018
s4677,Movie,Oprah Presents When They See Us Now,United States,TV-PG,61,Documentaries,13,June,2019
s4678,TV Show,Orange Is the New Black,United States,TV-MA,7,"TV Comedies, TV Dramas",26,July,2019
s4679,Movie,Orbiter 9,"Spain, Colombia",TV-14,95,"Dramas, International Movies, Sci-Fi & Fantasy",6,April,2018
s4680,TV Show,Ordinary Heroes,Unknown,TV-MA,1,"Crime TV Shows, International TV Shows, TV Dramas",11,October,2018
s4681,Movie,Ordinary People,Philippines,TV-MA,107,"Dramas, Independent Movies, International Movies",26,June,2020
s4682,Movie,Ordinary World,United States,TV-14,87,"Comedies, Dramas",1,March,2020
s4683,Movie,Organize Isler,Turkey,TV-14,104,"Action & Adventure, Comedies, International Movies",28,April,2020
s4684,TV Show,Origins Collection,United States,TV-PG,3,Docuseries,20,July,2018
s4685,Movie,Oru Vishsheshapetta Biryani Kissa,India,TV-14,122,"Comedies, Dramas, International Movies",1,August,2018
s4686,TV Show,Oscar's Oasis,France,TV-Y,1,Kids' TV,15,March,2015
s4687,TV Show,Osmosis,France,TV-MA,1,"International TV Shows, TV Dramas, TV Mysteries",29,March,2019
s4688,Movie,Other People,United States,TV-MA,97,"Comedies, Dramas, Independent Movies",8,December,2016
s4689,Movie,Otherhood,"United Kingdom, United States",R,101,Comedies,2,August,2019
s4690,Movie,OtherLife,"Australia, United Arab Emirates",TV-MA,96,"Dramas, Independent Movies, International Movies",15,October,2017
s4691,Movie,Oththa Seruppu Size 7,India,TV-MA,103,"Dramas, International Movies, Thrillers",4,November,2019
s4692,Movie,Ottaal,India,TV-PG,88,"Dramas, International Movies",15,March,2017
s4693,Movie,Our Godfather,United Kingdom,TV-MA,93,"Documentaries, International Movies",10,September,2019
s4694,Movie,Our House,"Canada, United States, Germany",PG-13,90,"Horror Movies, Thrillers",1,June,2020
s4695,Movie,Our Idiot Brother,United States,R,90,"Comedies, Dramas, Independent Movies",26,February,2019
s4696,Movie,Our Lovers,Spain,TV-MA,92,"Comedies, Dramas, International Movies",14,April,2017
s4697,TV Show,Our Planet,"United States, United Kingdom",TV-PG,1,"Docuseries, Science & Nature TV",5,April,2019
s4698,Movie,Our Planet - Behind The Scenes,United Kingdom,TV-G,63,Documentaries,20,August,2019
s4699,Movie,Our Shining Days,China,TV-PG,103,"Comedies, Dramas, International Movies",1,July,2018
s4700,Movie,Our Souls at Night,United States,TV-14,103,"Dramas, Romantic Movies",29,September,2017
s4701,TV Show,Ouran High School Host Club,Japan,TV-PG,1,"Anime Series, Romantic TV Shows, Teen TV Shows",1,April,2017
s4702,Movie,Out of Life,"France, Belgium, Italy",TV-MA,94,"Classic Movies, Dramas, International Movies",19,October,2020
s4703,Movie,"Out of Many, One",United States,TV-PG,35,Documentaries,12,December,2018
s4704,Movie,Out of Thin Air,Unknown,TV-MA,85,"Documentaries, International Movies",29,September,2017
s4705,TV Show,Outback Truckers,Australia,TV-MA,3,Reality TV,17,March,2017
s4706,TV Show,Outer Banks,United States,TV-MA,1,"TV Action & Adventure, TV Dramas, Teen TV Shows",15,April,2020
s4707,TV Show,Outlander,United States,TV-MA,3,"Romantic TV Shows, TV Action & Adventure, TV Dramas",10,December,2019
s4708,Movie,Outlaw King,"United Kingdom, United States",R,122,"Action & Adventure, Dramas",9,November,2018
s4709,Movie,Outlawed,United Kingdom,TV-MA,102,Action & Adventure,15,February,2019
s4710,Movie,Outside In,United States,TV-MA,110,"Dramas, Independent Movies",1,June,2018
s4711,Movie,Outside the Wire,Unknown,R,116,Action & Adventure,15,January,2021
s4712,TV Show,Over Christmas,Germany,TV-MA,1,"International TV Shows, Romantic TV Shows, TV Comedies",27,November,2020
s4713,Movie,Over the Moon,"China, United States",PG,100,"Children & Family Movies, Music & Musicals",23,October,2020
s4714,Movie,Overnight Republic,Turkey,TV-MA,105,"Comedies, International Movies",4,June,2020
s4715,Movie,Oversize Cops,Thailand,TV-MA,100,"Action & Adventure, Comedies, International Movies",23,March,2019
s4716,Movie,Oye Lucky! Lucky Oye!,India,TV-14,118,"Comedies, Dramas, International Movies",1,November,2018
s4717,TV Show,Ozark,United States,TV-MA,3,"Crime TV Shows, TV Dramas, TV Thrillers",27,March,2020
s4718,Movie,P,"United Kingdom, Thailand",TV-MA,105,"Horror Movies, International Movies",31,May,2019
s4719,Movie,P Se PM Tak,India,TV-14,117,"Comedies, Independent Movies, International Movies",1,August,2018
s4720,TV Show,P. King Duckling,United States,TV-Y,1,"Kids' TV, TV Comedies",7,November,2017
s4721,Movie,P.S. I Love You,United States,PG-13,126,"Dramas, Romantic Movies",1,April,2019
s4722,Movie,Paan Singh Tomar,India,TV-14,129,"Action & Adventure, Dramas, International Movies",1,November,2018
s4723,TV Show,Paap-O-Meter,Unknown,TV-Y7,1,"Kids' TV, TV Comedies",20,November,2018
s4724,Movie,Paathi,India,TV-14,89,"Dramas, International Movies",1,July,2018
s4725,TV Show,Paava Kadhaigal,India,TV-MA,1,"International TV Shows, TV Dramas",18,December,2020
s4726,TV Show,Pablo,United Kingdom,TV-Y,1,"British TV Shows, Kids' TV",30,March,2019
s4727,TV Show,"Pablo Escobar, el patrón del mal",Colombia,TV-MA,1,"Crime TV Shows, International TV Shows, Spanish-Language TV Shows",1,June,2017
s4728,Movie,Pablo Escobar: Angel or Demon?,"Venezuela, Colombia",NR,82,"Documentaries, International Movies",23,March,2018
s4729,TV Show,Pac-Man and the Ghostly Adventures,"United States, Japan, Canada",TV-Y7,2,"Kids' TV, TV Comedies",20,June,2017
s4730,Movie,Pac's Scary Halloween,Unknown,TV-Y7,44,Movies,1,October,2016
s4731,Movie,Pachamama,"France, Luxembourg, Canada",PG,71,Children & Family Movies,7,June,2019
s4732,TV Show,Pacific Heat,Australia,TV-14,1,"Crime TV Shows, TV Comedies",2,December,2016
s4733,Movie,Pacificum: Return to the Ocean,Peru,TV-G,74,"Documentaries, International Movies",15,June,2018
s4734,Movie,Pad Man,India,PG-13,130,"Dramas, International Movies, Romantic Movies",21,August,2018
s4735,TV Show,Padamu Aku Bersujud,Unknown,TV-14,1,"International TV Shows, Romantic TV Shows, TV Dramas",1,December,2017
s4736,Movie,Paddleton,United States,TV-MA,89,"Comedies, Dramas, Independent Movies",22,February,2019
s4737,Movie,Pagpag: Nine Lives,Philippines,TV-14,106,"Horror Movies, International Movies",29,October,2020
s4738,Movie,Paharganj,India,TV-MA,107,"Dramas, Independent Movies, International Movies",31,March,2020
s4739,Movie,Paheli,India,TV-PG,134,"Dramas, International Movies, Romantic Movies",1,April,2018
s4740,Movie,Pahuna,"India, Nepal",TV-PG,82,"Comedies, Dramas, International Movies",7,January,2019
s4741,Movie,Pahuyut Fighting Beat,Thailand,TV-MA,82,"Action & Adventure, International Movies",26,July,2018
s4742,Movie,Paid in Full,United States,R,98,"Action & Adventure, Dramas",1,November,2019
s4743,Movie,Paint It Black,United States,R,96,Dramas,1,February,2018
s4744,Movie,Painted Faces,Hong Kong,TV-PG,108,"Dramas, International Movies",16,August,2018
s4745,TV Show,Pajanimals,United States,TV-Y,1,Kids' TV,31,March,2020
s4746,TV Show,Palazuelos mi rey,Unknown,TV-14,1,"International TV Shows, Reality TV, Spanish-Language TV Shows",13,February,2020
s4747,Movie,Palermo Hollywood,Argentina,TV-MA,106,"Dramas, International Movies",8,October,2020
s4748,Movie,Palio,United Kingdom,TV-14,91,"Documentaries, International Movies, Sports Movies",30,June,2016
s4749,Movie,Palm Trees in the Snow,Spain,TV-MA,163,"Dramas, International Movies, Romantic Movies",1,May,2016
s4750,Movie,Pan's Labyrinth,"Mexico, Spain",R,119,"Dramas, International Movies, Sci-Fi & Fantasy",1,January,2020
s4751,TV Show,Pandemic: How to Prevent an Outbreak,United States,TV-14,1,"Docuseries, Science & Nature TV",22,January,2020
s4752,Movie,Pandigai,India,TV-MA,125,"Action & Adventure, Dramas, International Movies",15,January,2019
s4753,Movie,Pandora,South Korea,TV-MA,137,"Dramas, International Movies, Thrillers",17,March,2017
s4754,Movie,Panic Room,United States,R,112,Thrillers,1,August,2019
s4755,Movie,Panipat - The Great Betrayal,India,TV-14,171,"Dramas, International Movies, Romantic Movies",14,February,2020
s4756,Movie,Panoptic,Lebanon,TV-MA,69,"Documentaries, International Movies",19,October,2020
s4757,Movie,Pants on Fire,Canada,TV-G,87,"Children & Family Movies, Comedies",1,March,2019
s4758,Movie,Papa the Great,India,TV-PG,137,"Comedies, Dramas, International Movies",8,December,2017
s4759,Movie,Paper Year,Canada,TV-MA,89,"Dramas, Independent Movies, Romantic Movies",20,April,2019
s4760,TV Show,Paprika,Unknown,TV-Y,1,Kids' TV,31,January,2019
s4761,TV Show,Paquita Salas,Spain,TV-MA,3,"International TV Shows, Spanish-Language TV Shows, TV Comedies",28,June,2019
s4762,Movie,Paradise Beach,France,TV-MA,94,"Action & Adventure, Dramas, International Movies",8,November,2019
s4763,Movie,Paradise Lost,Brazil,TV-MA,111,"Dramas, Independent Movies, International Movies",29,September,2018
s4764,TV Show,Paradise PD,United States,TV-MA,2,TV Comedies,6,March,2020
s4765,Movie,Paradox,United States,TV-MA,74,"Dramas, Independent Movies",23,March,2018
s4766,TV Show,Paranoid,United Kingdom,TV-MA,1,"British TV Shows, Crime TV Shows, International TV Shows",17,November,2016
s4767,TV Show,Paranormal,Egypt,TV-14,1,"International TV Shows, TV Dramas, TV Horror",5,November,2020
s4768,Movie,Paranormal Activity,United States,R,86,"Horror Movies, Thrillers",1,January,2020
s4769,Movie,Paranormal Investigation,"United States, France",TV-14,93,"Horror Movies, International Movies, Thrillers",1,March,2019
s4770,TV Show,Paranormal Survivor,Canada,TV-14,2,Docuseries,4,August,2017
s4771,Movie,ParaNorman,United States,PG,93,"Children & Family Movies, Comedies",18,October,2020
s4772,TV Show,Parasyte: The Maxim,Japan,TV-MA,1,"Anime Series, International TV Shows, TV Horror",15,May,2020
s4773,Movie,Parchís: the Documentary,Spain,TV-14,106,"Documentaries, International Movies, Music & Musicals",11,July,2019
s4774,Movie,Pardes,India,TV-14,187,"Dramas, International Movies, Romantic Movies",1,March,2018
s4775,Movie,Pareeth Pandaari,India,TV-PG,109,"Dramas, Independent Movies, International Movies",1,July,2018
s4776,Movie,Pari,Pakistan,TV-14,116,"Horror Movies, International Movies",15,January,2019
s4777,Movie,Paris Is Burning,United States,R,77,"Classic Movies, Cult Movies, Documentaries",1,February,2017
s4778,Movie,Paris Is Us,France,TV-MA,84,"Dramas, Independent Movies, International Movies",22,February,2019
s4779,Movie,Park Na-rae: Glamour Warning,South Korea,TV-MA,63,Stand-Up Comedy,16,October,2019
s4780,TV Show,Parks and Recreation,United States,TV-14,7,TV Comedies,13,January,2016
s4781,Movie,Parmanu: The Story of Pokhran,India,TV-PG,124,"Dramas, International Movies",25,July,2018
s4782,Movie,Parrot Sketch Not Included: Twenty Years of Monty Python,United Kingdom,TV-14,72,Comedies,2,October,2018
s4783,TV Show,Part-Time Idol,Unknown,TV-14,1,"International TV Shows, Korean TV Shows, TV Comedies",25,December,2017
s4784,Movie,Party Monster: Scratching the Surface,United States,TV-14,33,Comedies,17,August,2018
s4785,TV Show,Pasión de Gavilanes,"Colombia, United States",TV-14,1,"International TV Shows, Romantic TV Shows, Spanish-Language TV Shows",4,May,2017
s4786,Movie,Paskal,Malaysia,TV-14,115,"Action & Adventure, Dramas, International Movies",15,March,2019
s4787,Movie,Passenger 57,United States,R,84,Action & Adventure,1,January,2021
s4788,TV Show,Passion. Panache. Pep,Unknown,TV-G,1,"International TV Shows, Reality TV",21,February,2020
s4789,TV Show,Pat a Pat Como,Unknown,TV-Y,1,Kids' TV,3,October,2020
s4790,Movie,Patiala House,India,TV-PG,140,"Dramas, International Movies, Sports Movies",22,October,2017
s4791,Movie,Patient Seventeen,United States,TV-14,68,Documentaries,29,January,2018
s4792,Movie,Patria,Mexico,TV-MA,90,"Documentaries, International Movies",18,January,2019
s4793,Movie,PATRICK (2019),United Kingdom,TV-PG,94,Comedies,16,May,2019
s4794,TV Show,Patriot Act with Hasan Minhaj,United States,TV-MA,6,"Stand-Up Comedy & Talk Shows, TV Comedies",17,May,2020
s4795,Movie,Patriot Games,United States,R,117,Action & Adventure,1,January,2020
s4796,Movie,Patron Mutlu Son Istiyor,Turkey,TV-MA,105,"Comedies, International Movies, Romantic Movies",10,March,2017
s4797,Movie,Patton Oswalt: Annihilation,United States,TV-MA,66,Stand-Up Comedy,17,October,2017
s4798,TV Show,Patton Oswalt: I Love Everything,United States,TV-MA,1,"Stand-Up Comedy & Talk Shows, TV Comedies",19,May,2020
s4799,Movie,Patton Oswalt: Talking for Clapping,United States,TV-MA,66,Stand-Up Comedy,22,April,2016
s4800,Movie,Paul Blart: Mall Cop,United States,PG,91,"Action & Adventure, Comedies",1,November,2020
s4801,TV Show,Paul Hollywood's Big Continental Road Trip,United Kingdom,TV-14,1,"British TV Shows, Docuseries, International TV Shows",29,September,2017
s4802,Movie,Paulettante Veedu,India,TV-14,104,"Dramas, International Movies",1,July,2018
s4803,TV Show,Pawn Stars,United States,TV-14,1,Reality TV,15,September,2019
s4804,Movie,Payday,Nigeria,TV-MA,110,"Comedies, Independent Movies, International Movies",29,November,2019
s4805,Movie,Paying Guests,India,TV-14,114,"Comedies, International Movies",1,July,2018
s4806,Movie,Peace Haven,"India, United States",TV-14,73,"Comedies, Dramas, Independent Movies",1,October,2018
s4807,TV Show,Peaky Blinders,United Kingdom,TV-MA,5,"British TV Shows, Crime TV Shows, International TV Shows",4,October,2019
s4808,TV Show,Peasants Rebellion,Lebanon,TV-14,1,"International TV Shows, TV Dramas",1,April,2019
s4809,Movie,Pedal the World,Germany,TV-MA,85,"Documentaries, International Movies, Sports Movies",1,June,2018
s4810,Movie,Pee Mak,Thailand,TV-MA,112,"Comedies, Horror Movies, International Movies",1,September,2018
s4811,Movie,Pee-wee's Big Holiday,United States,TV-PG,90,"Children & Family Movies, Comedies, Cult Movies",18,March,2016
s4812,TV Show,Pee-wee's Playhouse,United States,TV-PG,5,"Classic & Cult TV, Kids' TV, TV Comedies",18,December,2014
s4813,Movie,Pee-wee's Playhouse: Christmas Special,United States,TV-PG,48,Movies,18,December,2014
s4814,Movie,Peepli Live,India,TV-MA,109,"Comedies, Dramas, Independent Movies",10,January,2021
s4815,Movie,Pegasus,China,TV-MA,98,"Comedies, Dramas, International Movies",31,May,2019
s4816,Movie,Pek Yakında,Turkey,TV-MA,134,"Comedies, International Movies",1,July,2020
s4817,Movie,Pekak,Malaysia,TV-MA,95,"Dramas, International Movies",25,August,2017
s4818,Movie,Penalty,India,TV-14,125,"Dramas, Independent Movies, International Movies",5,July,2020
s4819,Movie,Penalty Kick,"Colombia, Mexico",TV-14,89,"Comedies, Dramas, International Movies",29,June,2018
s4820,Movie,Penelope,"United Kingdom, United States",PG,89,"Children & Family Movies, Comedies, Romantic Movies",1,April,2019
s4821,Movie,Penguins of Madagascar: The Movie,Unknown,PG,92,"Children & Family Movies, Comedies",15,January,2021
s4822,TV Show,Penny Dreadful,"Ireland, United Kingdom, United States",TV-MA,3,"TV Dramas, TV Horror, TV Mysteries",17,September,2016
s4823,TV Show,People Just Do Nothing,United Kingdom,TV-MA,5,"British TV Shows, TV Comedies",22,December,2018
s4824,Movie,People You May Know,"United States, Spain",TV-MA,108,"Dramas, LGBTQ Movies",28,February,2017
s4825,Movie,Peppermint,"Hong Kong, United States",R,102,Action & Adventure,1,December,2020
s4826,Movie,Perú: Tesoro escondido,Uruguay,TV-PG,76,"Documentaries, International Movies",25,November,2017
s4827,Movie,Perdida,"Argentina, Spain",TV-MA,104,"Dramas, International Movies, Thrillers",9,August,2018
s4828,Movie,Perfect Bid: The Contestant Who Knew Too Much,Canada,TV-MA,72,Documentaries,30,April,2019
s4829,Movie,Perfect Stranger,United States,R,109,Thrillers,1,January,2019
s4830,TV Show,Perfume,Germany,TV-MA,1,"Crime TV Shows, International TV Shows, TV Dramas",21,December,2018
s4831,Movie,Period. End of Sentence.,United States,TV-PG,26,Documentaries,12,February,2019
s4832,TV Show,Person of Interest,United States,TV-14,5,"Crime TV Shows, TV Action & Adventure, TV Dramas",22,September,2016
s4833,TV Show,Persona,South Korea,TV-MA,1,"International TV Shows, Korean TV Shows, TV Dramas",11,April,2019
s4834,Movie,Personal Shopper,"France, Germany, Czech Republic, Belgium",R,105,"Dramas, International Movies, Thrillers",1,February,2019
s4835,Movie,Pete Davidson: Alive From New York,United States,TV-MA,50,Stand-Up Comedy,25,February,2020
s4836,Movie,Peter and the Farm,United States,TV-MA,92,Documentaries,9,March,2017
s4837,Movie,Peter Rabbit,"United States, Australia",PG,95,"Children & Family Movies, Comedies",18,August,2018
s4838,Movie,Pets United,"Germany, China, United Kingdom",TV-Y7,93,"Children & Family Movies, Comedies",11,September,2020
s4839,Movie,Petta,India,TV-14,170,"Action & Adventure, Comedies, Dramas",5,April,2019
s6621,Movie,The Lost Okoroshi,Nigeria,TV-MA,94,"Comedies, Dramas, Independent Movies",4,September,2020
s4840,Movie,Petta (Telugu Version),Unknown,TV-14,170,"Action & Adventure, Comedies, Dramas",7,April,2019
s4841,Movie,Pettersson and Findus 2,Germany,TV-G,82,"Children & Family Movies, Comedies",1,November,2017
s4842,Movie,Phamous,Unknown,TV-MA,108,"Dramas, International Movies, Thrillers",31,December,2019
s4843,Movie,Phantom,India,TV-14,129,"Action & Adventure, International Movies",1,October,2018
s4844,Movie,Phantom Boy,"France, Belgium",PG,85,"Action & Adventure, Dramas, International Movies",1,October,2017
s4845,Movie,Philadelphia,United States,PG-13,126,"Classic Movies, Dramas, LGBTQ Movies",1,July,2019
s4846,Movie,Phir Bhi Dil Hai Hindustani,India,TV-14,159,"Comedies, Dramas, International Movies",1,April,2018
s4847,Movie,Phir Hera Pheri,India,TV-14,150,"Comedies, International Movies",12,October,2020
s4848,Movie,Phir Se,India,TV-14,118,"International Movies, Romantic Movies",15,January,2018
s4849,Movie,Phobia 2,Thailand,TV-MA,125,"Horror Movies, International Movies",5,September,2018
s4850,Movie,Phone Swap,Nigeria,TV-14,112,"Comedies, International Movies, Romantic Movies",1,September,2019
s4851,Movie,PhotoCopy,India,TV-14,138,"Comedies, Dramas, International Movies",10,September,2020
s4852,Movie,Phullu,India,TV-14,96,"Dramas, Independent Movies, International Movies",31,December,2019
s4853,Movie,Pick of the Litter,United States,TV-PG,81,"Children & Family Movies, Documentaries",2,August,2020
s4854,Movie,Pickpockets,Colombia,TV-MA,108,"Dramas, Independent Movies, International Movies",12,April,2018
s4855,Movie,Pieces of a Woman,"Canada, Hungary, United States",R,128,Dramas,7,January,2021
s4856,Movie,Piercing,United States,R,81,"Dramas, Independent Movies, Thrillers",1,November,2020
s4857,Movie,Pierre Jackson,United States,TV-MA,81,Romantic Movies,29,June,2019
s4858,Movie,Pihu,India,TV-14,90,"Dramas, Independent Movies, International Movies",15,June,2019
s4859,TV Show,PILI Fantasy: War of Dragons,Unknown,TV-14,1,"International TV Shows, TV Action & Adventure, TV Sci-Fi & Fantasy",12,July,2019
s4860,Movie,Pimpal,India,TV-PG,92,"Dramas, Independent Movies, International Movies",15,November,2018
s4861,TV Show,Pine Gap,Australia,TV-MA,1,"International TV Shows, TV Dramas",7,December,2018
s4862,Movie,Pineapple Express,United States,R,112,"Action & Adventure, Comedies",1,September,2020
s4863,Movie,Pink,India,TV-14,130,"Dramas, International Movies",20,January,2017
s4864,Movie,Pinkfong & Baby Shark's Space Adventure,Unknown,TV-Y,65,Children & Family Movies,15,January,2021
s4865,TV Show,Pinky Malinky,United States,TV-Y7,3,"Kids' TV, TV Comedies",17,July,2019
s4866,Movie,Pinky Memsaab,"Pakistan, United Arab Emirates",TV-MA,124,"Dramas, Independent Movies, International Movies",1,April,2019
s4867,TV Show,Pioneers of African-American Cinema,United States,TV-14,1,TV Shows,1,February,2017
s4868,TV Show,Pioneers: First Women Filmmakers*,Unknown,TV-14,1,TV Shows,30,December,2018
s4869,Movie,Pitaah,India,TV-MA,127,"Dramas, International Movies, Music & Musicals",1,March,2018
s4870,Movie,Pizza,India,TV-14,102,"Horror Movies, International Movies, Thrillers",1,October,2018
s4871,Movie,"Pizza, birra, faso",Argentina,TV-MA,81,"Dramas, International Movies",15,March,2018
s4872,TV Show,PJ Masks,"France, United Kingdom",TV-Y,2,Kids' TV,15,January,2020
s4873,Movie,PK,India,TV-14,146,"Comedies, Dramas, International Movies",6,September,2018
s4874,Movie,"Plaire, aimer et courir vite",France,TV-MA,133,"Dramas, Independent Movies, International Movies",13,July,2019
s4875,Movie,Planet 51,"Spain, United Kingdom, United States",PG,91,"Children & Family Movies, Comedies, Sci-Fi & Fantasy",23,January,2019
s4876,TV Show,Planet Earth II,United Kingdom,TV-G,1,"British TV Shows, Docuseries, Science & Nature TV",25,December,2017
s4877,TV Show,Planet Earth: The Complete Collection,United Kingdom,TV-PG,1,"British TV Shows, Docuseries, International TV Shows",22,April,2015
s4878,Movie,Planet Hulk,United States,TV-14,81,"Action & Adventure, Sci-Fi & Fantasy",1,June,2020
s4879,Movie,Planetarium,"France, Belgium",TV-MA,108,"Dramas, International Movies",1,January,2018
s4880,Movie,Platoon,"United States, United Kingdom",R,120,"Action & Adventure, Classic Movies, Dramas",1,November,2020
s4881,Movie,Players,India,TV-14,162,"Action & Adventure, International Movies",5,July,2020
s4882,Movie,Playing for Keeps,United States,PG-13,106,"Comedies, Romantic Movies, Sports Movies",3,January,2021
s4883,Movie,Playing for Time,United States,TV-14,149,Dramas,1,December,2017
s4884,Movie,Playing Hard,"Canada, United States",TV-MA,92,"Documentaries, International Movies",5,April,2019
s4885,TV Show,Playing with Fire,United States,TV-MA,1,"International TV Shows, Romantic TV Shows, Spanish-Language TV Shows",22,January,2020
s4886,Movie,PNL - Dans la légende tour,Unknown,TV-MA,65,"International Movies, Music & Musicals",6,July,2020
s4887,Movie,Poacher,"United Kingdom, Kenya",TV-MA,28,"Dramas, International Movies, Thrillers",30,September,2020
s4888,TV Show,Pocoyo,"Spain, United Kingdom",TV-Y,4,"Kids' TV, Spanish-Language TV Shows",10,January,2019
s4889,Movie,Pocoyo & Cars,Unknown,TV-Y,19,Movies,1,May,2018
s4890,Movie,Pocoyo & The Space Circus,Spain,TV-Y,25,Movies,1,May,2018
s4891,Movie,Pocoyo Carnival,Unknown,TV-Y,22,Movies,1,May,2018
s4892,Movie,Pocoyo Halloween: Space Halloween,United States,TV-Y,40,Movies,1,May,2018
s4893,Movie,Pocoyo Halloween: Spooky Movies,Unknown,TV-Y,22,Movies,1,May,2018
s4894,Movie,Pocoyo Special Sports,Unknown,TV-Y,24,Movies,1,May,2018
s4895,Movie,Point Blank,"France, United States",TV-MA,87,Action & Adventure,12,July,2019
s4896,TV Show,Pokémon Journeys: The Series,Unknown,TV-Y7,3,"Anime Series, Kids' TV, TV Action & Adventure",4,December,2020
s4897,Movie,Pokémon the Movie: I Choose You!,Japan,TV-Y7,97,"Anime Features, Children & Family Movies",1,January,2019
s4898,Movie,Pokémon the Movie: Power of Us,Japan,TV-Y7,98,"Anime Features, Children & Family Movies",1,January,2020
s4899,TV Show,Pokémon the Series,Unknown,TV-Y7,3,"Anime Series, Kids' TV",1,April,2020
s4900,TV Show,Pokémon: Indigo League,Japan,TV-Y7,1,"Anime Series, Kids' TV",1,January,2018
s4901,Movie,Pokémon: Mewtwo Strikes Back - Evolution,Japan,TV-Y7,98,"Anime Features, Children & Family Movies",27,February,2020
s4902,Movie,Polar,"United States, Germany",TV-MA,119,"Action & Adventure, International Movies",25,January,2019
s4903,Movie,Polaroid,"United States, Norway, Canada",PG-13,88,Horror Movies,9,February,2020
s4904,TV Show,Polly Pocket,"Canada, United States, Ireland",TV-Y,2,Kids' TV,15,November,2020
s4905,TV Show,Ponysitters Club,Canada,TV-G,2,"Kids' TV, TV Dramas",16,November,2018
s4906,Movie,Pooja Kiven Aa,India,TV-PG,122,"Comedies, International Movies, Music & Musicals",1,October,2018
s4907,TV Show,Pop Team Epic,Japan,TV-14,1,"Anime Series, International TV Shows",1,February,2020
s4908,Movie,"Pop, Lock 'n Roll",South Africa,TV-14,88,"Dramas, International Movies, Romantic Movies",1,March,2020
s4909,Movie,Pope Francis: A Man of His Word,"Switzerland, Vatican City, Italy, Germany, France",PG,96,"Documentaries, Faith & Spirituality, International Movies",3,January,2019
s4910,Movie,Popeye,United States,PG,114,"Action & Adventure, Children & Family Movies, Comedies",24,November,2019
s4911,TV Show,Popples,"United States, France",TV-Y,3,Kids' TV,24,July,2016
s4912,TV Show,Pororo - The Little Penguin,South Korea,TV-Y7,2,"Kids' TV, Korean TV Shows",19,April,2019
s4913,TV Show,Portlandia,United States,TV-14,8,TV Comedies,25,September,2019
s4914,Movie,Porto,"Portugal, France, Poland, United States",TV-MA,77,"Dramas, Independent Movies, Romantic Movies",16,April,2018
s4915,TV Show,Pose,United States,TV-MA,2,TV Dramas,11,June,2020
s4916,Movie,Poseidon,United States,PG-13,98,"Action & Adventure, Dramas",1,September,2019
s4917,Movie,Posesif,Indonesia,TV-MA,102,"Dramas, International Movies, Romantic Movies",1,January,2020
s4918,Movie,Poshter Girl,India,TV-14,138,"Comedies, Dramas, International Movies",10,September,2020
s4919,TV Show,Possessed,South Korea,TV-MA,1,"Crime TV Shows, International TV Shows, Korean TV Shows",4,April,2019
s4920,Movie,Postcards from London,United Kingdom,TV-MA,90,"Dramas, Independent Movies, LGBTQ Movies",19,February,2019
s4921,Movie,Poster Boys,India,PG-13,128,"Comedies, International Movies",27,November,2017
s4922,Movie,Potato Potahto,Ghana,TV-MA,104,"Comedies, Dramas, International Movies",15,December,2019
s4923,Movie,Pottersville,United States,PG-13,86,"Comedies, Independent Movies",15,December,2017
s4924,TV Show,Powder,India,TV-14,1,"Crime TV Shows, International TV Shows, TV Dramas",15,February,2018
s4925,TV Show,Power Battle Watch Car,Unknown,TV-Y7,1,"Kids' TV, Korean TV Shows",1,June,2017
s4926,Movie,Power Paandi,India,TV-MA,124,"Dramas, International Movies",1,December,2018
s4927,TV Show,Power Players,"United States, France",TV-Y7,2,Kids' TV,1,August,2020
s4928,TV Show,Power Rangers Beast Morphers,United States,TV-Y7,2,Kids' TV,15,October,2020
s4929,TV Show,Power Rangers Dino Charge,United States,TV-Y7,1,Kids' TV,2,December,2015
s4930,TV Show,Power Rangers Dino Super Charge,Unknown,TV-Y7,1,Kids' TV,15,October,2016
s4931,TV Show,Power Rangers Dino Thunder,United States,TV-Y7,1,Kids' TV,1,January,2016
s4932,TV Show,Power Rangers in Space,"United States, France, Japan",TV-Y7,1,Kids' TV,1,January,2016
s4933,TV Show,Power Rangers Jungle Fury,United States,TV-Y7,1,Kids' TV,1,January,2016
s4934,TV Show,Power Rangers Lightspeed Rescue,"France, Japan, United States",TV-Y7,1,Kids' TV,1,January,2016
s4935,TV Show,Power Rangers Lost Galaxy,"United States, France, Japan",TV-Y7,1,Kids' TV,1,January,2016
s4936,TV Show,Power Rangers Mystic Force,United States,TV-Y7,1,Kids' TV,1,January,2016
s4937,TV Show,Power Rangers Ninja Steel,United States,TV-Y7,2,Kids' TV,15,October,2018
s4938,TV Show,Power Rangers Ninja Storm,"United States, New Zealand",TV-Y7,1,Kids' TV,1,January,2016
s4939,TV Show,Power Rangers Operation Overdrive,"United States, New Zealand, Japan",TV-Y7,1,Kids' TV,1,January,2016
s4940,TV Show,Power Rangers RPM,United States,TV-Y7,1,Kids' TV,1,January,2016
s4941,TV Show,Power Rangers S.P.D.,"United States, New Zealand",TV-Y7,1,Kids' TV,1,January,2016
s4942,TV Show,Power Rangers Samurai,United States,TV-Y7,1,Kids' TV,1,January,2016
s4943,Movie,"Power Rangers Samurai: Christmas Together, Friends Forever (Christmas Special)",United States,TV-Y7,24,Movies,1,January,2016
s4944,Movie,Power Rangers Samurai: Clash of the Red Rangers,United States,TV-Y7,46,Children & Family Movies,1,January,2016
s4945,Movie,Power Rangers Samurai: Party Monsters (Halloween Special),United States,TV-Y7,24,Movies,1,January,2016
s4946,TV Show,Power Rangers Super Megaforce,Unknown,TV-Y7,1,Kids' TV,1,January,2016
s4947,Movie,Power Rangers Super Megaforce: The Legendary Battle (Extended),United States,TV-Y7,55,Movies,1,January,2016
s4948,TV Show,Power Rangers Super Samurai,Unknown,TV-Y7,1,Kids' TV,1,January,2016
s4949,Movie,Power Rangers Super Samurai: Stuck on Christmas,United States,TV-Y7,24,"Children & Family Movies, Sci-Fi & Fantasy",1,January,2016
s4950,Movie,Power Rangers Super Samurai: Trickster Treat,United States,TV-Y7,23,Movies,1,January,2016
s4951,TV Show,Power Rangers Time Force,United States,TV-Y7,1,Kids' TV,1,January,2016
s4952,TV Show,Power Rangers Turbo,"United States, France, Japan",TV-Y7,1,Kids' TV,1,January,2016
s4953,TV Show,Power Rangers Wild Force,"United States, Netherlands, Japan, France",TV-Y7,1,Kids' TV,1,January,2016
s4954,TV Show,Power Rangers Zeo,"United States, France, Japan",TV-Y7,1,Kids' TV,1,January,2016
s4955,TV Show,Power Rangers: Megaforce,United States,TV-Y7,1,Kids' TV,1,January,2016
s4956,Movie,Power Rangers: Megaforce: Raising Spirits,United States,TV-Y7,24,Children & Family Movies,1,January,2016
s4957,Movie,Power Rangers: Megaforce: The Robo Knight Before Christmas,United States,TV-Y7,24,Children & Family Movies,1,January,2016
s4958,Movie,Prague,"India, Switzerland",TV-MA,106,"Dramas, Independent Movies, International Movies",1,December,2017
s4959,Movie,Pranaam,India,TV-14,117,"Action & Adventure, Dramas, International Movies",25,November,2019
s4960,TV Show,Prank Encounters,United States,TV-MA,1,"Reality TV, TV Comedies, TV Horror",25,October,2019
s4961,Movie,Prelude to War,United States,TV-14,52,"Classic Movies, Documentaries",31,March,2017
s4962,Movie,Prem Ratan Dhan Payo,India,TV-14,164,"Action & Adventure, Dramas, International Movies",25,June,2020
s4963,Movie,Premachi Goshta,India,TV-14,127,"International Movies, Romantic Movies",15,February,2018
s4964,Movie,Prescription Thugs,United States,NR,86,Documentaries,15,April,2016
s4965,TV Show,President,South Korea,TV-14,1,"International TV Shows, Korean TV Shows, TV Dramas",28,April,2017
s4966,TV Show,Pretend It’s a City,United States,TV-14,1,Docuseries,8,January,2021
s4967,Movie,Pretty Little Stalker,United States,TV-14,84,Thrillers,31,March,2020
s4968,TV Show,Pretty Man,Unknown,TV-14,1,"International TV Shows, Romantic TV Shows, TV Dramas",8,August,2018
s4969,Movie,Pretville,South Africa,TV-PG,95,"Comedies, International Movies, Music & Musicals",20,February,2020
s4970,Movie,Primal Fear,United States,R,131,"Dramas, Thrillers",1,December,2019
s4971,Movie,Prince,India,TV-PG,152,"Dramas, International Movies, Romantic Movies",1,June,2017
s4972,Movie,Prince Charming,Hong Kong,TV-14,93,"Comedies, International Movies, Romantic Movies",31,August,2018
s4973,TV Show,Prince Jai Aur Dumdaar Viru,Unknown,TV-Y,1,"Kids' TV, TV Comedies",18,October,2020
s4974,TV Show,Prince of Peoria,United States,TV-G,2,"Kids' TV, TV Comedies",20,May,2019
s4975,Movie,Prince of Peoria: A Christmas Moose Miracle,United States,TV-G,29,"Children & Family Movies, Comedies",17,December,2018
s4976,Movie,Princess Cyd,United States,TV-MA,97,"Dramas, Independent Movies, LGBTQ Movies",5,February,2018
s4977,Movie,Print the Legend,United States,TV-14,100,Documentaries,26,September,2014
s4978,TV Show,Prison Playbook,South Korea,TV-MA,1,"International TV Shows, Korean TV Shows, TV Comedies",24,January,2018
s4979,Movie,Private Life,United States,R,124,"Comedies, Dramas, Independent Movies",5,October,2018
s4980,TV Show,Private Lives,South Korea,TV-14,1,"Crime TV Shows, International TV Shows, TV Dramas",8,October,2020
s4981,TV Show,Private Practice,United States,TV-14,6,"TV Comedies, TV Dramas",22,December,2019
s4982,Movie,Professor,India,TV-PG,163,"Comedies, Dramas, International Movies",1,July,2017
s4983,Movie,Professor Mack,United States,TV-MA,84,"Comedies, Romantic Movies",6,August,2019
s4984,TV Show,Prohibition: A Film by Ken Burns and Lynn Novick,United States,TV-PG,1,"Crime TV Shows, Docuseries",22,February,2017
s4985,Movie,Project Marathwada,India,TV-MA,103,"Dramas, Independent Movies, International Movies",25,July,2020
s4986,TV Show,Project Mc²,United States,TV-G,6,Kids' TV,7,November,2017
s4987,Movie,Project Papa,India,TV-14,92,"Dramas, Independent Movies, International Movies",7,June,2020
s4988,Movie,Project Power,United States,R,113,Action & Adventure,14,August,2020
s4989,TV Show,Project S The Series,Thailand,TV-MA,4,"International TV Shows, TV Dramas, Teen TV Shows",19,October,2018
s4990,Movie,Prom Night,"United States, Canada",PG-13,88,Horror Movies,12,November,2020
s4991,Movie,Prosecuting Evil: The Extraordinary World of Ben Ferencz,Canada,TV-MA,83,Documentaries,1,June,2019
s4992,Movie,Prospect,"Canada, United States",R,100,"Sci-Fi & Fantasy, Thrillers",2,November,2020
s4993,TV Show,Psiconautas,Argentina,TV-MA,2,"International TV Shows, Spanish-Language TV Shows, TV Comedies",15,April,2018
s4994,Movie,Psycho,India,TV-MA,143,"Horror Movies, International Movies, Thrillers",1,May,2020
s4995,Movie,Psychokinesis,South Korea,TV-MA,102,"Action & Adventure, Comedies, International Movies",25,April,2018
s4996,TV Show,Pucca: Love Recipe,Unknown,TV-Y7,1,"Kids' TV, Korean TV Shows",31,December,2019
s4997,TV Show,Puella Magi Madoka Magica,Japan,TV-14,1,"Anime Series, International TV Shows",15,June,2019
s4998,TV Show,Puerta 7,Argentina,TV-MA,1,"Crime TV Shows, International TV Shows, Spanish-Language TV Shows",21,February,2020
s4999,Movie,Puerto Ricans in Paris,United States,R,82,Comedies,16,April,2020
s5000,TV Show,Puffin Rock,Ireland,TV-Y,2,Kids' TV,17,August,2016
s5001,Movie,Pukar,India,TV-14,165,"Action & Adventure, Dramas, International Movies",1,March,2018
s5002,Movie,Pulang,Malaysia,TV-14,119,"Action & Adventure, Dramas, International Movies",8,October,2018
s5003,Movie,Pulp Fiction,United States,R,154,"Classic Movies, Cult Movies, Dramas",1,January,2019
s5004,Movie,Punjab 1984,"Canada, India",TV-14,158,"Dramas, International Movies",1,November,2017
s5005,TV Show,Pup Academy,United States,TV-Y,2,"Kids' TV, TV Comedies",15,December,2020
s5006,Movie,Pup Star,Canada,G,92,"Children & Family Movies, Comedies",29,October,2016
s5007,Movie,Pup Star: Better 2Gether,Canada,PG,93,"Children & Family Movies, Comedies",28,October,2017
s5008,Movie,Pup Star: World Tour,"Canada, Japan, United States",G,87,"Children & Family Movies, Comedies, Music & Musicals",5,May,2018
s5009,Movie,Puppy Star Christmas,United States,PG,91,"Children & Family Movies, Comedies",20,November,2018
s5010,Movie,Puriyatha Puthir,India,TV-MA,120,"International Movies, Thrillers",1,January,2019
s5011,Movie,Pusher,United Kingdom,R,89,Action & Adventure,27,December,2017
s5012,Movie,Puss in Book: Trapped in an Epic Tale,United States,TV-Y7,24,"Children & Family Movies, Comedies",20,June,2017
s5013,Movie,Puss in Boots,United States,PG,92,"Children & Family Movies, Comedies",1,September,2020
s5014,TV Show,Put Your Head on My Shoulder,China,TV-14,1,"International TV Shows, Romantic TV Shows, Teen TV Shows",11,November,2019
s5015,Movie,Pyaar Ka Punchnama,India,TV-14,149,"Comedies, Dramas, International Movies",1,May,2017
s5016,Movie,Pyaar Ka Punchnama 2,India,TV-MA,136,"Comedies, Dramas, International Movies",5,July,2020
s5017,Movie,Pyaar Ke Side Effects,India,TV-MA,120,"Comedies, International Movies, Romantic Movies",15,February,2019
s5018,TV Show,Pyaar Tune Kya Kiya,India,TV-14,3,"International TV Shows, Romantic TV Shows, TV Dramas",1,June,2017
s5019,Movie,Pyar Ke Do Pal,India,TV-14,153,"Dramas, International Movies, Music & Musicals",15,January,2018
s5020,Movie,Q Ball,United States,TV-MA,96,"Documentaries, Sports Movies",11,March,2020
s5021,Movie,Qarib Qarib Singlle,India,TV-14,120,"Comedies, International Movies, Romantic Movies",28,August,2018
s5022,TV Show,QB1: Beyond the Lights,United States,TV-14,1,Docuseries,4,January,2021
s5023,Movie,Qila,India,TV-14,161,"Dramas, International Movies",1,June,2017
s5024,TV Show,Qin Empire: Alliance,China,TV-14,1,"International TV Shows, TV Dramas",7,July,2017
s5025,Movie,Qismat,India,TV-PG,137,"Dramas, International Movies, Romantic Movies",1,December,2019
s5026,Movie,QLIMAX THE SOURCE,Netherlands,TV-14,57,Music & Musicals,22,December,2020
s5027,TV Show,Qué pena tu serie,United States,TV-MA,1,"International TV Shows, Romantic TV Shows, Spanish-Language TV Shows",4,November,2016
s5028,TV Show,Quantico,United States,TV-14,3,"Crime TV Shows, TV Dramas, TV Mysteries",2,September,2018
s5029,Movie,Quantum of Solace,"United Kingdom, United States",PG-13,106,Action & Adventure,31,August,2020
s5030,Movie,Quartet,United Kingdom,PG-13,98,"Comedies, Dramas, Independent Movies",11,May,2020
s5031,Movie,Queen,India,TV-MA,138,"Comedies, Dramas, International Movies",5,July,2020
s5032,TV Show,Queen of No Marriage,Taiwan,TV-MA,1,"International TV Shows, Romantic TV Shows, TV Comedies",1,August,2016
s5033,Movie,Queen of the Desert,"United States, Morocco",PG-13,128,Dramas,6,April,2019
s5034,TV Show,Queen of the South,"United States, Mexico, Spain, Malta",TV-MA,4,"Crime TV Shows, TV Action & Adventure, TV Dramas",6,June,2020
s5035,TV Show,Queen Sono,South Africa,TV-MA,1,"International TV Shows, TV Action & Adventure, TV Dramas",28,February,2020
s5036,TV Show,Queens of Comedy,Unknown,TV-MA,1,"International TV Shows, Stand-Up Comedy & Talk Shows, TV Comedies",1,May,2018
s5037,TV Show,Queens vs. Kings,Unknown,TV-14,1,"Stand-Up Comedy & Talk Shows, TV Comedies",25,October,2018
s5038,TV Show,Queer Eye,United States,TV-14,5,Reality TV,5,June,2020
s5039,TV Show,Queer Eye: We're in Japan!,"United States, Japan",TV-14,1,"International TV Shows, Reality TV",1,November,2019
s5040,Movie,Quién te cantará,"Spain, France",TV-MA,125,"Dramas, Independent Movies, International Movies",28,February,2019
s5041,TV Show,Quicksand,Sweden,TV-MA,1,"Crime TV Shows, International TV Shows, TV Dramas",5,April,2019
s5042,Movie,Quiet Victory: The Charlie Wedemeyer Story,United States,TV-PG,93,"Dramas, Sports Movies",1,October,2011
s5043,Movie,Quigley Down Under,"Australia, United States",PG-13,120,Action & Adventure,1,December,2020
s5044,Movie,Quincy,United States,TV-MA,124,"Documentaries, Music & Musicals",21,September,2018
s5045,TV Show,Qurious Como,Unknown,TV-Y,1,Kids' TV,3,October,2020
s5046,Movie,R.K.Nagar,India,TV-14,132,"Action & Adventure, Comedies, Dramas",29,April,2020
s5047,Movie,R.L. Stine's Mostly Ghostly,United States,PG,98,"Children & Family Movies, Comedies",1,August,2018
s5048,Movie,Raajneeti,India,TV-14,162,"Dramas, International Movies, Thrillers",2,August,2018
s5049,Movie,Raat Akeli Hai,India,TV-MA,150,"Dramas, International Movies, Thrillers",31,July,2020
s5050,TV Show,Rab Se Sohna Isshq,Unknown,TV-14,1,"International TV Shows, Romantic TV Shows, TV Dramas",1,June,2017
s5051,TV Show,Rabbids Invasion,France,TV-Y7,1,"Kids' TV, TV Comedies",1,July,2019
s5052,Movie,Rabun,Malaysia,TV-PG,85,"Dramas, Independent Movies, International Movies",18,December,2020
s5053,Movie,Race,India,TV-14,155,"Action & Adventure, International Movies, Music & Musicals",1,October,2018
s5054,Movie,Race 2,India,TV-14,139,"Action & Adventure, International Movies, Music & Musicals",1,October,2018
s5055,Movie,Race to Witch Mountain,United States,PG,99,Children & Family Movies,1,July,2019
s5056,Movie,Rachel Getting Married,United States,R,113,"Dramas, Independent Movies",1,September,2019
s5057,Movie,Radical: the Controversial Saga of Dada Figueiredo,Brazil,TV-MA,71,"Documentaries, International Movies, Sports Movies",12,April,2017
s5058,Movie,Radio Rebel,United States,TV-G,90,"Children & Family Movies, Comedies",1,March,2019
s5059,Movie,Radiopetti,India,TV-PG,83,"Dramas, International Movies",1,January,2017
s5060,Movie,Radium Girls,United States,TV-14,103,"Dramas, Independent Movies",16,January,2021
s5061,Movie,Raees,India,TV-14,143,"Action & Adventure, Dramas, International Movies",26,May,2017
s5062,Movie,"Rafał Banaś, Michał Leja Laugh out Loud",Unknown,TV-MA,64,Stand-Up Comedy,19,September,2016
s5063,Movie,Rafinha Bastos: Ultimatum,Brazil,TV-MA,63,Stand-Up Comedy,21,September,2018
s5064,Movie,Raging Bull,United States,R,129,"Classic Movies, Dramas, Sports Movies",1,October,2019
s5065,Movie,Ragini MMS,India,TV-MA,93,"Horror Movies, International Movies",31,May,2019
s5066,Movie,Ragini MMS 2,India,TV-MA,113,"Horror Movies, International Movies",31,May,2019
s5067,TV Show,Ragnarok,"Norway, Denmark",TV-MA,1,"International TV Shows, TV Action & Adventure, TV Dramas",31,January,2020
s5068,Movie,Rahasya,India,TV-14,117,"Dramas, International Movies",1,March,2018
s5069,Movie,Raiders!: The Story of the Greatest Fan Film Ever Made,United States,NR,93,Documentaries,16,September,2016
s5070,Movie,Railroad Tigers,China,TV-14,124,"Action & Adventure, Comedies, International Movies",19,August,2017
s5071,Movie,Rain Man,United States,R,134,"Classic Movies, Dramas",1,July,2019
s5072,Movie,Rainbow Jelly,India,TV-14,119,"Dramas, International Movies, Sci-Fi & Fantasy",15,April,2019
s5073,TV Show,Rainbow Ruby,"South Korea, Canada, United States, China",TV-Y,1,Kids' TV,31,December,2019
s5074,Movie,Rainbow Time,United States,TV-MA,92,"Comedies, Dramas, Independent Movies",1,December,2016
s5075,TV Show,Raising Dion,United States,TV-PG,1,"Kids' TV, TV Action & Adventure, TV Dramas",4,October,2019
s5076,Movie,Raising the Bar,Australia,TV-Y,97,"Children & Family Movies, Dramas, Sports Movies",1,August,2017
s5077,Movie,Raising Victor Vargas,"France, United States",R,88,"Dramas, Independent Movies, Romantic Movies",15,September,2020
s5078,Movie,Raja Hindustani,India,TV-14,177,"Dramas, International Movies, Romantic Movies",1,May,2017
s5079,Movie,Raja Natwarlal,India,TV-14,131,"Dramas, International Movies, Thrillers",1,November,2018
s5080,TV Show,Raja Rasoi Aur Anya Kahaniyan,India,TV-G,1,"Docuseries, International TV Shows",5,July,2018
s5081,Movie,Rajma Chawal,India,TV-MA,119,"Comedies, Dramas, International Movies",30,November,2018
s5082,Movie,Rajnigandha,India,TV-PG,104,"Comedies, Dramas, Independent Movies",31,December,2019
s5083,TV Show,Rake,Australia,TV-MA,5,"Crime TV Shows, International TV Shows, TV Comedies",16,October,2018
s5084,Movie,Rakkhosh,India,TV-MA,116,"Horror Movies, Independent Movies, International Movies",20,June,2019
s5085,Movie,Ralph Breaks the Internet: Wreck-It Ralph 2,United States,PG,113,"Children & Family Movies, Comedies",11,June,2019
s5086,Movie,Ralphie May: Imperfectly Yours,United States,TV-MA,69,Stand-Up Comedy,29,June,2015
s5087,Movie,Ralphie May: Unruly,United States,TV-MA,83,Stand-Up Comedy,27,February,2015
s5088,Movie,"Ram Dass, Going Home",United States,TV-14,32,"Documentaries, Faith & Spirituality",6,April,2018
s5089,Movie,Ram Jaane,India,TV-14,142,"Dramas, International Movies, Music & Musicals",15,May,2017
s5090,Movie,Ram Teri Ganga Maili,India,TV-14,178,"Classic Movies, Dramas, International Movies",31,December,2019
s5091,Movie,Raman Raghav 2.0,India,TV-MA,133,"International Movies, Thrillers",19,November,2020
s5092,TV Show,Ramayan,India,TV-14,1,"International TV Shows, TV Dramas",1,April,2018
s5093,Movie,Ramen Shop,"Singapore, Japan, France",TV-PG,90,"Dramas, International Movies",31,July,2019
s5094,Movie,Ramji Londonwaley,India,TV-14,154,"Comedies, Dramas, International Movies",31,December,2019
s5095,Movie,Rampage: President Down,Canada,TV-MA,100,"Action & Adventure, International Movies",5,January,2017
s5096,Movie,Rampant,South Korea,TV-MA,122,"Action & Adventure, Horror Movies, International Movies",26,May,2019
s5097,Movie,Ranbhool,India,TV-MA,115,"Horror Movies, International Movies, Thrillers",15,March,2018
s5098,Movie,Rang De Basanti,India,TV-14,159,"Dramas, International Movies",2,August,2018
s5099,Movie,Rango,United States,PG,110,"Children & Family Movies, Comedies",28,December,2020
s5100,Movie,Rangoon,India,TV-14,153,"Action & Adventure, Dramas, International Movies",29,May,2017
s5101,Movie,Rangreza,Pakistan,TV-14,126,"Dramas, International Movies, Music & Musicals",1,August,2018
s5102,TV Show,Rapture,United States,TV-MA,1,Docuseries,30,March,2018
s5103,TV Show,Ratched,United States,TV-MA,1,"TV Dramas, TV Horror, TV Mysteries",18,September,2020
s5104,Movie,Ratones Paranoicos: The Band that Rocked Argentina,Unknown,TV-MA,76,"Documentaries, International Movies, Music & Musicals",6,January,2021
s5105,Movie,Rats,United States,NR,88,Documentaries,16,December,2016
s5106,Movie,Rattlesnake,United States,TV-MA,86,"Horror Movies, Independent Movies, Thrillers",25,October,2019
s5107,Movie,Ravenous,Canada,TV-MA,104,"Horror Movies, International Movies",2,March,2018
s5108,Movie,"Ray Romano: Right Here, Around the Corner",United States,TV-MA,59,Stand-Up Comedy,5,February,2019
s5109,Movie,Raya and Sakina,Unknown,TV-14,230,"Comedies, Dramas, International Movies",21,May,2020
s5110,TV Show,Razia Sultan,India,TV-14,1,"International TV Shows, Romantic TV Shows, TV Dramas",1,April,2017
s5111,TV Show,Re:Mind,Japan,TV-MA,1,"International TV Shows, TV Dramas, TV Mysteries",15,February,2018
s5112,TV Show,REA(L)OVE,Japan,TV-MA,1,"International TV Shows, Reality TV, Romantic TV Shows",27,April,2018
s5113,Movie,Reaction,Egypt,TV-14,99,"Dramas, International Movies",20,June,2019
s5114,Movie,Ready,India,TV-PG,144,"Comedies, International Movies, Romantic Movies",22,October,2017
s5115,Movie,Ready to Mingle,Mexico,TV-MA,98,"Comedies, International Movies, Romantic Movies",2,October,2019
s5116,Movie,Real Crime: Diamond Geezers,United Kingdom,TV-14,46,Documentaries,1,August,2016
s5117,Movie,Real Crime: Supermarket Heist (Tesco Bomber),United Kingdom,TV-14,46,Documentaries,15,August,2016
s5118,TV Show,Real Rob,United States,TV-MA,2,TV Comedies,29,September,2017
s5119,Movie,Real Steel,"United States, India",PG-13,127,"Action & Adventure, Sci-Fi & Fantasy, Sports Movies",24,September,2020
s5120,TV Show,Reality of Dream,Unknown,TV-MA,1,"International TV Shows, Romantic TV Shows, TV Dramas",31,July,2018
s5121,TV Show,Reality Z,Brazil,TV-MA,1,"International TV Shows, TV Horror, TV Mysteries",10,June,2020
s5122,Movie,Rebecca,United Kingdom,PG-13,123,"Dramas, Romantic Movies, Thrillers",21,October,2020
s5123,Movie,Rebel Without a Cause,United States,PG-13,111,"Classic Movies, Dramas",1,November,2019
s5124,TV Show,Rebelde,Mexico,TV-14,1,"International TV Shows, Romantic TV Shows, Spanish-Language TV Shows",31,December,2017
s5125,TV Show,Rebellion,Ireland,TV-MA,1,"International TV Shows, TV Dramas",27,June,2020
s5126,Movie,Rebirth,United States,TV-MA,101,"Dramas, Thrillers",15,July,2016
s5127,TV Show,Reboot: The Guardian Code,Canada,TV-Y7,2,Kids' TV,28,September,2018
s5128,Movie,Recall,Canada,TV-MA,73,Dramas,25,June,2019
s5129,TV Show,Reckoning,"Australia, United States",TV-MA,1,"Crime TV Shows, TV Dramas, TV Mysteries",1,May,2020
s5130,TV Show,Record of Grancrest War,Japan,TV-MA,1,Anime Series,1,July,2019
s5131,TV Show,Record of Youth,South Korea,TV-14,1,"International TV Shows, Romantic TV Shows, TV Dramas",8,September,2020
s5132,Movie,Recovery Boys,United States,TV-MA,90,Documentaries,29,June,2018
s5133,TV Show,Rectify,United States,TV-MA,4,"Crime TV Shows, TV Dramas, TV Mysteries",4,March,2017
s5134,Movie,Red Christmas,Australia,TV-MA,81,Horror Movies,11,December,2017
s5135,Movie,Red Dawn,United States,PG-13,114,"Action & Adventure, Cult Movies",31,December,2019
s5136,Movie,Red Oleanders Raktokarobi,India,TV-14,112,"Dramas, International Movies",15,September,2018
s5137,Movie,Red Trees,United Kingdom,TV-PG,80,"Documentaries, International Movies",24,March,2018
s5139,Movie,Redemption,"United Kingdom, United States",R,100,"Action & Adventure, Dramas, International Movies",1,January,2021
s5140,TV Show,Refresh Man,Taiwan,TV-14,1,"International TV Shows, Romantic TV Shows, TV Comedies",1,December,2016
s5141,Movie,Refugee,Unknown,TV-PG,24,Documentaries,10,March,2017
s5142,Movie,Regatta,Egypt,TV-MA,100,"Action & Adventure, Dramas, International Movies",9,May,2019
s5143,Movie,Reggie Watts: Spatial,United States,TV-MA,62,"Music & Musicals, Stand-Up Comedy",6,December,2016
s5144,TV Show,Reggie Yates Outside Man,United Kingdom,TV-MA,2,"British TV Shows, Docuseries, International TV Shows",15,December,2017
s5145,TV Show,Regiment Diaries,India,TV-PG,2,"Docuseries, International TV Shows",26,December,2020
s5146,Movie,Rehmataan,India,TV-14,116,"Dramas, International Movies, Romantic Movies",28,December,2018
s5147,TV Show,Reign,United States,TV-14,4,TV Dramas,5,September,2017
s5148,Movie,Reincarnated,United States,R,96,"Documentaries, Music & Musicals",13,June,2016
s5149,Movie,ReMastered: Devil at the Crossroads,United States,TV-14,49,"Documentaries, Music & Musicals",26,April,2019
s5150,Movie,ReMastered: Massacre at the Stadium,United States,TV-MA,65,"Documentaries, Music & Musicals",11,January,2019
s5151,Movie,ReMastered: The Lion's Share,Unknown,TV-14,84,"Documentaries, Music & Musicals",17,May,2019
s5152,Movie,ReMastered: The Miami Showband Massacre,United States,TV-MA,71,"Documentaries, Music & Musicals",22,March,2019
s5153,Movie,ReMastered: The Two Killings of Sam Cooke,United States,TV-MA,74,"Documentaries, Music & Musicals",8,February,2019
s5154,Movie,ReMastered: Tricky Dick & The Man in Black,United States,TV-14,59,"Documentaries, Music & Musicals",2,November,2018
s5155,Movie,ReMastered: Who Killed Jam Master Jay?,Unknown,TV-MA,59,"Documentaries, Music & Musicals",7,December,2018
s5156,Movie,ReMastered: Who Shot the Sheriff,United States,TV-14,57,"Documentaries, Music & Musicals",12,October,2018
s5157,Movie,Rembat,Malaysia,TV-PG,88,"Action & Adventure, Comedies, International Movies",21,August,2017
s5158,Movie,Remember,"Canada, Mexico, Germany, South Africa",R,95,"Action & Adventure, Dramas",26,July,2018
s5159,Movie,Remember Me,United States,PG-13,112,"Dramas, Romantic Movies",1,August,2020
s5160,Movie,Rememory,"United Kingdom, United States, Canada",PG-13,112,"Dramas, Sci-Fi & Fantasy",1,June,2020
s5161,Movie,Rencor tatuado,Mexico,TV-MA,152,"Dramas, Independent Movies, International Movies",14,May,2020
s5162,TV Show,Reply 1988,South Korea,TV-14,1,"International TV Shows, Korean TV Shows, Romantic TV Shows",1,January,2020
s5163,TV Show,Reply 1994,South Korea,TV-MA,1,"International TV Shows, Korean TV Shows, Romantic TV Shows",8,August,2019
s5164,TV Show,Reply 1997,South Korea,TV-MA,1,"International TV Shows, Korean TV Shows, Romantic TV Shows",8,August,2019
s5165,TV Show,Republic of Doyle,Canada,TV-14,6,"Crime TV Shows, TV Comedies, TV Dramas",28,May,2020
s5166,TV Show,Requiem,United Kingdom,TV-MA,1,"British TV Shows, International TV Shows, TV Dramas",23,March,2018
s5167,Movie,Resident Evil: Afterlife,"Germany, France, United States, Canada, United Kingdom",R,97,"Action & Adventure, Horror Movies, Sci-Fi & Fantasy",1,January,2020
s5168,Movie,Residente,United States,TV-MA,97,"Documentaries, Music & Musicals",1,January,2018
s5169,Movie,Residue,United States,TV-MA,90,"Dramas, Independent Movies",17,September,2020
s5170,TV Show,Restaurants on the Edge,Canada,TV-14,2,"International TV Shows, Reality TV",8,May,2020
s5171,Movie,Restless Creature: Wendy Whelan,United States,TV-MA,94,Documentaries,26,September,2017
s5172,Movie,Results,United States,R,105,"Comedies, Independent Movies",22,October,2015
s5173,Movie,Resurface,United States,TV-MA,28,"Documentaries, Sports Movies",1,September,2017
s5174,TV Show,Resurrection: Ertugrul,Turkey,TV-14,5,"International TV Shows, TV Action & Adventure, TV Dramas",24,September,2019
s5175,Movie,Retablo,"Peru, Germany, Norway",TV-MA,102,"Dramas, International Movies",30,July,2020
s5176,TV Show,Retribution,United Kingdom,TV-MA,1,"British TV Shows, Crime TV Shows, International TV Shows",30,January,2018
s5177,Movie,Return of the Prodigal Son,Egypt,TV-MA,124,"Dramas, International Movies",19,June,2020
s5178,Movie,Return To The 36th Chamber,Hong Kong,R,97,"Action & Adventure, Comedies, International Movies",16,August,2018
s5179,Movie,Revelations,India,NR,118,"Dramas, International Movies",1,March,2017
s5180,TV Show,Revenge,Unknown,TV-MA,1,"Crime TV Shows, International TV Shows, TV Dramas",2,May,2019
s5181,Movie,Revenge of the Green Dragons,"Hong Kong, United States",R,95,"Action & Adventure, Dramas, Independent Movies",21,July,2018
s5182,Movie,Revenge of the Pontianak,"Singapore, Malaysia",TV-14,92,"Horror Movies, International Movies",24,October,2019
s5183,Movie,Revenger,South Korea,TV-MA,102,"Action & Adventure, International Movies",15,January,2019
s5184,Movie,Reversing Roe,United States,TV-14,100,Documentaries,13,September,2018
s5185,TV Show,Revisions,Japan,TV-14,1,"Anime Series, International TV Shows",14,May,2019
s5186,Movie,Revolt,United Kingdom,R,87,"Action & Adventure, Sci-Fi & Fantasy",31,March,2018
s5187,TV Show,Revolting Rhymes,United Kingdom,TV-PG,1,"British TV Shows, Kids' TV",1,February,2018
s5188,TV Show,Revolutionary Love,South Korea,TV-MA,1,"International TV Shows, Korean TV Shows, Romantic TV Shows",1,June,2020
s5189,Movie,Revolutionary Road,"United States, United Kingdom",R,120,"Dramas, Romantic Movies",1,November,2019
s5190,Movie,Rezeta,Mexico,NR,84,"Dramas, Independent Movies, International Movies",3,December,2016
s5191,TV Show,Rhyme Time Town,Unknown,TV-Y,1,Kids' TV,19,June,2020
s5192,TV Show,Rhyme Time Town Singalongs,United States,TV-Y,1,Kids' TV,22,December,2020
s5193,Movie,Rhys Nicholson Live at the Athenaeum,United Kingdom,TV-MA,66,Stand-Up Comedy,20,December,2020
s5194,TV Show,Rhythm + Flow,United States,TV-MA,1,Reality TV,9,October,2019
s5195,TV Show,"Rica, Famosa, Latina",United States,TV-MA,4,"International TV Shows, Reality TV, Spanish-Language TV Shows",26,April,2019
s5196,Movie,Ricardo O'Farrill Abrazo Genial,Mexico,TV-MA,92,Stand-Up Comedy,22,January,2016
s5197,Movie,Ricardo O'Farrill: Abrazo navideño,Mexico,TV-MA,31,Stand-Up Comedy,12,December,2016
s5198,Movie,Ricardo Quevedo: Hay gente así,Colombia,TV-MA,59,Stand-Up Comedy,24,January,2018
s5199,Movie,Ricardo Quevedo: Los amargados somos más,Unknown,TV-MA,59,Stand-Up Comedy,3,April,2019
s5200,Movie,Rich in Love,Brazil,TV-14,105,"Comedies, International Movies, Romantic Movies",30,April,2020
s5201,Movie,Richard Pryor: Live in Concert,United States,TV-MA,79,Stand-Up Comedy,1,December,2016
s5202,TV Show,Richie Rich,United States,TV-G,2,"Kids' TV, TV Comedies",22,May,2015
s5203,Movie,Ricky Gervais: Humanity,United Kingdom,TV-MA,79,Stand-Up Comedy,13,March,2018
s5204,Movie,Ride Like a Girl,Australia,PG,99,"Children & Family Movies, Dramas, Independent Movies",27,June,2020
s5205,TV Show,RIDE ON TIME,Unknown,TV-PG,2,"Docuseries, International TV Shows",13,August,2020
s5206,Movie,Riding Faith,United States,TV-PG,81,"Children & Family Movies, Dramas, Faith & Spirituality",17,June,2020
s5207,Movie,Right Here Right Now,Germany,TV-MA,91,"Comedies, Dramas, Independent Movies",16,June,2019
s5208,Movie,Righteous Kill,United States,R,101,"Dramas, Thrillers",1,June,2019
s5209,TV Show,Rilakkuma and Kaoru,"Japan, United States",TV-PG,1,"Anime Series, International TV Shows",19,April,2019
s5210,Movie,Rim of the World,United States,TV-14,99,"Action & Adventure, Independent Movies, Sci-Fi & Fantasy",24,May,2019
s5211,TV Show,Rimba Racer,Malaysia,TV-PG,1,Kids' TV,5,April,2019
s5212,Movie,Ringan,India,TV-14,103,"Dramas, International Movies",1,May,2018
s5213,Movie,Riot,Unknown,TV-MA,88,Action & Adventure,1,January,2020
s5214,Movie,Rip Tide,"Australia, United Arab Emirates",TV-PG,87,"Children & Family Movies, Dramas, Sports Movies",15,January,2018
s5215,Movie,Riphagen - The Untouchable,Netherlands,TV-14,132,"Dramas, International Movies",1,October,2016
s5216,TV Show,Ripper Street,"United Kingdom, Ireland",TV-MA,5,"British TV Shows, Crime TV Shows, TV Dramas",8,September,2017
s5217,TV Show,Rise of Empires: Ottoman,Unknown,TV-MA,1,Docuseries,24,January,2020
s5218,Movie,Rise of the Zombie,India,TV-MA,83,"Horror Movies, International Movies",15,December,2017
s5219,Movie,Rise: Ini Kalilah,Malaysia,TV-PG,101,"Dramas, International Movies",27,February,2019
s5220,TV Show,Rishta.com,India,TV-14,1,"International TV Shows, Romantic TV Shows, TV Comedies",15,March,2018
s5221,Movie,Rising High,Germany,TV-MA,95,"Dramas, International Movies",17,April,2020
s5222,Movie,Rising Phoenix,United Kingdom,PG-13,107,"Documentaries, International Movies, Sports Movies",26,August,2020
s5223,TV Show,Rita,Denmark,TV-MA,5,"International TV Shows, TV Comedies, TV Dramas",15,August,2020
s5224,Movie,Rivaaz,India,TV-MA,107,"Dramas, Independent Movies, International Movies",1,November,2017
s5225,Movie,"River, el más grande siempre",Argentina,TV-G,105,"Documentaries, International Movies, Sports Movies",5,July,2019
s5226,Movie,River's Edge,Japan,TV-MA,118,"Dramas, International Movies",2,March,2019
s5227,TV Show,Riverdale,United States,TV-14,4,"Crime TV Shows, TV Dramas, TV Mysteries",14,May,2020
s5228,Movie,Rize,"United States, United Kingdom",PG-13,87,Documentaries,1,October,2020
s5229,Movie,Road To High & Low,Japan,TV-MA,94,"Action & Adventure, International Movies",20,September,2020
s5230,Movie,ROAD TO ROMA,Mexico,TV-PG,73,"Documentaries, International Movies",11,February,2020
s5231,Movie,Road to Sangam,India,TV-14,136,"Dramas, Independent Movies, International Movies",31,December,2019
s5232,Movie,Road to Yesterday,Nigeria,TV-14,96,"Dramas, International Movies",1,July,2016
s5233,Movie,Road Trip: Beer Pong,United States,R,97,Comedies,1,January,2020
s5234,Movie,"Rob Schneider: Asian Momma, Mexican Kids",United States,TV-MA,44,Stand-Up Comedy,11,August,2020
s5235,Movie,Roberto Saviano: Writing Under Police Protection,Italy,TV-14,45,"Documentaries, International Movies",1,May,2018
s5236,Movie,Robin Hood: The Rebellion,United Kingdom,TV-14,92,"Action & Adventure, Independent Movies, International Movies",1,May,2019
s5237,TV Show,Robocar Poli,South Korea,TV-Y,4,"Kids' TV, Korean TV Shows",1,September,2017
s5238,TV Show,Robot Trains,South Korea,TV-Y7,2,"Kids' TV, Korean TV Shows",31,December,2019
s5239,TV Show,Robotech,"United States, Japan",TV-MA,1,Anime Series,1,October,2016
s5240,TV Show,Robozuna,United Kingdom,TV-Y7,2,"British TV Shows, Kids' TV",15,March,2019
s5241,Movie,Rocco,France,TV-MA,103,"Documentaries, International Movies",1,September,2017
s5242,Movie,Rock My Heart,Germany,TV-PG,110,"Children & Family Movies, Dramas, International Movies",7,June,2019
s5243,Movie,Rock On!!,India,TV-14,139,"Dramas, International Movies, Music & Musicals",15,December,2019
s5244,Movie,Rocko's Modern Life: Static Cling,United States,TV-Y7,46,"Children & Family Movies, Comedies, LGBTQ Movies",9,August,2019
s5245,Movie,Rocky,United States,PG,120,"Action & Adventure, Classic Movies, Dramas",1,August,2019
s5246,Movie,Rocky Handsome,India,TV-MA,119,"Action & Adventure, International Movies",17,February,2017
s5247,Movie,Rocky II,United States,PG,119,"Dramas, Sports Movies",1,August,2019
s5248,Movie,Rocky III,United States,PG,100,"Dramas, Sports Movies",1,August,2019
s5249,Movie,Rocky IV,United States,PG,92,"Dramas, Sports Movies",1,August,2019
s5250,Movie,Rocky V,United States,PG-13,104,"Dramas, Sports Movies",1,August,2019
s5251,Movie,Rodney Carrington: Here Comes the Truth,United States,TV-MA,66,Stand-Up Comedy,3,October,2017
s5252,Movie,Rodney King,United States,TV-MA,53,Dramas,28,April,2017
s5253,Movie,Roger Corman's Death Race 2050,United States,R,93,"Action & Adventure, Sci-Fi & Fantasy",17,January,2017
s5254,Movie,Rogue City,France,TV-MA,116,"Dramas, International Movies, Thrillers",30,October,2020
s5255,Movie,Rogue Warfare,United States,R,103,Action & Adventure,28,March,2020
s5256,Movie,Rogue Warfare: The Hunt,United States,R,104,Action & Adventure,1,August,2020
s5257,Movie,Roh's Beauty,Egypt,TV-MA,98,"Dramas, International Movies",19,April,2019
s5258,Movie,Roll Red Roll,United States,TV-MA,80,Documentaries,8,August,2019
s5259,Movie,Roll With Me,United States,TV-MA,90,"Documentaries, Sports Movies",1,December,2018
s5260,Movie,Rolling Papers,"United States, Uruguay",TV-MA,79,Documentaries,8,September,2017
s5261,Movie,Rolling Thunder Revue: A Bob Dylan Story by Martin Scorsese,United States,TV-MA,142,"Documentaries, Music & Musicals",12,June,2019
s5262,Movie,ROMA,"Mexico, United States",R,135,"Dramas, Independent Movies, International Movies",14,December,2018
s5263,TV Show,Roman Empire: Reign of Blood,"Canada, United States",TV-MA,3,Docuseries,5,April,2019
s5264,Movie,Romance Doll,Japan,TV-MA,124,"Dramas, International Movies, Romantic Movies",24,July,2020
s5265,TV Show,Romance is a bonus book,South Korea,TV-14,1,"International TV Shows, Korean TV Shows, Romantic TV Shows",3,February,2019
s5266,Movie,Romantik Komedi,Turkey,NR,110,"Comedies, International Movies, Romantic Movies",10,March,2017
s5267,Movie,Romantik Komedi 2: Bekarlığa Veda,Turkey,TV-14,105,"Comedies, International Movies, Romantic Movies",10,March,2017
s5268,Movie,Romeo Akbar Walter,India,TV-14,141,"Dramas, International Movies, Thrillers",30,June,2019
s5269,Movie,Romeo Ranjha,"India, Canada",TV-14,122,"Action & Adventure, Comedies, Music & Musicals",1,November,2017
s5270,Movie,Romina,Mexico,TV-MA,75,"Horror Movies, Independent Movies, International Movies",13,July,2018
s5271,Movie,"Ron White: If You Quit Listening, I'll Shut Up",United States,TV-MA,63,Stand-Up Comedy,16,October,2018
s5272,Movie,Ronnie Coleman: The King,United States,TV-MA,93,Documentaries,25,October,2018
s5273,Movie,Ronny Chieng: Asian Comedian Destroys America!,United States,TV-MA,63,Stand-Up Comedy,17,December,2019
s5274,TV Show,Rookie Historian Goo Hae-Ryung,South Korea,TV-14,1,"International TV Shows, Korean TV Shows, Romantic TV Shows",18,July,2019
s5275,Movie,Room,"Ireland, Canada, United Kingdom, United States",R,118,"Dramas, Independent Movies",19,July,2018
s5276,TV Show,Room 2806: The Accusation,France,TV-MA,1,"Crime TV Shows, Docuseries, International TV Shows",7,December,2020
s5277,Movie,Room for Rent,Canada,TV-MA,89,"Comedies, Independent Movies",1,March,2019
s5278,Movie,Room on the Broom,"United Kingdom, Germany",TV-Y7,26,"Children & Family Movies, Independent Movies",1,July,2019
s5279,TV Show,Roonpi Secret Love,Thailand,TV-14,3,"International TV Shows, Romantic TV Shows, Teen TV Shows",21,June,2019
s5280,Movie,Rooting for Roona,India,TV-PG,42,"Documentaries, International Movies",15,October,2020
s5281,Movie,Roots,Unknown,TV-PG,62,"Documentaries, International Movies, Music & Musicals",1,November,2017
s5282,Movie,Roped,United States,PG,90,"Children & Family Movies, Dramas, Romantic Movies",2,May,2020
s5283,Movie,Rory Scovel Tries Stand-Up for the First Time,United States,TV-MA,66,Stand-Up Comedy,20,June,2017
s5284,TV Show,Rosario Tijeras,Mexico,TV-MA,2,"Crime TV Shows, International TV Shows, Spanish-Language TV Shows",20,May,2019
s5285,Movie,Rose Island,Italy,TV-14,119,"Comedies, Dramas, International Movies",9,December,2020
s5286,Movie,Rosemary's Baby,United States,R,137,"Classic Movies, Horror Movies, Thrillers",1,November,2019
s5287,TV Show,"Roswell, New Mexico",United States,TV-14,2,"Classic & Cult TV, TV Dramas, TV Sci-Fi & Fantasy",23,June,2020
s5288,TV Show,Rotten,United States,TV-MA,2,"Docuseries, Science & Nature TV",4,October,2019
s5289,Movie,Rounders,United States,R,121,Dramas,1,November,2019
s5290,Movie,Rowdy Rathore,India,TV-14,137,"Action & Adventure, Comedies, International Movies",2,August,2018
s5291,Movie,Roxanne Roxanne,United States,TV-MA,100,Dramas,23,March,2018
s5292,TV Show,Royal Pains,United States,TV-PG,8,"TV Comedies, TV Dramas",18,May,2017
s5293,TV Show,Rubi,Mexico,TV-PG,1,"International TV Shows, Romantic TV Shows, Spanish-Language TV Shows",31,December,2017
s5294,Movie,Rudy Habibie,Indonesia,TV-14,143,"Dramas, International Movies",28,January,2019
s5295,TV Show,Rugal,South Korea,TV-MA,1,"Crime TV Shows, International TV Shows, Korean TV Shows",29,March,2020
s5296,Movie,Rugrats in Paris: The Movie,"Germany, United States",G,79,"Children & Family Movies, Comedies",1,October,2019
s5297,Movie,Rukh,India,TV-MA,103,"Dramas, Independent Movies, International Movies",1,April,2018
s5298,Movie,Rumble,Mexico,TV-MA,92,"Action & Adventure, Independent Movies",15,September,2017
s5299,Movie,Rumble in the Bronx,Hong Kong,R,89,"Action & Adventure, Comedies, International Movies",1,November,2019
s5300,Movie,Rumor Has It,"United States, Germany, Australia",PG-13,97,"Comedies, Romantic Movies",1,August,2019
s5301,Movie,Run,India,TV-14,134,"Action & Adventure, International Movies, Music & Musicals",1,March,2018
s5302,TV Show,Run On,South Korea,TV-MA,1,"International TV Shows, Romantic TV Shows, TV Comedies",17,December,2020
s5303,Movie,Runaway Bride,United States,PG,116,"Comedies, Romantic Movies",1,December,2020
s5304,Movie,Running for Grace,United States,TV-14,110,"Dramas, Romantic Movies",19,June,2019
s5305,TV Show,Running Man,Unknown,TV-Y7,1,"Kids' TV, TV Comedies",1,January,2021
s5306,Movie,Running Out Of Time,United States,TV-14,88,Thrillers,1,August,2019
s5307,Movie,Running Shaadi,India,TV-14,115,"Comedies, International Movies, Romantic Movies",30,April,2018
s5308,TV Show,Rurouni Kenshin,Japan,TV-14,3,"Anime Series, International TV Shows",1,January,2020
s5309,Movie,Rush: Beyond the Lighted Stage,Canada,TV-MA,107,"Documentaries, Music & Musicals",15,February,2017
s5310,Movie,RUSSELL BRAND: RE:BIRTH,Unknown,TV-MA,63,Stand-Up Comedy,4,December,2018
s5311,Movie,Russell Howard: Recalibrate,United Kingdom,TV-MA,69,Stand-Up Comedy,19,December,2017
s5312,Movie,Russell Madness,United States,PG,93,"Children & Family Movies, Comedies, Sports Movies",10,May,2015
s5313,TV Show,Russell Peters vs. the World,United States,NR,1,"Docuseries, Stand-Up Comedy & Talk Shows",14,October,2013
s5314,Movie,Russell Peters: Almost Famous,United States,TV-MA,73,Stand-Up Comedy,7,October,2016
s5315,Movie,Russell Peters: Notorious,United States,NR,72,Stand-Up Comedy,14,October,2013
s5316,TV Show,Russian Doll,United States,TV-MA,1,"TV Comedies, TV Dramas",1,February,2019
s5317,Movie,Rust Creek,United States,R,108,Thrillers,30,November,2020
s5318,TV Show,Rust Valley Restorers,Canada,TV-14,3,"International TV Shows, Reality TV",21,August,2020
s5319,Movie,Rustom,India,TV-14,141,"Dramas, International Movies",6,January,2017
s5320,Movie,Ryan Hamilton: Happy Face,United States,TV-14,57,Stand-Up Comedy,29,August,2017
s5321,Movie,S Is for Stanley,Italy,TV-MA,82,"Documentaries, International Movies",15,June,2017
s5322,Movie,S Storm,"Hong Kong, China",TV-MA,95,"Action & Adventure, International Movies",19,October,2018
s5323,Movie,S.W.A.T.,United States,PG-13,117,Action & Adventure,1,January,2021
s5324,Movie,"Sí, Mi Amor",Unknown,TV-MA,107,"Comedies, International Movies, Romantic Movies",6,May,2020
s5325,Movie,Saadey CM Saab,India,TV-PG,131,"Comedies, Dramas, International Movies",1,October,2018
s5326,Movie,Saaho,India,TV-14,172,"Action & Adventure, International Movies",8,December,2019
s5327,Movie,Saath Saath,India,TV-14,118,"Dramas, Independent Movies, International Movies",31,December,2019
s5328,Movie,Saavat,India,TV-14,118,"Dramas, Independent Movies, International Movies",23,August,2019
s5329,Movie,Saawan,Pakistan,TV-14,128,"Dramas, Independent Movies, International Movies",4,September,2019
s5330,TV Show,Sab Jholmaal Hai,India,TV-Y7,3,"Kids' TV, TV Comedies",18,October,2020
s5331,Movie,Sabrina,Indonesia,TV-MA,114,"Horror Movies, International Movies",20,November,2018
s5332,TV Show,Sacred Games,"India, United States",TV-MA,2,"Crime TV Shows, International TV Shows, TV Dramas",15,August,2019
s5333,Movie,Sacro GRA,"Italy, France",TV-MA,91,"Documentaries, International Movies",21,March,2017
s5334,Movie,Sad Hill Unearthed,Spain,TV-14,83,"Documentaries, International Movies",15,December,2018
s5335,Movie,Sadece Sen,Turkey,TV-MA,105,"Dramas, International Movies, Romantic Movies",10,March,2017
s5336,Movie,Sadie's Last Days on Earth,Canada,TV-14,94,"Comedies, Sci-Fi & Fantasy",22,August,2017
s5337,Movie,Sadma,India,TV-14,137,"Dramas, International Movies, Romantic Movies",31,December,2019
s5338,TV Show,Sadqay Tumhare,Pakistan,TV-PG,1,"International TV Shows, Romantic TV Shows, TV Dramas",15,December,2016
s5339,Movie,Saeed Mirza: The Leftist Sufi,India,TV-MA,61,"Documentaries, International Movies",1,May,2017
s5340,TV Show,Safe,United Kingdom,TV-MA,1,"British TV Shows, Crime TV Shows, International TV Shows",5,February,2019
s5341,Movie,Safety Not Guaranteed,United States,R,86,"Comedies, Independent Movies, Romantic Movies",13,August,2020
s5342,Movie,Sahara,"France, Canada",TV-Y7,86,Children & Family Movies,12,May,2017
s5343,Movie,Saheb Bibi Golaam,India,TV-MA,118,"Dramas, International Movies",1,January,2017
s5344,Movie,Saheb Biwi Aur Gangster Returns,India,TV-MA,139,"Dramas, International Movies, Romantic Movies",19,September,2020
s5345,TV Show,Saint Seiya,Japan,TV-14,6,Anime Series,1,April,2020
s5346,TV Show,Saint Seiya: The Lost Canvas,Japan,TV-MA,1,"Anime Series, International TV Shows",15,May,2018
s5347,Movie,Sairat,India,TV-14,173,"Dramas, International Movies, Romantic Movies",1,April,2018
s5348,Movie,Sakaling Maging Tayo,Philippines,TV-14,90,"International Movies, Romantic Movies",17,December,2020
s5349,Movie,Sakhi,India,TV-PG,152,"Dramas, International Movies, Music & Musicals",15,February,2018
s5350,TV Show,Sakho & Mangane,Senegal,TV-MA,1,"Crime TV Shows, International TV Shows, TV Dramas",27,December,2020
s5351,Movie,Salaakhen,India,TV-14,134,"Action & Adventure, International Movies, Music & Musicals",1,April,2017
s5352,Movie,Saladin,Egypt,TV-MA,194,"Action & Adventure, Classic Movies, Dramas",18,June,2020
s5353,Movie,Salam - The First ****** Nobel Laureate,United States,TV-PG,76,Documentaries,2,October,2019
s5354,Movie,Salem: His Sister's Father,Egypt,TV-14,99,"Dramas, International Movies",22,June,2019
s5355,TV Show,Salt Fat Acid Heat,Unknown,TV-PG,1,Docuseries,11,October,2018
s5356,TV Show,Sam & Cat,United States,TV-PG,2,"Kids' TV, TV Comedies",5,November,2019
s5357,Movie,Sam Jay: 3 In The Morning,United States,TV-MA,64,Stand-Up Comedy,4,August,2020
s5358,Movie,Sam Kinison: Breaking the Rules,United States,TV-MA,50,Stand-Up Comedy,31,December,2018
s5359,Movie,Sam Kinison: Family Entertainment Hour,United States,TV-MA,49,Stand-Up Comedy,31,December,2018
s5360,Movie,Sam Kinison: Live in Vegas,United States,TV-MA,71,Stand-Up Comedy,31,December,2018
s5361,Movie,Sam Kinison: The Scream Continues,United States,TV-MA,29,Documentaries,31,December,2018
s5362,Movie,Samantaral,India,TV-MA,110,"Dramas, International Movies",15,September,2018
s5363,TV Show,Samantha!,Brazil,TV-MA,2,"International TV Shows, TV Comedies",19,April,2019
s5364,Movie,Samarppanam,India,TV-PG,116,"Dramas, International Movies",1,March,2018
s5365,Movie,Same Kind of Different as Me,United States,PG-13,119,"Dramas, Faith & Spirituality",17,August,2018
s5366,Movie,Sameer Abu Alneel,Egypt,TV-14,107,"Comedies, International Movies",6,June,2019
s5367,TV Show,Sammy & Co,France,TV-Y,1,"Kids' TV, TV Comedies",25,December,2015
s5368,Movie,Sample This,United States,TV-14,83,"Documentaries, Music & Musicals",15,September,2016
s5369,Movie,Samson,"South Africa, United States",PG-13,109,"Action & Adventure, Dramas, Faith & Spirituality",14,December,2018
s5370,Movie,Samudri Lootere,Unknown,TV-Y,65,Children & Family Movies,18,June,2019
s5371,TV Show,Samurai Gourmet,Japan,TV-PG,1,"International TV Shows, TV Dramas",17,March,2017
s5372,Movie,San Pietro,United States,TV-14,32,"Classic Movies, Documentaries",31,March,2017
s5373,Movie,Sanai Choughade,India,TV-14,122,"Comedies, Dramas, International Movies",1,January,2018
s5374,Movie,Sand Castle,United States,TV-MA,113,"Action & Adventure, Dramas, Independent Movies",21,April,2017
s5375,Movie,Sand Storm,"Israel, Germany, France",TV-PG,88,"Dramas, Independent Movies, International Movies",15,December,2016
s5376,Movie,Sandy Wexler,United States,TV-14,131,Comedies,14,April,2017
s5377,Movie,Sangam,India,TV-14,228,"Classic Movies, Dramas, International Movies",31,December,2019
s5378,Movie,Sanju,India,TV-MA,159,"Dramas, International Movies",15,October,2018
s5379,TV Show,SanPa: Sins of the Savior,Italy,TV-MA,1,"Crime TV Shows, Docuseries, International TV Shows",30,December,2020
s5380,Movie,Santa Banta Pvt Ltd,India,TV-14,111,"Comedies, International Movies",19,September,2020
s5381,TV Show,Santa Clarita Diet,United States,TV-MA,3,"TV Comedies, TV Horror, TV Thrillers",29,March,2019
s5382,Movie,Santa Claws,United States,TV-PG,86,"Children & Family Movies, Comedies",17,November,2017
s5383,Movie,Santa Girl,United States,TV-PG,91,"Children & Family Movies, Comedies, Romantic Movies",1,November,2019
s5384,Movie,Santa Pac's Merry Berry Day,Unknown,TV-Y,44,Movies,1,November,2016
s5385,Movie,Santa's Apprentice,"Australia, France, Ireland",TV-G,72,Children & Family Movies,20,December,2015
s5386,Movie,Santana,"South Africa, Angola",TV-MA,107,"Action & Adventure, International Movies",28,August,2020
s5387,Movie,Santo Cachón,Colombia,TV-14,87,"Comedies, International Movies, Romantic Movies",26,October,2018
s5388,Movie,Sara's Notebook,Spain,TV-MA,117,"Dramas, International Movies, Thrillers",26,May,2018
s5389,Movie,Sarah Cooper: Everything's Fine,United States,TV-MA,50,Comedies,27,October,2020
s5390,Movie,Sarah Silverman A Speck of Dust,United States,TV-MA,71,Stand-Up Comedy,30,May,2017
s5391,Movie,Sarah's Key,France,PG-13,102,"Dramas, International Movies",21,September,2019
s5392,Movie,Sarajevo,"Austria, Czech Republic",TV-PG,98,"Dramas, International Movies",15,January,2017
s5393,Movie,Sardaar ji,Canada,TV-14,140,"Comedies, International Movies, Music & Musicals",1,December,2017
s5394,Movie,Sardaarji 2,"Australia, India",TV-PG,145,"Action & Adventure, Comedies, International Movies",15,October,2017
s5395,Movie,Sarivar Sari,India,TV-14,126,"Dramas, International Movies",15,February,2018
s5396,Movie,Sarkar,Unknown,TV-MA,162,"Action & Adventure, Dramas, International Movies",2,March,2019
s5397,Movie,Sarvam Thaala Mayam (Tamil Version),Unknown,TV-14,131,"Dramas, International Movies, Music & Musicals",1,March,2019
s5398,Movie,Sarvam Thaala Mayam (Telugu Version),India,TV-14,131,"Dramas, International Movies, Music & Musicals",8,April,2019
s5399,Movie,Sarvopari Palakkaran,India,TV-14,133,"Dramas, International Movies",1,July,2018
s5400,Movie,Sat Shri Akaal England,India,TV-14,127,"Comedies, Dramas, International Movies",1,October,2018
s5401,Movie,Sat Sri Akal,India,TV-14,141,"Dramas, Faith & Spirituality, International Movies",30,January,2019
s5402,Movie,Satan & Adam,United States,TV-MA,78,"Documentaries, Music & Musicals",1,June,2019
s5403,TV Show,Satrangi,Unknown,TV-PG,1,"Docuseries, International TV Shows",1,April,2017
s5404,Movie,Satrangi Re,India,TV-14,150,"Dramas, International Movies, Music & Musicals",15,March,2018
s5405,Movie,Satria Heroes: Revenge of the Darkness,Indonesia,TV-G,92,Children & Family Movies,10,September,2020
s5406,Movie,Satte Pe Satta,India,TV-14,153,"Comedies, Cult Movies, Dramas",31,December,2019
s5407,TV Show,Satu Hari,Unknown,TV-PG,1,"International TV Shows, TV Dramas",29,September,2017
s5408,Movie,Saturday Church,United States,TV-MA,83,"Dramas, LGBTQ Movies",6,October,2020
s5409,Movie,Satyagraha,India,TV-14,146,"Dramas, International Movies, Music & Musicals",1,November,2018
s5410,Movie,Saudi Arabia Uncovered,United Kingdom,TV-14,52,Documentaries,1,September,2016
s5411,Movie,Savage Dog,United States,TV-MA,95,"Action & Adventure, Independent Movies",1,November,2017
s5412,Movie,Savage Raghda,Egypt,TV-MA,93,"Comedies, International Movies, Romantic Movies",13,June,2019
s5413,TV Show,Save Me,South Korea,TV-MA,1,"International TV Shows, Korean TV Shows, TV Dramas",1,January,2020
s5414,TV Show,Save Our Shelter,United States,TV-G,1,Reality TV,18,August,2018
s5415,Movie,Saverio Raimondo: Il Satiro Parlante,Italy,TV-MA,53,Stand-Up Comedy,17,May,2019
s5416,Movie,Saving Capitalism,United States,TV-PG,73,Documentaries,21,November,2017
s5417,Movie,Saving Mr. Banks,"United States, United Kingdom, Australia",PG-13,126,"Comedies, Dramas",2,March,2019
s5418,Movie,Saving Zoë,United States,R,95,Dramas,15,January,2020
s5419,Movie,Savita Damodar Paranjpe,India,TV-14,119,"Horror Movies, International Movies",15,November,2018
s5420,TV Show,Say I Do,United States,TV-14,1,"Reality TV, Romantic TV Shows",1,July,2020
s5421,Movie,Say When,United States,R,99,"Comedies, Dramas, Independent Movies",19,July,2018
s5422,Movie,Sayed the Servant,Unknown,TV-14,173,"Comedies, International Movies",21,May,2020
s5423,Movie,Scales: Mermaids Are Real,United States,PG,93,Children & Family Movies,23,January,2020
s5424,TV Show,SCAMS,Japan,TV-14,1,"Crime TV Shows, International TV Shows, TV Dramas",6,November,2019
s5425,TV Show,Scandal,United States,TV-14,7,"Crime TV Shows, TV Dramas",19,May,2018
s5426,Movie,Scandal in Sorrento,"Italy, France",TV-PG,93,"Classic Movies, Comedies, Independent Movies",13,November,2020
s5427,TV Show,Scare Tactics,United States,TV-MA,2,"Reality TV, TV Comedies, TV Horror",30,June,2019
s5428,Movie,Scarecrow,Egypt,TV-MA,121,"Comedies, International Movies",20,August,2020
s5429,Movie,Scary Movie,United States,R,88,"Comedies, Horror Movies",1,January,2020
s5430,Movie,Scary Movie 5,United States,PG-13,88,"Comedies, Horror Movies",12,August,2020
s5431,Movie,Schindler's List,United States,R,195,"Classic Movies, Dramas",1,April,2018
s5432,TV Show,Schitt's Creek,"Canada, United States",TV-MA,6,TV Comedies,3,October,2020
s5433,Movie,School Daze,United States,R,120,"Comedies, Dramas",1,November,2020
s5434,Movie,School Life,France,TV-MA,112,"Comedies, Dramas, International Movies",10,April,2020
s5435,Movie,Schubert In Love,Germany,TV-14,94,"Comedies, International Movies",1,March,2018
s5436,TV Show,Schulz Saves America,United States,TV-MA,1,"Stand-Up Comedy & Talk Shows, TV Comedies",17,December,2020
s5437,TV Show,Scissor Seven,China,TV-14,2,"International TV Shows, TV Action & Adventure, TV Comedies",7,May,2020
s5438,Movie,Scooby-Doo on Zombie Island,United States,TV-PG,77,Children & Family Movies,15,December,2019
s5439,TV Show,Scooby-Doo!: Mystery Incorporated,United States,TV-Y7,2,"Kids' TV, TV Comedies",15,December,2019
s5440,Movie,Scorpion King 5: Book of Souls,United States,PG-13,102,"Action & Adventure, Sci-Fi & Fantasy",23,October,2018
s5441,Movie,Scott Pilgrim vs. the World,"United States, United Kingdom, Canada, Japan",PG-13,112,"Action & Adventure, Comedies, Cult Movies",16,September,2018
s5442,TV Show,Scream,United States,TV-MA,3,"Crime TV Shows, TV Horror, TV Mysteries",1,September,2019
s5443,Movie,Scream 2,United States,R,121,Horror Movies,1,October,2019
s5444,Movie,Scream 3,United States,R,117,Horror Movies,1,July,2019
s5445,Movie,Screwball,United States,TV-MA,105,"Documentaries, Sports Movies",6,August,2019
s5446,Movie,SDU: Sex Duties Unit,Hong Kong,TV-MA,96,"Comedies, International Movies",1,December,2018
s5447,TV Show,Señora Acero,"Mexico, United States",TV-MA,5,"Crime TV Shows, International TV Shows, Spanish-Language TV Shows",28,April,2019
s5448,Movie,Seal Team Six: The Raid on Osama Bin Laden,United States,TV-MA,90,Action & Adventure,1,January,2020
s5449,Movie,Search Party,United States,R,93,Comedies,16,March,2020
s5450,Movie,Searching for Bobby Fischer,United States,PG,110,"Children & Family Movies, Classic Movies, Dramas",7,December,2020
s5451,Movie,Searching for Sugar Man,"Sweden, United Kingdom, Finland",PG-13,86,"Documentaries, International Movies, Music & Musicals",1,December,2019
s5452,Movie,Season of the Witch,United States,PG-13,95,"Action & Adventure, Sci-Fi & Fantasy",26,April,2019
s5453,Movie,Sebastián Marcelo Wainraich,Argentina,TV-MA,49,Stand-Up Comedy,26,January,2018
s5454,Movie,Sebastian Maniscalco: Stay Hungry,United States,TV-MA,65,Stand-Up Comedy,15,January,2019
s5455,Movie,Sebastian Maniscalco: What's Wrong with People?,United States,TV-MA,76,Stand-Up Comedy,17,September,2019
s5456,Movie,Sebastian Maniscalco: Why Would You Do That,United States,TV-MA,63,Stand-Up Comedy,6,August,2019
s5457,TV Show,Second 20s,South Korea,TV-14,1,"International TV Shows, Korean TV Shows, Romantic TV Shows",16,October,2019
s5458,Movie,Secret,"Hong Kong, Taiwan",TV-PG,101,"Dramas, International Movies, Music & Musicals",1,July,2018
s5459,TV Show,Secret Affair,South Korea,TV-14,1,"International TV Shows, Korean TV Shows, Romantic TV Shows",22,May,2017
s5460,TV Show,Secret City,Australia,TV-MA,2,"International TV Shows, TV Dramas, TV Mysteries",6,March,2019
s5461,Movie,Secret in Their Eyes,"United States, United Kingdom, Spain, South Korea",PG-13,111,"Dramas, Thrillers",1,April,2018
s5462,Movie,Secret Obsession,United States,TV-14,98,Thrillers,18,July,2019
s5463,TV Show,Secret of Success,Unknown,TV-14,1,"International TV Shows, Romantic TV Shows, TV Comedies",8,May,2019
s5464,TV Show,Secret of the Nile,Egypt,TV-14,1,"International TV Shows, Romantic TV Shows, TV Dramas",15,March,2018
s5465,Movie,Secret Superstar,India,TV-14,150,"Dramas, International Movies, Music & Musicals",23,March,2018
s5466,TV Show,Secreto bien guardado,Argentina,TV-MA,1,"International TV Shows, Romantic TV Shows, Spanish-Language TV Shows",1,October,2020
s5467,Movie,Secrets in the Hot Spring,Taiwan,TV-14,108,"Comedies, Horror Movies, International Movies",31,December,2018
s5468,Movie,Secrets of Althorp - The Spencers,United States,TV-PG,54,"Documentaries, International Movies",22,April,2017
s5469,Movie,Secrets of Chatsworth,United States,TV-PG,54,"Documentaries, International Movies",22,February,2017
s5470,TV Show,Secrets of Great British Castles,United Kingdom,TV-PG,1,"British TV Shows, Docuseries, International TV Shows",1,April,2019
s5471,Movie,Secrets of Henry VIII's Palace: Hampton Court,United States,TV-PG,54,"Documentaries, International Movies",22,February,2017
s5472,Movie,Secrets of Her Majesty's Secret Service,United Kingdom,TV-PG,55,"Documentaries, International Movies",22,February,2017
s5473,Movie,Secrets of Highclere Castle,United States,TV-PG,54,"Documentaries, International Movies",22,February,2017
s5474,Movie,Secrets of Scotland Yard,United Kingdom,TV-14,55,Documentaries,22,April,2017
s5475,Movie,Secrets of Selfridges,United States,TV-PG,55,Documentaries,22,April,2017
s5476,Movie,Secrets of the Saqqara Tomb,United States,TV-PG,114,Documentaries,28,October,2020
s5477,Movie,Secrets of the Tower of London,United Kingdom,TV-PG,55,Documentaries,22,February,2017
s5478,Movie,Secrets of Underground London,United Kingdom,TV-PG,55,"Documentaries, International Movies",22,April,2017
s5479,Movie,Secrets of Westminster,"United States, United Kingdom",TV-PG,55,"Documentaries, International Movies",22,April,2017
s5480,Movie,Security,United States,R,92,Action & Adventure,3,October,2017
s5481,TV Show,See You in Time,Unknown,TV-14,1,"International TV Shows, Romantic TV Shows, TV Dramas",4,January,2019
s5482,Movie,See You Yesterday,United States,TV-MA,87,"Dramas, Sci-Fi & Fantasy, Thrillers",17,May,2019
s5483,Movie,Seeing Allred,United States,TV-14,96,Documentaries,9,February,2018
s5484,Movie,Sei,India,TV-14,126,"Action & Adventure, Comedies, Dramas",25,March,2019
s5485,TV Show,Seis Manos,United States,TV-MA,1,"Anime Series, Crime TV Shows",3,October,2019
s5486,TV Show,Selection Day,India,TV-14,1,"International TV Shows, TV Dramas, Teen TV Shows",28,December,2018
s5487,TV Show,Selena: The Series,"Mexico, United States",TV-PG,1,TV Dramas,4,December,2020
s5488,TV Show,Self Made: Inspired by the Life of Madam C.J. Walker,United States,TV-MA,1,TV Dramas,20,March,2020
s5489,Movie,Selfless,United States,PG-13,117,"Sci-Fi & Fantasy, Thrillers",16,August,2019
s5490,TV Show,Selling Sunset,Unknown,TV-MA,3,Reality TV,7,August,2020
s5491,Movie,Semana Santa,Mexico,TV-MA,87,"Dramas, International Movies",31,January,2017
s5492,Movie,Sen Kimsin?,Turkey,TV-14,102,"Comedies, International Movies",10,March,2017
s5493,Movie,Senna,"United Kingdom, France, United States",PG-13,106,"Documentaries, International Movies, Sports Movies",1,October,2019
s5494,TV Show,Sense8,United States,TV-MA,2,"Crime TV Shows, TV Dramas, TV Mysteries",23,December,2016
s5495,TV Show,Sensitive Skin,Canada,TV-MA,1,TV Comedies,1,December,2019
s5496,Movie,Seoul Searching,"South Korea, China, United States",TV-MA,109,"Comedies, Dramas, International Movies",15,December,2017
s5497,Movie,Septembers of Shiraz,United States,PG-13,110,"Dramas, Thrillers",24,August,2020
s5498,Movie,"Septiembre, un llanto en silencio",Guatemala,TV-MA,69,"Dramas, Independent Movies, International Movies",10,March,2018
s5499,Movie,Sergio,United States,R,119,"Dramas, Independent Movies",17,April,2020
s5500,TV Show,Serial Killer with Piers Morgan,United Kingdom,TV-14,1,"British TV Shows, Crime TV Shows, Docuseries",1,September,2019
s5501,Movie,Serious Men,India,TV-MA,115,"Comedies, Dramas, International Movies",2,October,2020
s5502,Movie,Seriously Single,South Africa,TV-MA,108,"Comedies, International Movies, Romantic Movies",31,July,2020
s5503,TV Show,Servant of the People,Ukraine,TV-14,1,"International TV Shows, TV Comedies",1,March,2017
s5504,Movie,Set It Up,United States,TV-MA,106,"Comedies, Romantic Movies",15,June,2018
s5505,Movie,Set Off,China,TV-MA,96,"Dramas, International Movies",1,December,2018
s5506,Movie,Set Up,United States,R,85,Action & Adventure,10,January,2020
s5507,Movie,Seth Meyers: Lobby Baby,United States,TV-MA,61,Stand-Up Comedy,5,November,2019
s5508,Movie,Seth Rogen's Hilarity for Charity,United States,TV-MA,70,Stand-Up Comedy,6,April,2018
s5509,Movie,SETHUM AAYIRAM PON,India,TV-MA,103,"Dramas, Independent Movies, International Movies",1,April,2020
s5510,Movie,Settai,India,TV-14,123,"Comedies, International Movies, Music & Musicals",1,November,2018
s5511,Movie,Seven (Tamil),India,TV-MA,111,"Dramas, International Movies, Romantic Movies",26,June,2020
s5512,Movie,Seven (Telugu),Unknown,TV-14,116,"Dramas, International Movies, Romantic Movies",26,June,2020
s5513,Movie,Seven and a half dates,Unknown,TV-14,107,"Dramas, International Movies, Romantic Movies",13,December,2019
s5514,TV Show,Seven and Me,France,TV-Y,1,Kids' TV,15,October,2017
s5515,Movie,Seven in Heaven,United States,PG-13,94,Horror Movies,6,October,2018
s5516,Movie,Seven Pounds,United States,PG-13,123,"Dramas, Romantic Movies",1,December,2018
s5517,TV Show,Seven Seconds,United States,TV-MA,1,"Crime TV Shows, TV Dramas",23,February,2018
s5518,Movie,Seven Sundays,Philippines,TV-MA,128,"Comedies, Dramas, International Movies",14,March,2019
s5519,Movie,Seventeen,Spain,TV-MA,100,"Comedies, Dramas, International Movies",18,October,2019
s5520,Movie,Seventh Son,"United States, United Kingdom, Canada, China",PG-13,102,"Action & Adventure, Sci-Fi & Fantasy",16,August,2020
s5521,Movie,Sex and the City 2,United States,R,146,"Comedies, Dramas, Romantic Movies",1,January,2021
s5522,Movie,Sex and the City: The Movie,United States,R,145,"Comedies, Dramas, Romantic Movies",1,January,2021
s5523,Movie,Sex Doll,"United Kingdom, France",UR,103,"Dramas, International Movies, Romantic Movies",10,July,2017
s5524,Movie,Sex Drive,United States,R,109,Comedies,1,September,2020
s5525,TV Show,Sex Education,United Kingdom,TV-MA,2,"British TV Shows, International TV Shows, TV Comedies",17,January,2020
s5526,TV Show,"Sex, Explained",United States,TV-MA,1,"Docuseries, Science & Nature TV",2,January,2020
s5527,Movie,"Sexo, Pudor y Lagrimas",Mexico,R,111,"Comedies, Dramas, International Movies",15,December,2017
s5528,Movie,Sextuplets,United States,TV-14,100,Comedies,16,August,2019
s5529,TV Show,Sexy Central,Hong Kong,TV-MA,1,"International TV Shows, Romantic TV Shows, TV Dramas",20,July,2019
s5530,Movie,SGT. Will Gardner,United States,TV-MA,125,Dramas,19,May,2019
s5531,Movie,Shéhérazade,France,TV-MA,111,"Dramas, Independent Movies, International Movies",11,May,2019
s5532,Movie,Shabd,India,TV-14,146,"Dramas, International Movies, Romantic Movies",15,April,2019
s5533,Movie,Shadow,"China, Hong Kong",TV-14,116,"Action & Adventure, Dramas, International Movies",6,November,2019
s5534,TV Show,Shadow of Truth,Israel,TV-MA,1,"Crime TV Shows, Docuseries, International TV Shows",27,January,2017
s5535,Movie,Shahanpan Dega Deva,India,TV-14,115,"Comedies, International Movies",1,January,2018
s5536,Movie,Shaitan,India,TV-MA,126,"Action & Adventure, Dramas, Independent Movies",5,July,2020
s5537,TV Show,Shaka Zulu,"Italy, South Africa, West Germany, Australia, United States",TV-14,1,TV Dramas,10,January,2019
s5538,Movie,Shakti: The Power,India,TV-MA,168,"Dramas, International Movies, Thrillers",1,March,2018
s5539,TV Show,Shameless (U.S.),United States,TV-MA,10,"TV Comedies, TV Dramas",26,July,2020
s5540,Movie,Shanghai,India,TV-14,109,"Dramas, Independent Movies, International Movies",1,March,2018
s5541,Movie,Shanghai Fortress,China,TV-14,107,"Dramas, International Movies, Romantic Movies",13,September,2019
s5542,Movie,Shararat,India,TV-PG,148,"Comedies, International Movies, Music & Musicals",1,March,2018
s5543,Movie,Shark Busters,Hong Kong,TV-14,92,"Dramas, International Movies",16,August,2018
s5544,Movie,Shark Night,United States,PG-13,91,Horror Movies,2,November,2019
s5545,Movie,Shattered Memories,United States,TV-14,86,"Dramas, Thrillers",23,October,2020
s5546,TV Show,Shaun the Sheep,"United Kingdom, Finland, Germany",TV-Y,2,"British TV Shows, Kids' TV, TV Comedies",22,December,2020
s5547,TV Show,Shaun the Sheep: Adventures from Mossy Bottom,United Kingdom,TV-Y7,1,"British TV Shows, Kids' TV, TV Comedies",17,March,2020
s5548,Movie,Shaun the Sheep: The Farmer’s Llamas,United Kingdom,TV-Y,28,"Children & Family Movies, Comedies",22,December,2020
s5549,Movie,Shaurya: It Takes Courage to Make Right... Right,India,TV-14,135,"Dramas, International Movies",1,March,2018
s5550,Movie,Shawn Mendes: In Wonder,United States,TV-MA,83,"Documentaries, Music & Musicals",23,November,2020
s5551,Movie,Shawn Mendes: Live in Concert,"United Kingdom, United States",TV-PG,87,Music & Musicals,25,November,2020
s5552,TV Show,She,India,TV-MA,1,"Crime TV Shows, International TV Shows, TV Dramas",20,March,2020
s5553,Movie,She Did That,United States,TV-PG,71,Documentaries,4,February,2020
s5554,Movie,She Made Me a Criminal,Egypt,TV-14,105,"Comedies, International Movies",25,April,2020
s5555,TV Show,She-Ra and the Princesses of Power,United States,TV-Y7,5,"Kids' TV, TV Action & Adventure, TV Sci-Fi & Fantasy",15,May,2020
s5556,Movie,She's Dating the Gangster,Philippines,TV-14,113,"Dramas, International Movies, Romantic Movies",27,February,2019
s5557,TV Show,She's Gotta Have It,United States,TV-MA,2,"Romantic TV Shows, TV Comedies, TV Dramas",24,May,2019
s5558,Movie,She's Out of My League,United States,R,105,"Comedies, Romantic Movies",20,November,2019
s5559,Movie,She's the One,Philippines,TV-14,111,"Dramas, International Movies, Romantic Movies",10,December,2020
s5560,Movie,Shelby American,United States,TV-MA,119,"Documentaries, Sports Movies",22,November,2019
s5561,Movie,Shelter,United States,R,112,"Horror Movies, Thrillers",29,December,2017
s5562,Movie,Shepherds and Butchers,"South Africa, United States, Germany",R,106,"Dramas, International Movies",25,April,2017
s5563,TV Show,Sherlock,"United Kingdom, United States",TV-14,4,"British TV Shows, Crime TV Shows, International TV Shows",15,May,2017
s5564,Movie,Sherlock Holmes,"United States, Germany, United Kingdom, Australia",PG-13,128,"Action & Adventure, Comedies",1,January,2021
s5565,Movie,Shikari,"India, Soviet Union",TV-14,163,"Dramas, International Movies, Music & Musicals",8,December,2017
s5566,Movie,Shimla Mirchi,India,TV-14,121,"Comedies, International Movies, Romantic Movies",27,January,2020
s5567,Movie,Shimmer Lake,"Canada, United States",TV-MA,87,"Dramas, Independent Movies, Thrillers",9,June,2017
s5568,TV Show,Shine On with Reese,United States,TV-MA,1,"Docuseries, Stand-Up Comedy & Talk Shows",29,October,2019
s5569,Movie,Shine Your Eyes,"Brazil, France",TV-MA,103,"Dramas, Independent Movies, International Movies",29,July,2020
s5570,Movie,Shirkers,"United States, United Kingdom",TV-14,97,Documentaries,26,October,2018
s5571,Movie,Shiva,India,TV-MA,168,"Action & Adventure, Dramas, International Movies",31,December,2019
s5572,Movie,Shonar Pahar,India,TV-PG,131,"Dramas, Independent Movies, International Movies",22,February,2019
s5573,TV Show,Shooter,United States,TV-14,3,"Crime TV Shows, TV Action & Adventure, TV Dramas",21,June,2019
s5574,Movie,Shootout at Lokhandwala,India,UR,116,"Action & Adventure, Dramas, International Movies",15,May,2019
s5575,TV Show,Shopkins,United States,TV-Y,1,Kids' TV,1,February,2020
s5576,Movie,Shopkins: Chef Club,United States,TV-Y,45,Movies,15,November,2018
s5577,Movie,Shopkins: Wild,Australia,TV-Y,75,Movies,15,November,2018
s5578,Movie,Shopkins: World Vacation,Australia,TV-Y,71,Movies,15,November,2018
s5579,Movie,Shor In the City,India,TV-MA,106,"Comedies, Dramas, Independent Movies",31,May,2019
s5580,Movie,Shorgul,India,TV-14,122,"Dramas, International Movies",30,October,2018
s5581,Movie,Short Term 12,United States,R,97,"Dramas, Independent Movies",18,July,2019
s5582,Movie,Shortcut Safari,India,TV-PG,101,"Action & Adventure, Comedies, Dramas",15,April,2019
s5583,Movie,Shorts,"United States, United Arab Emirates",PG,89,"Children & Family Movies, Comedies",1,July,2019
s5584,Movie,Shot Caller,United States,R,121,"Dramas, Thrillers",24,November,2019
s5585,TV Show,Shot in the Dark,United States,TV-MA,1,Reality TV,17,November,2017
s5586,Movie,SHOT! The Psycho-Spiritual Mantra of Rock,"United Kingdom, United States",TV-MA,98,"Documentaries, Music & Musicals",10,August,2017
s5587,TV Show,Show Me the Money,Unknown,TV-14,2,"International TV Shows, TV Comedies",9,September,2018
s5588,Movie,Shrek the Musical,United States,TV-G,130,"Children & Family Movies, Comedies, Music & Musicals",29,December,2013
s5589,TV Show,Shtisel,Israel,TV-14,2,"International TV Shows, TV Dramas",15,December,2018
s5590,Movie,Shubh Aarambh,India,TV-PG,127,"Dramas, International Movies, Romantic Movies",1,March,2018
s5591,Movie,Shuddhi,"India, United States",TV-14,115,"Dramas, International Movies, Thrillers",1,March,2018
s5592,Movie,Shutter,Thailand,TV-MA,96,"Horror Movies, International Movies",5,September,2018
s5593,Movie,Si Doel the Movie,Indonesia,TV-PG,86,"Dramas, International Movies",7,May,2020
s5594,Movie,Si Doel the Movie 2,Indonesia,TV-G,95,"Dramas, International Movies",7,May,2020
s5595,Movie,Si Doel the Movie 3,Indonesia,TV-G,93,"Dramas, International Movies, Music & Musicals",23,May,2020
s5596,Movie,Si saben cómo me pongo ¿pá qué me invitan?,Colombia,TV-MA,89,"Comedies, International Movies",3,May,2018
s5597,Movie,Sicilian Ghost Story,"Italy, France, Switzerland",TV-MA,119,"Dramas, International Movies, Thrillers",6,July,2019
s5598,TV Show,Sick Note,United Kingdom,TV-MA,2,"British TV Shows, International TV Shows, TV Comedies",23,November,2018
s5599,TV Show,Sid the Science Kid,United States,TV-Y,1,Kids' TV,31,March,2020
s5600,Movie,Siddhant,India,TV-G,105,"Dramas, Independent Movies, International Movies",30,October,2018
s5601,Movie,Sierra Burgess Is A Loser,United States,PG-13,106,"Comedies, Romantic Movies",7,September,2018
s5602,Movie,Sigaram Thodu,India,TV-14,141,"Dramas, International Movies, Thrillers",1,November,2018
s5603,TV Show,Signal,South Korea,TV-MA,1,"Crime TV Shows, International TV Shows, Korean TV Shows",1,October,2019
s5604,TV Show,Signs,Poland,TV-MA,2,"Crime TV Shows, International TV Shows, TV Dramas",16,September,2020
s5605,Movie,Silencer,United States,TV-MA,88,"Action & Adventure, Independent Movies",3,December,2018
s5606,Movie,Silent,United States,TV-Y,3,"Children & Family Movies, Sci-Fi & Fantasy",4,June,2019
s5607,Movie,Silent Hill: Revelation,"Canada, France, United States",R,94,Horror Movies,13,December,2019
s5608,Movie,Silicon Cowboys,United States,TV-PG,77,Documentaries,1,April,2017
s5609,Movie,Sillu Karuppatti,India,TV-14,133,"Comedies, Dramas, Independent Movies",26,January,2020
s5610,TV Show,Silvana Sin Lana,United States,TV-14,1,"Romantic TV Shows, Spanish-Language TV Shows, TV Comedies",17,November,2018
s5611,Movie,Silver Linings Playbook,United States,R,122,"Comedies, Dramas, Independent Movies",16,March,2020
s5612,TV Show,Silver Spoon,Russia,TV-MA,2,"Crime TV Shows, International TV Shows, TV Action & Adventure",15,September,2017
s5613,TV Show,Simon,France,TV-Y,1,Kids' TV,1,May,2018
s5614,Movie,Simon Amstell: Set Free,United Kingdom,TV-MA,52,Stand-Up Comedy,20,August,2019
s5615,Movie,Simon Killer,"United States, France",TV-MA,105,"Dramas, Independent Movies, Thrillers",13,August,2020
s5616,Movie,Simplemente Manu NNa,Mexico,TV-MA,72,Stand-Up Comedy,5,May,2017
s5617,Movie,Sin City,Unknown,TV-14,101,"International Movies, Thrillers",5,August,2020
s5618,TV Show,Sin senos no hay paraíso,"Colombia, Mexico, United States",TV-14,1,"International TV Shows, Spanish-Language TV Shows, TV Dramas",15,May,2017
s5619,TV Show,Sin Senos sí Hay Paraíso,"United States, Colombia",TV-MA,3,"International TV Shows, Spanish-Language TV Shows, TV Dramas",11,January,2019
s5620,TV Show,Sinatra: All or Nothing at All,United States,TV-14,1,Docuseries,23,July,2020
s5621,Movie,"Sincerely Yours, Dhaka",Bangladesh,TV-MA,136,"Comedies, Dramas, Independent Movies",16,December,2019
s5622,TV Show,Sing On!,United States,TV-PG,1,Reality TV,16,September,2020
s5623,TV Show,Sing On! Germany,Germany,TV-PG,1,"International TV Shows, Reality TV",7,August,2020
s5624,TV Show,Sing On! Spain,Spain,TV-G,1,"International TV Shows, Reality TV, Spanish-Language TV Shows",24,July,2020
s5625,Movie,Singapore,"India, Malaysia",TV-PG,158,"Comedies, Dramas, International Movies",15,October,2017
s5626,TV Show,Singapore Social,"Singapore, United States",TV-MA,1,"International TV Shows, Reality TV",22,November,2019
s5627,Movie,Singh Saab the Great,India,TV-14,143,"Action & Adventure, Dramas, International Movies",15,July,2017
s5628,Movie,Singham,India,TV-14,142,"Action & Adventure, Dramas, International Movies",19,November,2020
s5629,Movie,Single,Indonesia,TV-PG,127,"Comedies, International Movies, Romantic Movies",28,September,2018
s5630,TV Show,Single Ladies Senior,Unknown,TV-MA,1,"International TV Shows, Romantic TV Shows, TV Dramas",22,December,2018
s5631,TV Show,Single Wives,Australia,TV-MA,1,"Reality TV, Romantic TV Shows",18,July,2020
s5632,TV Show,Singles Villa,China,TV-14,1,"International TV Shows, Romantic TV Shows, TV Dramas",10,June,2017
s5633,Movie,Singularity,"Switzerland, United States",PG-13,92,"Action & Adventure, Dramas, Sci-Fi & Fantasy",1,June,2018
s5634,Movie,Sinister 2,"United States, United Kingdom",R,97,Horror Movies,16,October,2019
s5635,Movie,Sinister Circle,Peru,TV-MA,87,"Horror Movies, International Movies",1,October,2019
s5636,TV Show,Sintonia,Brazil,TV-MA,1,"Crime TV Shows, International TV Shows, TV Dramas",9,August,2019
s5637,Movie,Siren,United States,TV-MA,83,Horror Movies,1,January,2020
s5638,TV Show,Sirius the Jaeger,Japan,TV-MA,1,"Anime Series, International TV Shows, TV Thrillers",21,December,2018
s5639,Movie,Sister Cities,United States,TV-MA,88,Dramas,16,December,2016
s5640,Movie,Sister Code,United States,R,95,"Comedies, Dramas, Romantic Movies",14,February,2016
s5641,TV Show,"Sister, Sister",United States,TV-G,6,"TV Comedies, Teen TV Shows",1,September,2020
s5642,Movie,Sisterakas,Philippines,TV-14,105,"Comedies, International Movies",7,March,2019
s5643,TV Show,Sisters,Australia,TV-MA,1,"International TV Shows, TV Comedies, TV Dramas",1,September,2018
s5644,Movie,Sitara: Let Girls Dream,"Pakistan, United States",TV-PG,16,"Children & Family Movies, Dramas",8,March,2020
s5645,TV Show,Six Windows in the Desert,Saudi Arabia,TV-14,1,TV Shows,27,February,2020
s5646,Movie,Skin,Nigeria,TV-MA,76,"Documentaries, International Movies",28,June,2020
s5647,TV Show,Skin Decision: Before and After,United States,TV-MA,1,Reality TV,15,July,2020
s5648,Movie,Skin Trade,"Thailand, Canada, United States",R,96,Action & Adventure,17,December,2018
s5649,TV Show,Skin Wars,United States,TV-14,3,Reality TV,1,October,2016
s5650,TV Show,Skin Wars: Fresh Paint,United States,TV-14,1,Reality TV,15,December,2018
s5651,Movie,Skins,Spain,TV-MA,78,"Dramas, International Movies",1,April,2017
s5652,Movie,Skiptrace,"China, Hong Kong, United States",PG-13,107,"Action & Adventure, Comedies",4,July,2019
s5653,Movie,Sky Ladder: The Art of Cai Guo-Qiang,United States,TV-MA,80,Documentaries,14,October,2016
s5654,Movie,Sky on Fire,"China, Hong Kong",TV-MA,100,"Action & Adventure, International Movies",5,August,2017
s5655,Movie,Sky Tour: The Movie,Vietnam,TV-G,93,"Documentaries, International Movies, Music & Musicals",2,September,2020
s5656,Movie,Skydancers,"United States, France",TV-G,49,"Documentaries, Sports Movies",27,June,2018
s5657,TV Show,Skylanders Academy,"South Korea, United States",TV-Y7,3,"Kids' TV, TV Comedies",28,September,2018
s5658,Movie,Skyline,United States,PG-13,94,"Action & Adventure, Sci-Fi & Fantasy",16,January,2019
s5659,TV Show,Skylines,Germany,TV-MA,1,"Crime TV Shows, International TV Shows, TV Dramas",27,September,2019
s5660,Movie,Slam,Italy,TV-MA,99,"Comedies, Dramas, International Movies",15,April,2017
s5661,TV Show,Slasher,Canada,TV-MA,3,"TV Horror, TV Mysteries, TV Thrillers",23,June,2020
s5662,Movie,Sleeping with Other People,United States,R,101,"Comedies, Dramas, Independent Movies",2,October,2017
s5663,TV Show,Sleepless Society: Bedtime Wishes,Unknown,TV-MA,1,"Crime TV Shows, International TV Shows, TV Dramas",31,October,2019
s5664,TV Show,Sleepless Society: Insomnia,Thailand,TV-MA,1,"Crime TV Shows, International TV Shows, TV Dramas",13,February,2020
s5665,TV Show,Sleepless Society: Nyctophobia,Thailand,TV-MA,1,"International TV Shows, TV Mysteries, TV Thrillers",1,August,2019
s5666,TV Show,Sleepless Society: Two Pillows & A Lost Soul,Thailand,TV-MA,1,"Crime TV Shows, International TV Shows, TV Dramas",15,May,2020
s5667,Movie,Sleepover,United States,PG,89,"Comedies, Romantic Movies",1,March,2020
s5668,Movie,Sling Blade,United States,R,135,"Dramas, Independent Movies",1,November,2019
s5669,Movie,Sliver,United States,R,107,Thrillers,1,January,2020
s5670,TV Show,Slobby's World,United States,TV-MA,1,Reality TV,31,December,2018
s5671,Movie,Slow Country,Nigeria,TV-MA,115,"Dramas, International Movies",6,December,2019
s5672,Movie,Slow West,"United Kingdom, New Zealand",R,84,"Action & Adventure, Dramas, International Movies",26,July,2018
s5673,Movie,Small Crimes,"Canada, United States",TV-MA,95,"Dramas, Thrillers",28,April,2017
s5674,Movie,Small Soldiers,United States,PG-13,110,"Action & Adventure, Comedies, Sci-Fi & Fantasy",1,June,2019
s5675,Movie,Small Town Crime,United States,R,92,Thrillers,19,May,2018
s5676,Movie,Smart People,United States,R,95,"Comedies, Dramas, Independent Movies",12,July,2019
s5677,Movie,Smash: Motorized Mayhem,United States,TV-MA,66,"Documentaries, Sports Movies",15,May,2017
s5678,Movie,Smoke & Mirrors,Spain,TV-14,123,"Dramas, International Movies, Thrillers",1,June,2017
s5679,TV Show,Smoking,Japan,TV-MA,1,"Crime TV Shows, International TV Shows, TV Action & Adventure",27,July,2018
s5680,Movie,SMOSH: The Movie,United States,PG-13,83,Comedies,22,September,2015
s5681,TV Show,Sneakerheads,United States,TV-MA,1,TV Comedies,25,September,2020
s5682,Movie,Sniper: Special Ops,United States,R,86,"Action & Adventure, Dramas",10,January,2020
s5683,Movie,Snow Day,United States,PG,89,"Children & Family Movies, Comedies",1,January,2020
s5684,Movie,Snowden,"United Kingdom, France, Germany, United States",R,134,"Dramas, Thrillers",1,November,2020
s5685,Movie,Snowpiercer,"South Korea, Czech Republic",R,126,"Action & Adventure, Cult Movies, International Movies",1,May,2019
s5686,Movie,So Much Love to Give,Argentina,TV-14,108,"Comedies, International Movies, Music & Musicals",9,September,2020
s5687,Movie,Socha Na Tha,India,TV-14,137,"Comedies, International Movies, Romantic Movies",1,July,2018
s5688,Movie,Social Animals,United States,TV-MA,87,Documentaries,19,March,2019
s5689,TV Show,Social Distance,United States,TV-MA,1,"TV Comedies, TV Dramas",15,October,2020
s5690,Movie,Soekarno,Indonesia,TV-MA,142,"Dramas, International Movies",5,January,2019
s5691,Movie,Sofía Niño de Rivera: Exposed,Mexico,TV-MA,80,Stand-Up Comedy,24,June,2016
s5692,Movie,Sofía Niño de Rivera: Selección Natural,Mexico,TV-MA,62,Stand-Up Comedy,30,March,2018
s5693,TV Show,Sofia the First,United States,TV-Y,4,Kids' TV,8,October,2018
s5694,Movie,Sohni Mahiwal,"India, Soviet Union",TV-14,160,"Dramas, International Movies, Romantic Movies",1,September,2017
s5695,Movie,Sol Levante,Japan,TV-14,5,"Action & Adventure, Anime Features, International Movies",2,April,2020
s5696,Movie,Soldier,India,TV-14,155,"Comedies, Dramas, International Movies",1,September,2020
s5697,Movie,Solo,Spain,TV-MA,91,"Dramas, Independent Movies, International Movies",11,January,2019
s5698,Movie,Solo Con Tu Pareja,Mexico,NR,94,"Comedies, Independent Movies, International Movies",1,September,2018
s5699,Movie,Solo: A Star Wars Story,United States,PG-13,135,"Action & Adventure, Children & Family Movies, Sci-Fi & Fantasy",9,January,2019
s5700,Movie,Solo: A Star Wars Story (Spanish Version),United States,PG-13,135,"Action & Adventure, Children & Family Movies, Sci-Fi & Fantasy",9,January,2019
s5701,Movie,Solomon Kane,"Czech Republic, United Kingdom, France",R,104,"Action & Adventure, International Movies, Sci-Fi & Fantasy",15,February,2018
s5702,TV Show,Some Assembly Required,Canada,TV-Y,2,"Kids' TV, TV Comedies",16,October,2015
s5703,Movie,Some Freaks,United States,TV-MA,97,"Dramas, Romantic Movies",18,December,2017
s5704,TV Show,Somebody Feed Phil,United States,TV-14,4,"Docuseries, Reality TV",30,October,2020
s5705,Movie,Someone Great,United States,R,92,"Comedies, Romantic Movies",19,April,2019
s5706,TV Show,Someone Has to Die,"Mexico, Spain",TV-MA,1,"Crime TV Shows, International TV Shows, Spanish-Language TV Shows",16,October,2020
s5707,TV Show,Someone Like You,Taiwan,TV-14,1,"International TV Shows, Romantic TV Shows, TV Dramas",1,October,2016
s5708,Movie,Something Huge,Spain,TV-MA,87,"Comedies, Independent Movies, International Movies",1,March,2018
s5709,TV Show,Something in the Rain,South Korea,TV-MA,1,"International TV Shows, Korean TV Shows, Romantic TV Shows",26,May,2018
s5710,Movie,Something's Gotta Give,United States,PG-13,128,"Comedies, Romantic Movies",1,August,2019
s5711,Movie,Sometimes,India,TV-14,101,"Dramas, International Movies",1,May,2018
s5712,TV Show,Somewhere Between,United States,TV-14,1,"Crime TV Shows, TV Dramas, TV Mysteries",30,June,2018
s5713,TV Show,Somewhere Only We Know,China,TV-MA,1,"International TV Shows, Romantic TV Shows, TV Comedies",15,June,2019
s5714,Movie,Sommore: Chandelier Status,United States,TV-MA,77,Stand-Up Comedy,4,July,2018
s5715,Movie,Sommore: The Reign Continues,United States,TV-MA,93,Stand-Up Comedy,1,November,2018
s5716,Movie,Son of a Gun,"Australia, United Kingdom, Canada",R,109,"Action & Adventure, Dramas, Independent Movies",19,July,2018
s5717,Movie,Son Of Adam,Egypt,TV-14,110,"Dramas, International Movies, Thrillers",10,September,2020
s5718,TV Show,Song Exploder,United States,TV-MA,2,Docuseries,15,December,2020
s5719,Movie,Soni,India,TV-MA,97,"Dramas, Independent Movies, International Movies",18,January,2019
s5720,TV Show,Sonic X,Japan,TV-Y7,2,"Anime Series, Kids' TV",29,January,2020
s5721,Movie,Sons of Ben,United States,NR,73,"Documentaries, Sports Movies",10,December,2016
s5722,TV Show,Sons of the Caliphate,Nigeria,TV-14,2,"International TV Shows, TV Dramas",24,January,2020
s5723,Movie,Soorma,India,TV-14,131,"Dramas, International Movies, Sports Movies",13,October,2018
s5724,Movie,Sorry To Disturb,Egypt,TV-14,116,"Dramas, International Movies",2,June,2020
s5725,TV Show,Sotus The Series,Thailand,TV-MA,1,"International TV Shows, Romantic TV Shows, TV Dramas",25,May,2019
s5726,TV Show,Soul Eater,Japan,TV-14,1,"Anime Series, International TV Shows",16,January,2020
s5727,Movie,Soul Robbers,Mexico,TV-14,88,"Horror Movies, International Movies",1,July,2018
s5728,Movie,Soul Surfer,United States,PG,106,"Dramas, Faith & Spirituality, Sports Movies",17,May,2020
s5729,Movie,Soul to Keep,United States,TV-MA,94,"Horror Movies, Independent Movies",1,July,2019
s5730,TV Show,Soundtrack,United States,TV-MA,1,"Romantic TV Shows, TV Dramas",18,December,2019
s5731,Movie,Sour Grapes,United Kingdom,NR,85,Documentaries,18,November,2016
s5732,TV Show,Southern Survival,United States,TV-PG,1,Reality TV,3,July,2020
s5733,Movie,Space Cowboys,United States,PG-13,130,"Action & Adventure, Dramas, Sci-Fi & Fantasy",1,August,2019
s5734,TV Show,Space Force,United States,TV-MA,1,TV Comedies,29,May,2020
s5735,TV Show,Space Jungle,Unknown,TV-Y,2,"Kids' TV, Korean TV Shows, TV Comedies",1,December,2019
s5736,TV Show,Space Racers,United States,TV-Y,1,Kids' TV,31,March,2020
s5737,Movie,Spanish Affair 2,Spain,TV-MA,107,"Comedies, International Movies, Romantic Movies",1,November,2016
s5738,TV Show,Spark,South Korea,TV-PG,1,"International TV Shows, Korean TV Shows, Romantic TV Shows",15,February,2017
s5739,Movie,Sparkle,United States,PG,98,"Dramas, Music & Musicals",1,November,2019
s5740,Movie,Sparring,France,TV-MA,94,"Dramas, International Movies, Sports Movies",1,September,2018
s5741,TV Show,Sparta,Russia,TV-MA,1,"Crime TV Shows, International TV Shows, TV Dramas",1,February,2019
s5742,TV Show,Spartacus,United States,TV-MA,4,"TV Action & Adventure, TV Dramas",1,February,2015
s5743,TV Show,Special,United States,TV-MA,1,TV Comedies,12,April,2019
s5744,Movie,Special 26,India,TV-PG,137,"Dramas, International Movies, Thrillers",5,July,2020
s5745,Movie,Special Correspondents,"Canada, United Kingdom, United States",TV-MA,101,Comedies,29,April,2016
s5746,Movie,Spectral,"United States, Hungary",TV-14,108,"Action & Adventure, Sci-Fi & Fantasy",9,December,2016
s5747,TV Show,Spectros,Brazil,TV-MA,1,"International TV Shows, TV Horror, TV Mysteries",20,February,2020
s5748,Movie,Speech & Debate,United States,PG-13,96,"Comedies, Dramas, Independent Movies",6,July,2017
s5749,Movie,Speed Is My Need,United Kingdom,TV-14,75,"Documentaries, Sports Movies",9,January,2020
s5750,Movie,Spelling the Dream,United States,TV-G,83,"Children & Family Movies, Documentaries",3,June,2020
s5751,Movie,Spenser Confidential,United States,R,111,"Action & Adventure, Comedies",6,March,2020
s5752,Movie,SPF-18,United States,PG-13,75,"Dramas, Romantic Movies, Sports Movies",30,October,2017
s5753,TV Show,Spice Up,Unknown,TV-14,1,"International TV Shows, Romantic TV Shows, TV Dramas",1,July,2017
s5754,Movie,Spider-Man 3,United States,PG-13,139,"Action & Adventure, Sci-Fi & Fantasy",1,November,2019
s5755,Movie,Spider-Man: Into the Spider-Verse,United States,PG,117,"Action & Adventure, Comedies",26,June,2019
s5756,TV Show,Spinning Out,United States,TV-MA,1,TV Dramas,1,January,2020
s5757,TV Show,Spirit Riding Free: Pony Tales,United States,TV-Y7,2,Kids' TV,18,October,2019
s5758,Movie,Spirit Riding Free: Ride Along Adventure,United States,TV-Y7,79,Children & Family Movies,8,December,2020
s5759,TV Show,Spirit Riding Free: Riding Academy,United States,TV-Y7,2,Kids' TV,4,September,2020
s5760,Movie,Spirit Riding Free: Spirit of Christmas,United States,TV-Y7,46,Children & Family Movies,6,December,2019
s5761,TV Show,Spirit: Riding Free,United States,TV-Y7,8,Kids' TV,5,April,2019
s5762,TV Show,Spiritual House,Unknown,TV-PG,1,"International TV Shows, Stand-Up Comedy & Talk Shows",1,May,2018
s5763,Movie,Spitfire: The Plane that Saved the World,United Kingdom,TV-14,95,Documentaries,1,November,2019
s5764,Movie,Spivak,United States,TV-MA,92,"Comedies, Independent Movies",12,May,2018
s5765,TV Show,Splash and Bubbles,United States,TV-Y,2,Kids' TV,13,August,2018
s5766,Movie,Splatter,United States,TV-MA,29,Horror Movies,18,November,2009
s5767,Movie,Spookley and the Christmas Kittens,United States,TV-Y,45,Children & Family Movies,30,November,2020
s5768,Movie,Spookley the Square Pumpkin,United States,G,47,Children & Family Movies,1,September,2019
s5769,TV Show,Spotless,"United Kingdom, France",TV-MA,1,"Crime TV Shows, International TV Shows, TV Dramas",15,October,2016
s5770,Movie,Spotlight,United States,R,129,"Dramas, Independent Movies",22,July,2020
s5771,Movie,Spring Breakers,"United States, France",R,94,"Comedies, Cult Movies, Dramas",10,January,2021
s5772,Movie,Springsteen on Broadway,United States,TV-MA,153,Music & Musicals,16,December,2018
s5773,Movie,Sprinter,"Jamaica, United States",TV-MA,112,"Dramas, International Movies, Sports Movies",15,April,2020
s5774,Movie,Spy Kids,United States,PG,88,"Children & Family Movies, Comedies",1,April,2019
s5775,Movie,Spy Kids 2: The Island of Lost Dreams,United States,PG,100,"Children & Family Movies, Comedies",8,March,2019
s5776,Movie,Spy Kids 3: Game Over,United States,PG,83,"Children & Family Movies, Comedies",1,April,2019
s5777,Movie,Spy Kids: All the Time in the World,United States,PG,88,"Children & Family Movies, Comedies",19,February,2019
s5778,TV Show,Spy Kids: Mission Critical,"United States, Canada",TV-Y7,2,Kids' TV,30,November,2018
s5779,Movie,Spy Time,Spain,TV-MA,93,"Action & Adventure, Comedies, International Movies",1,June,2016
s5780,Movie,Spyder,India,TV-14,140,"Action & Adventure, International Movies",28,August,2018
s5781,Movie,St. Agatha,United States,TV-MA,103,"Horror Movies, Independent Movies",8,August,2019
s5782,Movie,Staged Killer,United States,TV-14,88,Thrillers,28,June,2019
s5783,TV Show,Stand Up and Away! with Brian Regan,United States,TV-PG,1,"Stand-Up Comedy & Talk Shows, TV Comedies",24,December,2018
s5784,Movie,Standoff,Canada,R,86,Action & Adventure,11,December,2018
s5785,Movie,Star Men,"Canada, United States, United Kingdom",TV-14,88,Documentaries,5,February,2017
s5786,TV Show,Star Trek,United States,TV-14,3,"Classic & Cult TV, TV Action & Adventure, TV Sci-Fi & Fantasy",1,October,2017
s5787,TV Show,Star Trek: Deep Space Nine,United States,TV-14,7,"TV Action & Adventure, TV Sci-Fi & Fantasy",1,January,2017
s5788,TV Show,Star Trek: Enterprise,United States,TV-14,4,"Classic & Cult TV, TV Action & Adventure, TV Sci-Fi & Fantasy",1,October,2017
s5789,TV Show,Star Trek: The Next Generation,United States,TV-PG,7,"TV Action & Adventure, TV Sci-Fi & Fantasy",2,April,2018
s5790,TV Show,Star Trek: Voyager,United States,TV-PG,7,"TV Action & Adventure, TV Sci-Fi & Fantasy",1,October,2017
s5791,Movie,Star Wars: Episode VIII: The Last Jedi,United States,PG-13,152,"Action & Adventure, Children & Family Movies, Sci-Fi & Fantasy",26,June,2018
s5792,TV Show,Star-Crossed,United States,TV-14,1,"Romantic TV Shows, TV Dramas, TV Sci-Fi & Fantasy",16,April,2015
s5793,TV Show,StarBeam,United States,TV-Y,2,Kids' TV,8,September,2020
s5794,Movie,StarBeam: Halloween Hero,Canada,TV-Y,33,Children & Family Movies,6,October,2020
s5795,Movie,Stardust,"United Kingdom, United States",PG-13,128,"Action & Adventure, International Movies, Romantic Movies",1,July,2020
s5796,TV Show,Stargate SG-1,"United States, Canada",TV-MA,10,"Classic & Cult TV, TV Action & Adventure, TV Sci-Fi & Fantasy",1,December,2020
s5797,Movie,Starred Up,United Kingdom,TV-MA,106,"Dramas, Independent Movies, International Movies",29,August,2019
s5798,Movie,Stars in the Sky: A Hunting Story,United States,TV-14,69,Documentaries,7,August,2020
s5799,Movie,Starsky & Hutch,United States,PG-13,101,"Action & Adventure, Comedies",1,July,2019
s5800,TV Show,Start-Up,South Korea,TV-14,1,"International TV Shows, Romantic TV Shows, TV Comedies",18,October,2020
s5801,Movie,Starting Over Again,Philippines,TV-14,128,"Dramas, International Movies, Romantic Movies",7,March,2019
s5802,TV Show,Stateless,Australia,TV-MA,1,"International TV Shows, TV Dramas",8,July,2020
s5803,TV Show,Station Horizon,Switzerland,TV-MA,1,"International TV Shows, TV Comedies, TV Dramas",1,September,2016
s5804,TV Show,Stay Here,United States,TV-PG,1,Reality TV,17,August,2018
s5805,TV Show,Stay Tuned!,Japan,TV-14,1,"International TV Shows, TV Comedies, TV Dramas",21,March,2019
s5806,Movie,Steal a Pencil for Me,United States,TV-PG,94,Documentaries,15,September,2019
s5807,Movie,Stealing History,United States,TV-PG,52,"Documentaries, International Movies",1,July,2016
s5808,Movie,Steam Team to the Rescue,Unknown,TV-Y,23,Children & Family Movies,15,March,2020
s5809,Movie,Steel Rain,South Korea,TV-MA,140,"Action & Adventure, Dramas, International Movies",14,March,2018
s5810,Movie,Step Brothers,United States,R,98,Comedies,1,November,2019
s5811,Movie,Step Outside,Egypt,TV-14,89,"Comedies, International Movies",6,June,2019
s5812,Movie,Step Sisters,United States,PG-13,108,Comedies,19,January,2018
s5813,Movie,Stephanie,United States,R,86,Horror Movies,1,September,2018
s5814,Movie,Stereo,Germany,TV-MA,91,"International Movies, Thrillers",15,January,2017
s5815,Movie,Steve Jobs,"United Kingdom, United States",R,122,Dramas,16,January,2020
s5816,Movie,Steve Martin and Martin Short: An Evening You Will Forget for the Rest of Your Life,United States,TV-14,74,Stand-Up Comedy,25,May,2018
s5817,Movie,Sthaniya Sambaad,India,TV-14,106,"Dramas, International Movies",15,March,2018
s5818,Movie,Still,Thailand,TV-MA,100,"Horror Movies, International Movies",14,September,2018
s5819,TV Show,Still Game,United Kingdom,TV-14,9,"British TV Shows, Classic & Cult TV, TV Comedies",30,December,2020
s5820,Movie,Still LAUGH-IN: The Stars Celebrate,United States,TV-MA,61,Comedies,14,May,2019
s5821,Movie,Stink!,United States,TV-PG,91,Documentaries,1,November,2018
s5822,TV Show,Stoked,"United States, Canada",TV-PG,1,Kids' TV,16,December,2017
s5823,TV Show,Stolen Away,Spain,TV-MA,1,"Crime TV Shows, International TV Shows, Spanish-Language TV Shows",23,October,2020
s5824,TV Show,Stone Age,South Korea,TV-Y7,1,"Kids' TV, Korean TV Shows",1,July,2019
s5825,Movie,Stonehearst Asylum,United States,PG-13,113,"Horror Movies, Thrillers",8,September,2017
s5826,Movie,Stop at Nothing: The Lance Armstrong Story,"Australia, United Kingdom, United States, New Zealand, Italy, France",NR,100,"Documentaries, International Movies, Sports Movies",15,February,2015
s5827,TV Show,Storage Wars: Northern Treasures,United States,TV-MA,1,"International TV Shows, Reality TV",22,July,2019
s5828,TV Show,Stories by Rabindranath Tagore,India,TV-PG,1,"International TV Shows, TV Dramas",5,July,2018
s5829,Movie,Story of an Egg,India,TV-PG,132,"Comedies, International Movies, Romantic Movies",15,October,2017
s5830,TV Show,StoryBots Super Songs,United States,TV-Y,1,Kids' TV,7,October,2016
s5831,Movie,Straight Up,United States,TV-MA,96,"Comedies, Independent Movies, LGBTQ Movies",26,June,2020
s5832,Movie,Strange but True,Canada,PG-13,96,"Dramas, Thrillers",30,August,2020
s5833,Movie,Strange Voices,United States,TV-PG,96,Dramas,1,October,2011
s5834,Movie,Strange Weather,United States,R,91,"Dramas, Independent Movies",26,October,2017
s5835,TV Show,Stranger,South Korea,TV-MA,2,"Crime TV Shows, International TV Shows, Korean TV Shows",16,August,2020
s5836,Movie,Stranger than Fiction,"United States, United Kingdom",PG-13,113,"Comedies, Romantic Movies",1,October,2020
s5837,TV Show,Stranger Things,United States,TV-14,3,"TV Horror, TV Mysteries, TV Sci-Fi & Fantasy",4,July,2019
s5838,TV Show,Strangers from Hell,South Korea,TV-MA,1,"International TV Shows, Korean TV Shows, TV Horror",15,May,2020
s5839,TV Show,Strawberry Shortcake: Berry Bitty Adventures,"France, United States, Canada",TV-Y,1,Kids' TV,1,January,2016
s5840,Movie,Stray Bullet,Lebanon,TV-MA,76,"Dramas, International Movies, Romantic Movies",18,June,2020
s5841,Movie,Stree,India,TV-MA,127,"Comedies, Horror Movies, Independent Movies",7,June,2019
s5842,Movie,Street Flow,France,TV-MA,96,"Dramas, International Movies",13,October,2019
s5843,TV Show,Street Food,United States,TV-PG,1,Docuseries,26,April,2019
s5844,TV Show,Street Food: Latin America,Unknown,TV-PG,1,"Docuseries, Spanish-Language TV Shows",21,July,2020
s5845,TV Show,Stretch Armstrong & the Flex Fighters,United States,TV-Y7,2,Kids' TV,7,September,2018
s5846,Movie,Stretch Armstrong: The Breakout,United States,TV-Y7,104,Children & Family Movies,13,March,2018
s5847,Movie,Strictly Ballroom,"Australia, United Kingdom",PG,95,"Classic Movies, Comedies, Romantic Movies",1,January,2020
s5848,Movie,Strike a Pose,"Netherlands, Belgium",TV-MA,85,"Documentaries, International Movies, LGBTQ Movies",7,April,2017
s5849,Movie,Stripes,United States,R,106,"Classic Movies, Comedies, Cult Movies",1,September,2019
s5850,Movie,Striptease,United States,R,117,"Comedies, Dramas",1,January,2021
s5851,TV Show,Strong,United States,TV-14,1,Reality TV,1,October,2018
s5852,TV Show,Strong Girl Bong-soon,South Korea,TV-14,1,"Crime TV Shows, International TV Shows, Korean TV Shows",24,November,2019
s5853,Movie,Strong Island,"United States, Denmark",TV-MA,108,Documentaries,15,September,2017
s5854,Movie,Stronger Than the World,Brazil,NR,123,"Action & Adventure, Dramas, International Movies",11,February,2017
s5855,TV Show,Strongest Deliveryman,South Korea,TV-MA,1,"International TV Shows, Romantic TV Shows, TV Dramas",23,November,2020
s5856,TV Show,Strongland,Unknown,TV-PG,1,"Docuseries, International TV Shows",18,January,2019
s5857,Movie,Struggle: The Life and Lost Art of Szukalski,"Poland, United States",TV-MA,105,Documentaries,21,December,2018
s5858,Movie,Stuart Little,"Germany, United States",PG,85,"Children & Family Movies, Comedies",1,January,2020
s5859,Movie,Stuart Little 2,United States,PG,78,"Children & Family Movies, Comedies",1,January,2020
s5860,Movie,Stuck Apart,Turkey,TV-MA,97,"Comedies, Dramas, International Movies",8,January,2021
s5861,Movie,Studio 54,United States,TV-MA,99,Documentaries,16,February,2019
s5862,Movie,Stunt School,Turkey,TV-G,95,"Children & Family Movies, Comedies, International Movies",16,April,2020
s5863,TV Show,Stunt Science,United Kingdom,TV-MA,1,"British TV Shows, International TV Shows, Reality TV",15,October,2018
s5864,Movie,Sturgill Simpson Presents Sound & Fury,United States,TV-MA,42,"Anime Features, Music & Musicals, Sci-Fi & Fantasy",27,September,2019
s5865,TV Show,Styling Hollywood,Unknown,TV-14,1,Reality TV,30,August,2019
s5866,Movie,Submission,United States,TV-MA,95,"Action & Adventure, Dramas",11,November,2019
s5867,Movie,Suburra,"Italy, France",NR,135,"Dramas, International Movies, Thrillers",14,October,2015
s5868,TV Show,Suburra: Blood on Rome,Italy,TV-MA,3,"Crime TV Shows, International TV Shows, TV Dramas",30,October,2020
s5869,Movie,Suckseed,Thailand,TV-MA,130,"Comedies, International Movies, Music & Musicals",5,September,2018
s5870,Movie,Sudani from Nigeria,India,TV-14,115,"Comedies, Dramas, International Movies",1,August,2018
s5871,TV Show,Sudden,Singapore,TV-14,1,"International TV Shows, Romantic TV Shows, TV Dramas",1,October,2017
s5872,Movie,Suffragette,"United Kingdom, France",PG-13,107,"Dramas, International Movies",16,November,2019
s5873,Movie,Sugar High,United States,TV-G,44,Children & Family Movies,31,July,2020
s5874,TV Show,Sugar Rush,United States,TV-PG,3,Reality TV,31,July,2020
s5875,TV Show,Sugar Rush Christmas,United States,TV-14,2,Reality TV,27,November,2020
s5876,Movie,Suicide (Hitabdut),Israel,TV-MA,114,"International Movies, Thrillers",1,July,2016
s5877,Movie,Suite Française,"United Kingdom, France, Canada, Belgium, United States",TV-MA,107,"Dramas, International Movies, Romantic Movies",5,June,2017
s5878,TV Show,Suits,South Korea,TV-MA,1,"International TV Shows, Korean TV Shows, TV Comedies",1,December,2019
s5879,Movie,Summer Night,United States,TV-MA,93,"Comedies, Dramas, Romantic Movies",19,March,2020
s5880,Movie,Summer of '92,"Denmark, United Kingdom, Sweden",TV-MA,94,"Dramas, International Movies, Sports Movies",10,July,2016
s5881,TV Show,Summertime,Italy,TV-MA,1,"International TV Shows, Romantic TV Shows, TV Dramas",29,April,2020
s5882,Movie,Sun Dogs,"Mexico, United States",TV-MA,94,"Comedies, Dramas, Independent Movies",6,April,2018
s5883,Movie,Sunday's Illness,Spain,PG-13,113,"Dramas, Independent Movies, International Movies",15,June,2018
s5884,TV Show,Sunderland 'Til I Die,United Kingdom,TV-MA,2,"British TV Shows, Docuseries, International TV Shows",1,April,2020
s5885,Movie,SunGanges,"India, United States",TV-14,74,"Documentaries, International Movies",15,November,2019
s5886,TV Show,Sunny Bunnies,Belarus,TV-Y,2,"British TV Shows, Kids' TV, TV Comedies",15,July,2020
s5887,Movie,Sunrise,"India, France",TV-MA,85,"Dramas, Independent Movies, International Movies",15,March,2017
s5888,TV Show,Super Bheem,India,TV-Y,1,Kids' TV,28,June,2019
s5889,Movie,Super Bheem Bana Vajraveer,India,TV-Y7,63,Children & Family Movies,18,June,2019
s5890,Movie,Super Dark Times,United States,TV-MA,104,"Dramas, Independent Movies, Thrillers",1,January,2018
s5891,Movie,Super Deluxe,India,TV-MA,176,"Comedies, Dramas, International Movies",29,June,2019
s5892,TV Show,Super Drags,Brazil,TV-MA,1,"International TV Shows, TV Comedies",9,November,2018
s5893,TV Show,Super Monsters,Unknown,TV-Y,3,Kids' TV,4,October,2019
s5894,Movie,Super Monsters and the Wish Star,Unknown,TV-Y,28,Children & Family Movies,7,December,2018
s5895,Movie,Super Monsters Back to School,Canada,TV-Y,24,Children & Family Movies,16,August,2019
s5896,Movie,Super Monsters Furever Friends,Unknown,TV-Y,59,Children & Family Movies,16,April,2019
s5897,TV Show,Super Monsters Monster Party,Unknown,TV-Y,1,Kids' TV,14,September,2018
s5898,TV Show,Super Monsters Monster Pets,United States,TV-Y,1,Kids' TV,7,June,2019
s5899,Movie,Super Monsters Save Christmas,United States,TV-Y,24,Children & Family Movies,26,November,2019
s5900,Movie,Super Monsters Save Halloween,Unknown,TV-Y,25,Children & Family Movies,5,October,2018
s5901,Movie,Super Monsters: Dia de los Monsters,Canada,TV-Y,25,Children & Family Movies,9,October,2020
s5902,Movie,Super Monsters: Santa’s Super Monster Helpers,Unknown,TV-Y,24,Children & Family Movies,8,December,2020
s5903,Movie,Super Monsters: The New Class,Canada,TV-Y,25,Children & Family Movies,1,August,2020
s5904,Movie,Super Monsters: Vida's First Halloween,United States,TV-Y,24,Children & Family Movies,4,October,2019
s5905,Movie,Super Nani,India,TV-PG,127,"Comedies, Dramas, International Movies",1,March,2018
s5906,TV Show,Super Wings,"United States, South Korea, China",TV-Y,3,"Kids' TV, Korean TV Shows",1,December,2020
s5907,Movie,Superbad,United States,R,113,"Comedies, Cult Movies",1,January,2021
s5908,Movie,Superfly,United States,R,91,"Action & Adventure, Classic Movies, Dramas",1,November,2019
s5909,TV Show,Supergirl,United States,TV-14,5,"TV Action & Adventure, TV Sci-Fi & Fantasy",25,May,2020
s5910,Movie,Superlopez,Spain,TV-MA,108,"Action & Adventure, Comedies, International Movies",24,March,2019
s5911,Movie,Superman Returns,United States,PG-13,154,"Action & Adventure, Sci-Fi & Fantasy",1,October,2019
s5912,TV Show,Supermarket Sweep,United States,TV-G,1,Reality TV,2,July,2020
s5913,TV Show,Supernatural,"United States, Canada",TV-14,15,"Classic & Cult TV, TV Action & Adventure, TV Horror",5,June,2020
s5914,TV Show,SuperNature: Wild Flyers,United Kingdom,TV-PG,1,"British TV Shows, Docuseries, Science & Nature TV",1,March,2017
s5915,Movie,Superstar,United States,PG-13,82,Comedies,20,November,2019
s5916,Movie,Sur Sapata,India,TV-14,140,"Comedies, Dramas, International Movies",1,May,2019
s5917,Movie,Sur: The Melody of Life,India,TV-14,137,"Dramas, International Movies",15,February,2019
s5918,Movie,Surat Dari Praha,Indonesia,TV-14,98,"Dramas, International Movies, Romantic Movies",9,October,2018
s5919,Movie,Surf's Up,United States,PG,86,"Children & Family Movies, Comedies, Sports Movies",1,January,2021
s5920,Movie,Surga Yang Tak Dirindukan,Indonesia,TV-14,121,"Dramas, Faith & Spirituality, International Movies",28,January,2019
s5921,Movie,Surga Yang Tak Dirindukan 2,Indonesia,TV-14,119,"Dramas, Faith & Spirituality, International Movies",28,January,2019
s5922,TV Show,Surviving Death,United States,TV-MA,1,"Docuseries, Reality TV",6,January,2021
s5923,TV Show,Surviving Escobar - Alias JJ,Unknown,TV-MA,1,"Crime TV Shows, International TV Shows, Spanish-Language TV Shows",1,August,2017
s5924,TV Show,Surviving R. Kelly,United States,TV-MA,1,"Crime TV Shows, Docuseries",15,September,2019
s5925,TV Show,Surviving R. Kelly Part II: The Reckoning,United States,TV-MA,1,"Crime TV Shows, Docuseries",13,April,2020
s5926,Movie,Surviving R. Kelly: The Impact,United States,TV-14,85,Documentaries,13,April,2020
s5927,TV Show,Survivor,United States,TV-14,2,Reality TV,15,November,2020
s5928,Movie,Survivors Guide to Prison,United States,TV-MA,103,Documentaries,24,May,2018
s5929,Movie,Susanne Bartsch: On Top,United States,TV-MA,86,"Documentaries, LGBTQ Movies",10,December,2018
s5930,Movie,Sustainable,United States,TV-G,92,Documentaries,1,March,2017
s5931,Movie,Suzzanna: Buried Alive,Indonesia,TV-MA,126,"Horror Movies, International Movies",3,April,2019
s5932,Movie,Svaha: The Sixth Finger,South Korea,TV-MA,123,"International Movies, Thrillers",30,May,2019
s5933,Movie,Swades,India,TV-PG,185,"Dramas, International Movies",1,March,2018
s5934,Movie,Swami,India,TV-PG,123,"Dramas, Independent Movies, International Movies",31,December,2019
s5935,TV Show,Swami Baba Ramdev: The Untold Story,Unknown,TV-14,1,"International TV Shows, TV Dramas",1,May,2018
s5936,Movie,Swearnet Live,Canada,TV-MA,75,"Comedies, International Movies",1,March,2018
s5937,Movie,Swearnet: The Movie,Canada,NC-17,112,"Comedies, International Movies",24,September,2017
s5938,Movie,Sweeney Todd: The Demon Barber of Fleet Street,"United States, United Kingdom",R,116,"Dramas, Horror Movies, Music & Musicals",1,January,2020
s5939,TV Show,Sweet Magnolias,United States,TV-14,1,"Romantic TV Shows, TV Dramas",19,May,2020
s5940,Movie,Sweet Virginia,"United States, Canada",R,93,"Dramas, Independent Movies, Thrillers",1,December,2019
s5941,Movie,Sweetheart,United States,PG-13,83,"Horror Movies, Sci-Fi & Fantasy, Thrillers",25,December,2019
s5942,Movie,Swiped,United States,TV-14,94,Comedies,1,July,2019
s5943,Movie,Swiss Army Man,"United States, Sweden",R,97,"Comedies, Dramas, Independent Movies",30,January,2019
s5944,TV Show,Switched,Japan,TV-MA,1,"International TV Shows, TV Dramas, TV Mysteries",1,August,2018
s5945,TV Show,Sword Art Online,Japan,TV-MA,3,"Anime Series, International TV Shows",1,October,2020
s5946,TV Show,Sword Art Online Alternative: Gun Gale Online,Japan,TV-MA,1,"Anime Series, International TV Shows",1,February,2019
s5947,Movie,Sword Master,"China, Hong Kong",TV-MA,108,"Action & Adventure, Dramas, International Movies",10,June,2017
s5948,Movie,Sword Masters: Two Champions of Shaolin,Hong Kong,R,101,"Action & Adventure, International Movies",16,August,2018
s5949,Movie,Swordfish,United States,R,99,Action & Adventure,1,July,2019
s5950,TV Show,SWORDGAI The Animation,Japan,TV-MA,2,"Anime Series, International TV Shows",30,July,2018
s5951,Movie,Sylvia,Nigeria,TV-14,104,"Dramas, International Movies, Thrillers",15,July,2020
s5952,TV Show,Sym-Bionic Titan,United States,TV-PG,1,Kids' TV,15,December,2019
s5953,Movie,System Crasher,Germany,TV-MA,120,"Dramas, Independent Movies, International Movies",21,February,2020
s5954,Movie,Taal,India,TV-PG,177,"Dramas, International Movies, Music & Musicals",1,March,2018
s5955,Movie,Taare Zameen Par,India,PG,162,"Dramas, International Movies",10,January,2021
s5956,TV Show,Tabula Rasa,Belgium,TV-MA,1,"International TV Shows, TV Dramas, TV Mysteries",15,March,2018
s5957,TV Show,Taco Chronicles,United States,TV-MA,2,"Docuseries, International TV Shows, Reality TV",15,September,2020
s5958,Movie,Tahaan,India,TV-14,95,"Dramas, International Movies",15,July,2018
s5959,TV Show,Taj Mahal 1989,India,TV-MA,1,"International TV Shows, Romantic TV Shows, TV Comedies",14,February,2020
s5960,Movie,Take Me,United States,TV-MA,84,"Comedies, Independent Movies",7,July,2017
s5961,Movie,Take Me Home Tonight,"United States, Germany",R,97,"Comedies, Romantic Movies",16,May,2019
s5962,TV Show,Take My Brother Away,China,TV-14,1,"International TV Shows, TV Comedies, TV Dramas",24,August,2018
s5963,Movie,Take the 10,United States,TV-MA,80,Comedies,20,January,2017
s5964,Movie,"Take the Ball, Pass the Ball",Spain,TV-MA,109,"Documentaries, International Movies, Sports Movies",1,September,2020
s5965,Movie,Take Your Pills,United States,TV-14,88,Documentaries,16,March,2018
s5966,TV Show,Taken,"France, United States",TV-14,2,"Crime TV Shows, TV Action & Adventure, TV Thrillers",12,January,2019
s5967,Movie,Takers,United States,PG-13,107,Action & Adventure,3,November,2019
s5968,TV Show,Takki,Saudi Arabia,TV-14,2,"International TV Shows, TV Dramas",15,August,2020
s5969,Movie,Talaash,India,TV-14,140,"Dramas, International Movies, Thrillers",15,December,2019
s5970,Movie,Talentime,Malaysia,TV-14,120,"Dramas, International Movies, Romantic Movies",18,December,2020
s5971,TV Show,Tales by Light,Australia,TV-14,3,"Docuseries, International TV Shows, Science & Nature TV",5,January,2019
s5972,Movie,Tales From the Hood 2,United States,R,110,"Cult Movies, Horror Movies, Independent Movies",10,October,2018
s5973,TV Show,Tales of the City,United States,TV-MA,1,TV Dramas,7,June,2019
s5974,TV Show,Tales of the City (1993),"United Kingdom, United States",TV-MA,1,TV Dramas,28,June,2019
s5975,TV Show,Talking Tom and Friends,Cyprus,TV-Y,1,"Kids' TV, TV Comedies",15,February,2020
s5976,Movie,Tall Girl,United States,TV-PG,103,"Children & Family Movies, Comedies, Romantic Movies",13,September,2019
s5977,Movie,Tallulah,United States,TV-MA,112,"Dramas, Independent Movies",29,July,2016
s5978,Movie,Tamanchey,India,TV-MA,111,"Action & Adventure, International Movies, Romantic Movies",15,October,2017
s5979,Movie,Tamasha,India,TV-14,133,"Dramas, International Movies, Romantic Movies",2,August,2018
s5980,Movie,Tanda Tanya,Unknown,TV-MA,102,"Dramas, International Movies",14,January,2021
s5981,TV Show,Tango,Lebanon,TV-14,1,"International TV Shows, Romantic TV Shows, TV Dramas",3,April,2019
s5982,Movie,Tango Feroz,"Argentina, Spain",TV-MA,124,"Classic Movies, Dramas, International Movies",15,July,2018
s5983,Movie,Tanu Weds Manu,India,TV-14,114,"Comedies, Dramas, International Movies",5,July,2020
s5984,Movie,Taramani,India,TV-MA,148,"Dramas, Independent Movies, International Movies",1,January,2019
s5985,Movie,Tarek's Situation,Egypt,TV-14,110,"Comedies, International Movies, Romantic Movies",19,May,2020
s5986,Movie,Target,Indonesia,TV-14,91,"Comedies, Horror Movies, International Movies",20,November,2018
s5987,Movie,Tarif de nuit,France,TV-MA,81,"International Movies, Thrillers",1,March,2018
s5988,Movie,Tarung Sarung,Indonesia,TV-PG,116,"Action & Adventure, Dramas, Faith & Spirituality",31,December,2020
s5989,Movie,Tarzan,United States,G,89,Children & Family Movies,23,June,2018
s5990,Movie,Tarzan 2,United States,G,72,Children & Family Movies,23,June,2017
s5991,Movie,Tattah,Egypt,TV-14,112,"Comedies, International Movies",9,May,2019
s5992,Movie,Tatu,Nigeria,TV-MA,101,"Action & Adventure, Dramas, International Movies",18,October,2019
s5993,Movie,TAU,United States,R,98,"Sci-Fi & Fantasy, Thrillers",29,June,2018
s5994,Movie,Taxi Ballad,"Lebanon, United States, United Arab Emirates",TV-MA,81,"Dramas, International Movies",19,October,2020
s5995,Movie,Taxi Driver,United States,R,114,"Classic Movies, Dramas, Thrillers",1,April,2020
s5996,TV Show,Tayee,Egypt,TV-MA,1,"International TV Shows, TV Dramas",5,February,2019
s5997,Movie,Taylor Swift reputation Stadium Tour,Unknown,TV-PG,125,Music & Musicals,31,December,2018
s5998,Movie,Taylor Tomlinson: Quarter-Life Crisis,United States,TV-MA,61,Stand-Up Comedy,3,March,2020
s5999,TV Show,Tayo the Little Bus,South Korea,TV-Y,2,"Kids' TV, Korean TV Shows",1,July,2019
s6000,Movie,Tayo the Little Bus Movie: Mission Ace,United States,TV-Y7,48,Children & Family Movies,1,July,2019
s6001,Movie,TE3N,India,TV-14,128,"Dramas, International Movies, Thrillers",19,November,2020
s6002,Movie,Teach Us All,United States,TV-14,81,Documentaries,25,September,2017
s6003,Movie,Team Foxcatcher,United States,TV-MA,91,"Documentaries, Sports Movies",29,April,2016
s6004,TV Show,Team Kaylie,United States,TV-PG,3,"Kids' TV, TV Comedies",3,February,2020
s6005,Movie,Tears of the Sun,United States,R,121,"Action & Adventure, Dramas",1,January,2019
s6006,TV Show,Teasing Master Takagi-san,Japan,TV-PG,1,"Anime Series, International TV Shows, Romantic TV Shows",6,December,2019
s6007,Movie,Tee Shot: Ariya Jutanugarn,Thailand,TV-14,103,"Children & Family Movies, Dramas, International Movies",1,December,2019
s6008,Movie,Teefa in Trouble,Pakistan,TV-14,155,"Action & Adventure, Comedies, International Movies",2,December,2018
s6009,Movie,Teen Aur Aadha,India,TV-MA,119,"Dramas, Independent Movies, International Movies",29,April,2019
s6010,TV Show,Teen Mom 2,United States,TV-14,2,Reality TV,15,December,2020
s6011,Movie,Teen Patti,India,TV-PG,137,"Dramas, International Movies, Thrillers",1,March,2018
s6012,TV Show,Teenage Bounty Hunters,United States,TV-MA,1,"Crime TV Shows, TV Comedies, TV Dramas",14,August,2020
s6013,Movie,Teenage Cocktail,United States,TV-MA,89,"Dramas, Independent Movies, LGBTQ Movies",15,January,2017
s6014,Movie,Teenage Mutant Ninja Turtles,"Hong Kong, United States",PG,87,"Children & Family Movies, Comedies",1,May,2019
s6015,Movie,Teenage Mutant Ninja Turtles II: The Secret of the Ooze,"United States, Hong Kong",PG,88,"Children & Family Movies, Comedies",1,January,2020
s6016,Movie,Teenage Mutant Ninja Turtles: The Movie,Unknown,PG,94,"Action & Adventure, Comedies",1,January,2020
s6017,Movie,Tees Maar Khan,India,TV-PG,125,"Comedies, International Movies, Music & Musicals",2,August,2018
s6018,Movie,Tell Me Who I Am,United Kingdom,TV-MA,86,Documentaries,18,October,2019
s6019,Movie,Tellur Aliens,"United States, Kazakhstan",TV-Y7,67,Children & Family Movies,1,December,2016
s6020,Movie,Temple,"Japan, United States",TV-MA,78,"Horror Movies, Independent Movies",2,December,2017
s6021,Movie,Temporada de Caza,"Argentina, France, United States, Germany, Qatar",TV-MA,108,"Dramas, International Movies",15,July,2018
s6022,Movie,Ten Years,Hong Kong,TV-MA,102,"Dramas, Independent Movies, International Movies",12,February,2019
s6023,Movie,Tere Naal Love Ho Gaya,India,TV-14,127,"Comedies, International Movies, Romantic Movies",2,August,2018
s6024,TV Show,Teresa,Mexico,TV-PG,1,"International TV Shows, Romantic TV Shows, Spanish-Language TV Shows",31,December,2017
s6025,Movie,Term Life,United States,R,93,"Dramas, Thrillers",16,February,2020
s6026,Movie,Terminator 3: Rise of the Machines,"United States, Germany, United Kingdom",R,109,"Action & Adventure, Sci-Fi & Fantasy",1,January,2020
s6027,Movie,Terminator Salvation,"United States, Germany, United Kingdom, Italy",PG-13,115,"Action & Adventure, Sci-Fi & Fantasy",1,January,2020
s6028,Movie,Terra,France,TV-PG,98,"Documentaries, International Movies",1,May,2016
s6029,TV Show,Terrace House: Aloha State,"United States, Japan",TV-14,4,"International TV Shows, Reality TV",26,September,2017
s6030,TV Show,Terrace House: Boys & Girls in the City,Japan,TV-14,2,"International TV Shows, Reality TV",1,April,2016
s6031,TV Show,Terrace House: Opening New Doors,Japan,TV-14,6,"International TV Shows, Reality TV",12,March,2019
s6032,TV Show,Terrace House: Tokyo 2019-2020,Japan,TV-MA,2,"International TV Shows, Reality TV",10,August,2020
s6033,Movie,Terrifier,United States,TV-MA,84,"Horror Movies, Independent Movies, Thrillers",1,September,2018
s6034,TV Show,Terrorism Close Calls,"United States, Czech Republic",TV-MA,1,"Crime TV Shows, Docuseries, International TV Shows",26,October,2018
s6035,Movie,Teshan,India,TV-PG,133,"Comedies, International Movies, Romantic Movies",15,October,2017
s6036,Movie,Tezz,"United Kingdom, India",TV-MA,121,"Action & Adventure, International Movies, Music & Musicals",1,December,2017
s6037,TV Show,Th Eena Meena Deeka Chase Comedy Show,India,TV-Y7,1,"Kids' TV, TV Comedies",31,March,2018
s6038,Movie,Thaandavam,India,TV-14,156,"Action & Adventure, International Movies, Music & Musicals",1,October,2018
s6039,TV Show,Thackeray,India,TV-MA,1,TV Shows,25,May,2019
s6040,Movie,Thackeray (Hindi),India,TV-14,135,"Dramas, International Movies",26,June,2020
s6041,Movie,Thackeray (Marathi),Unknown,TV-14,135,"Dramas, International Movies",28,June,2020
s6042,Movie,Thambi,India,TV-14,148,"International Movies, Thrillers",3,February,2020
s6043,Movie,Thank You,India,TV-14,131,"Comedies, International Movies, Romantic Movies",2,August,2018
s6044,TV Show,That '70s Show,United States,TV-14,8,TV Comedies,1,November,2017
s6045,Movie,That Thing Called Tadhana,Philippines,TV-MA,91,"Dramas, International Movies, Romantic Movies",7,March,2019
s6046,TV Show,"That Winter, the Wind Blows",South Korea,TV-MA,1,"International TV Shows, Korean TV Shows, Romantic TV Shows",1,April,2019
s6047,TV Show,The 10 Sins,Unknown,TV-14,1,"International TV Shows, TV Dramas",22,March,2019
s6048,TV Show,The 100,"United States, Canada",TV-14,7,"TV Action & Adventure, TV Dramas, TV Sci-Fi & Fantasy",8,October,2020
s6049,Movie,The 101-Year-Old Man Who Skipped Out on the Bill and Disappeared,Sweden,TV-MA,108,"Comedies, International Movies",25,April,2017
s6050,Movie,The 12th Man,Norway,TV-MA,130,"Action & Adventure, Dramas, International Movies",31,October,2020
s6051,TV Show,The 2000s,United States,TV-MA,1,Docuseries,19,February,2019
s6052,Movie,The 24 Hour War,United States,TV-MA,100,"Documentaries, Sports Movies",15,November,2019
s6053,Movie,The 2nd,United States,TV-MA,93,Action & Adventure,30,November,2020
s6054,Movie,The 3rd Eye,Indonesia,TV-MA,108,"Horror Movies, International Movies",28,September,2018
s6055,Movie,The 3rd Eye 2,Indonesia,TV-MA,117,"Horror Movies, International Movies",13,June,2019
s6056,TV Show,The 43,Unknown,TV-MA,1,"Crime TV Shows, Docuseries, International TV Shows",15,February,2019
s6057,TV Show,The 4400,"United States, United Kingdom",TV-14,4,"TV Dramas, TV Mysteries, TV Sci-Fi & Fantasy",1,September,2013
s6058,Movie,The 4th Company,"Mexico, Spain",TV-MA,117,"Action & Adventure, Dramas, International Movies",6,April,2018
s6059,Movie,The 9th Precinct,Taiwan,TV-MA,95,"International Movies, Thrillers",13,December,2019
s6060,TV Show,The A List,United Kingdom,TV-PG,1,"British TV Shows, International TV Shows, TV Dramas",30,August,2019
s6061,Movie,The Accidental Spy,Nigeria,TV-MA,104,"Action & Adventure, Comedies, International Movies",29,November,2019
s6062,Movie,The Accountant of Auschwitz,Canada,TV-14,78,"Documentaries, International Movies",1,July,2019
s6063,Movie,The Adderall Diaries,United States,R,87,"Dramas, Thrillers",15,July,2018
s6064,TV Show,The Adjusters,Unknown,TV-PG,2,"International TV Shows, TV Dramas",18,September,2017
s6065,Movie,The Adventure Club,Canada,TV-Y7,88,Children & Family Movies,10,May,2017
s6067,TV Show,The Adventures of Puss in Boots,United States,TV-Y7,6,"Kids' TV, TV Comedies",26,January,2018
s6068,Movie,The Adventures of Sharkboy and Lavagirl,United States,PG,93,Children & Family Movies,2,December,2020
s6069,TV Show,The Adventures of Sonic the Hedgehog,"United States, Canada",TV-Y7,1,Kids' TV,18,April,2018
s6070,Movie,The Adventures of Tintin,"United States, New Zealand, United Kingdom",PG,107,Children & Family Movies,20,November,2019
s6071,Movie,The Aerial,Argentina,TV-MA,99,"Dramas, International Movies, Sci-Fi & Fantasy",1,April,2018
s6072,Movie,The African Doctor,France,TV-14,94,"Comedies, Dramas, International Movies",28,October,2016
s6073,Movie,The After Party,United States,TV-MA,90,"Comedies, Music & Musicals",24,August,2018
s6074,Movie,The Age of Shadows,South Korea,TV-MA,140,"Action & Adventure, Dramas, International Movies",1,January,2018
s6075,TV Show,The Alcàsser Murders,Spain,TV-MA,1,"Crime TV Shows, Docuseries, International TV Shows",15,June,2019
s6076,Movie,The Amazing Praybeyt Benjamin,Philippines,TV-14,105,"Action & Adventure, Comedies, International Movies",21,March,2019
s6077,TV Show,The American Barbecue Showdown,United States,TV-G,1,Reality TV,18,September,2020
s6078,TV Show,The American Bible Challenge,United States,TV-G,2,Reality TV,15,June,2020
s6079,Movie,The American Game,Unknown,TV-PG,91,"Comedies, International Movies, Romantic Movies",1,October,2020
s6080,Movie,The American Meme,United States,TV-MA,98,Documentaries,7,December,2018
s6081,Movie,The American President,United States,PG-13,113,"Comedies, Dramas, Romantic Movies",1,January,2021
s6082,Movie,The Amityville Horror,United States,R,89,Horror Movies,1,January,2020
s6083,TV Show,The Andy Griffith Show,United States,TV-G,8,"Classic & Cult TV, TV Comedies",1,July,2017
s6084,Movie,The Angel,"Israel, United States",TV-MA,114,"Dramas, International Movies, Thrillers",14,September,2018
s6085,Movie,The Angry Birds Movie 2,"Finland, United States",PG,97,"Children & Family Movies, Comedies",27,February,2020
s6086,Movie,The Animal People,United States,TV-MA,97,Documentaries,11,March,2020
s6087,Movie,The Ant's Scream,Egypt,TV-14,108,"Comedies, Dramas, International Movies",13,June,2019
s6088,TV Show,The Apartment,Singapore,TV-PG,2,"International TV Shows, Reality TV",14,December,2018
s6089,Movie,The Apostate,"Spain, France, Uruguay",TV-MA,80,"Comedies, Dramas, International Movies",10,May,2017
s6090,Movie,The App,Italy,TV-MA,79,"Dramas, Independent Movies, International Movies",26,December,2019
s6091,Movie,The App That Stole Christmas,United States,TV-PG,64,"Children & Family Movies, Comedies",20,November,2020
s6092,Movie,The Arbitration,Nigeria,TV-MA,101,"Dramas, International Movies",26,February,2020
s6093,Movie,The Art of Loving,Poland,TV-MA,115,"Dramas, International Movies",15,March,2018
s6094,Movie,The Art of the Steal,"Canada, United States",R,90,"Action & Adventure, Comedies, Independent Movies",8,December,2018
s6095,Movie,The Art of War,"United States, Canada",R,117,Action & Adventure,1,July,2020
s6096,Movie,The Artist,"France, Belgium, United States",PG-13,101,"Comedies, Dramas, Independent Movies",25,April,2020
s6097,TV Show,The Assassination of Gianni Versace,United States,TV-MA,1,"Crime TV Shows, TV Dramas, TV Thrillers",6,March,2019
s6098,Movie,The Assignment,"France, Canada, United States",R,95,Action & Adventure,15,March,2020
s6099,Movie,The Autopsy of Jane Doe,"United Kingdom, United States",R,86,"Horror Movies, Independent Movies, Thrillers",30,December,2018
s6100,Movie,The Awakening of Motti Wolkenbruch,Switzerland,TV-MA,94,"Comedies, Dramas, International Movies",25,October,2019
s6101,Movie,The B-Side: Elsa Dorfman's Portrait Photography,United States,R,76,Documentaries,31,October,2017
s6102,TV Show,The Baby-Sitters Club,United States,TV-G,1,"Kids' TV, TV Dramas",3,July,2020
s6103,Movie,The Babysitter,United States,TV-MA,85,"Comedies, Horror Movies",13,October,2017
s6104,Movie,The Babysitter: Killer Queen,United States,TV-MA,102,"Comedies, Horror Movies",10,September,2020
s6105,TV Show,The Bachelor,Unknown,TV-14,1,"Reality TV, Romantic TV Shows",1,December,2019
s6106,TV Show,The Bachelorette,United States,TV-14,1,"Reality TV, Romantic TV Shows",1,December,2020
s6107,Movie,The Bachelors,United States,TV-14,100,Dramas,21,February,2018
s6108,Movie,The Bad Batch,United States,R,119,"Dramas, Independent Movies, Thrillers",22,September,2017
s6109,Movie,The Bad Education Movie,United Kingdom,TV-MA,87,Comedies,15,December,2018
s6110,Movie,The Bad Kids,United States,TV-MA,101,Documentaries,1,April,2017
s6111,Movie,The Ballad of Buster Scruggs,United States,R,133,"Comedies, Dramas",16,November,2018
s6112,Movie,The Ballad of Lefty Brown,United States,R,112,Dramas,7,February,2020
s6113,Movie,The Bar,"Spain, Argentina",TV-MA,102,"Comedies, Horror Movies, International Movies",24,September,2017
s6114,Movie,The Bare-Footed Kid,Hong Kong,TV-14,83,"Action & Adventure, International Movies",16,August,2018
s6115,TV Show,The Barrier,Spain,TV-MA,1,"International TV Shows, Spanish-Language TV Shows, TV Dramas",11,September,2020
s6116,Movie,The Basement,United States,TV-MA,89,"Horror Movies, Thrillers",9,April,2019
s6117,Movie,The Battered Bastards of Baseball,United States,TV-MA,80,"Documentaries, Sports Movies",11,July,2014
s6118,Movie,The Battle of Midway,United States,TV-14,18,"Classic Movies, Documentaries",31,March,2017
s6119,Movie,The Beach Loafer,Egypt,TV-14,112,"Comedies, International Movies",19,May,2020
s6120,Movie,The Beast,Italy,TV-MA,100,"Action & Adventure, International Movies",27,November,2020
s6121,Movie,The Beast Stalker,Hong Kong,TV-14,110,"Action & Adventure, International Movies",21,July,2019
s6122,TV Show,The Beat,Unknown,TV-MA,1,"International TV Shows, TV Dramas",18,September,2017
s6123,Movie,The Beginning of Life,Unknown,TV-PG,96,"Documentaries, International Movies",3,November,2020
s6124,Movie,The Beginning of Life 2: Outside,Brazil,TV-PG,92,"Documentaries, International Movies",13,November,2020
s6125,TV Show,The Beginning of Life: The Series,Brazil,TV-PG,1,"Docuseries, International TV Shows, Science & Nature TV",11,November,2016
s6126,Movie,The Best of Rafał Rutkowski Olka Szczęśniak,Unknown,TV-MA,63,Stand-Up Comedy,19,September,2016
s6127,TV Show,The Bible's Buried Secrets,United Kingdom,TV-14,1,"British TV Shows, Docuseries, Science & Nature TV",1,February,2019
s6128,TV Show,The Big Catch,United Kingdom,TV-PG,1,"British TV Shows, Reality TV",1,February,2019
s6129,TV Show,The Big Family Cooking Showdown,United Kingdom,TV-PG,2,"British TV Shows, International TV Shows, Reality TV",22,February,2019
s6130,TV Show,The Big Flower Fight,United Kingdom,TV-PG,1,"British TV Shows, International TV Shows, Reality TV",18,May,2020
s6131,TV Show,The Big Show Show,United States,TV-G,2,"Kids' TV, TV Comedies",9,December,2020
s6132,Movie,The Bill Murray Stories: Life Lessons Learned From a Mythical Man,United States,TV-MA,72,Documentaries,31,December,2018
s6133,Movie,The Binding,Italy,TV-MA,93,"Horror Movies, International Movies, Thrillers",2,October,2020
s6134,Movie,The Birth Reborn,Unknown,TV-MA,91,"Documentaries, International Movies",1,October,2018
s6135,Movie,The Birth Reborn 3,Unknown,TV-14,73,"Documentaries, International Movies",28,December,2018
s6136,Movie,The Bittersweet,China,TV-MA,98,"Action & Adventure, Dramas, International Movies",1,November,2017
s6137,Movie,The Black Godfather,United States,TV-MA,118,"Documentaries, Music & Musicals",7,June,2019
s6138,Movie,The Black Prince,"United Kingdom, India, United States",PG-13,121,"Dramas, International Movies",3,October,2018
s6139,Movie,The Black Room,United States,TV-MA,95,Horror Movies,7,August,2017
s6140,Movie,The Blackcoat's Daughter,"Canada, United States",R,95,"Horror Movies, Independent Movies, Thrillers",18,May,2019
s6141,TV Show,The Blacklist,United States,TV-14,7,"Crime TV Shows, TV Dramas, TV Thrillers",18,September,2020
s6142,Movie,The Blazing Sun,Egypt,TV-14,116,"Classic Movies, Dramas, International Movies",18,June,2020
s6143,Movie,The Bleeder,United States,R,98,"Dramas, Sports Movies",29,March,2019
s6144,Movie,The Bleeding Edge,"Australia, United States",TV-14,101,Documentaries,27,July,2018
s6145,Movie,The Blind Christ,"Chile, France",TV-MA,86,"Dramas, Independent Movies, International Movies",1,August,2017
s6146,Movie,The Bling Lagosians,Nigeria,TV-14,99,"Dramas, International Movies",11,October,2019
s6147,Movie,The Bling Ring,"United States, United Kingdom, France, Germany, Japan",R,91,"Dramas, Independent Movies",18,January,2020
s6148,Movie,The Blue Elephant 2,Egypt,TV-14,130,"Horror Movies, International Movies, Thrillers",20,September,2020
s6149,TV Show,The Blue Planet: A Natural History of the Oceans,United Kingdom,TV-G,1,"British TV Shows, Docuseries, International TV Shows",10,October,2015
s6150,Movie,The Blue Umbrella,India,TV-PG,90,"Children & Family Movies, Dramas, Independent Movies",2,August,2018
s6151,Movie,The Body,India,TV-14,101,"International Movies, Thrillers",21,February,2020
s6152,Movie,The Body Remembers When the World Broke Open,"Canada, Norway",TV-MA,106,"Dramas, Independent Movies",27,November,2019
s6153,Movie,The Bomb,United States,TV-14,59,Documentaries,1,August,2017
s6154,TV Show,The Bomb Squad,United Kingdom,TV-MA,1,"British TV Shows, Docuseries",1,February,2019
s6155,TV Show,The Bonfire of Destiny,France,TV-MA,1,"International TV Shows, TV Dramas",26,December,2019
s6156,Movie,The Book of Eli,United States,R,118,"Action & Adventure, Sci-Fi & Fantasy",1,July,2019
s6157,Movie,The Book of Sun,Saudi Arabia,TV-14,120,"Comedies, Independent Movies, International Movies",1,October,2020
s6158,TV Show,The Borgias,"United States, Hungary, Ireland, Canada",TV-MA,3,TV Dramas,1,February,2014
s6159,TV Show,The Boss Baby: Back in Business,United States,TV-Y7,4,"Kids' TV, TV Comedies",17,November,2020
s6160,Movie,The Boss Baby: Get That Baby!,United States,TV-Y7,115,"Children & Family Movies, Comedies",1,September,2020
s6161,Movie,The Boss's Daughter,France,TV-MA,98,"Dramas, International Movies, Romantic Movies",10,March,2017
s6162,TV Show,The Boulet Brothers Dragula,United States,TV-MA,2,Reality TV,1,November,2019
s6163,Movie,The Bounty Hunter,United States,PG-13,111,"Action & Adventure, Comedies, Romantic Movies",1,October,2019
s6164,Movie,The Box,United States,PG-13,116,"Sci-Fi & Fantasy, Thrillers",1,June,2019
s6165,Movie,The Boy,"United States, Canada, China",PG-13,97,"Horror Movies, Independent Movies, Thrillers",1,June,2020
s6166,Movie,The Boy in the Striped Pajamas,"United Kingdom, United States",PG-13,95,"Dramas, Independent Movies, International Movies",1,January,2019
s6167,Movie,The Boy Who Cried Werewolf,"United States, Canada",TV-Y,86,"Children & Family Movies, Comedies",2,November,2019
s6168,Movie,The Boy Who Harnessed the Wind,"United Kingdom, Malawi",TV-PG,114,"Children & Family Movies, Dramas, Independent Movies",1,March,2019
s6169,Movie,The Boys in the Band,United States,R,122,"Dramas, LGBTQ Movies",30,September,2020
s6170,Movie,The Boys in the Band: Something Personal,United States,TV-MA,28,"Documentaries, LGBTQ Movies",30,September,2020
s6171,Movie,The Brave,United States,TV-MA,103,"Action & Adventure, Independent Movies",15,January,2020
s6172,Movie,The Brave One,United States,R,122,"Dramas, Thrillers",1,November,2019
s6173,Movie,The Brawler,United States,TV-MA,95,"Dramas, Independent Movies, Sports Movies",18,May,2019
s6174,Movie,The Breadwinner,"Ireland, Canada, Luxembourg, United States, United Kingdom, Philippines, India",PG-13,93,"Children & Family Movies, Dramas, International Movies",20,February,2018
s6175,TV Show,The Break,Belgium,TV-MA,2,"Crime TV Shows, International TV Shows, TV Dramas",9,February,2019
s6176,TV Show,The Break with Michelle Wolf,United States,TV-MA,1,"Stand-Up Comedy & Talk Shows, TV Comedies",27,May,2018
s6177,Movie,The Break-Up,United States,PG-13,107,"Comedies, Dramas, Romantic Movies",16,July,2019
s6178,Movie,The Breaker Upperers,New Zealand,TV-MA,82,"Comedies, Independent Movies, International Movies",15,February,2019
s6179,Movie,The Breakup Playlist,Philippines,TV-MA,118,"Dramas, International Movies, Music & Musicals",27,February,2019
s6180,TV Show,The Bride of Habaek,South Korea,TV-14,1,"International TV Shows, Korean TV Shows, Romantic TV Shows",1,January,2020
s6181,Movie,The Bridge,Nigeria,TV-14,119,"Dramas, International Movies, Romantic Movies",1,September,2019
s6182,Movie,The Bridge Curse,Taiwan,TV-MA,88,"Horror Movies, International Movies, Thrillers",27,August,2020
s6183,Movie,The Bros,South Korea,TV-14,102,"Comedies, Dramas, International Movies",2,February,2018
s6184,Movie,The Brothers Grimm,"United States, Czech Republic, United Kingdom",PG-13,119,"Action & Adventure, Sci-Fi & Fantasy",1,July,2019
s6185,Movie,The Bucket List,United States,PG-13,97,"Comedies, Dramas",1,October,2019
s6186,Movie,The Bulbul's Nest,Unknown,TV-MA,96,"Comedies, International Movies",9,May,2019
s6187,Movie,The Bund,Hong Kong,TV-14,103,"Action & Adventure, Dramas, International Movies",20,September,2018
s6188,Movie,The Burial of Kojo,"Ghana, United States",TV-14,81,"Dramas, Independent Movies, International Movies",31,March,2019
s6189,TV Show,The Business of Drugs,United States,TV-MA,1,Docuseries,14,July,2020
s6190,Movie,The Butterfly's Dream,Turkey,TV-PG,118,"Dramas, International Movies, Romantic Movies",10,March,2017
s6191,Movie,The Bye Bye Man,"United States, China",PG-13,96,"Horror Movies, Thrillers",1,April,2019
s6192,Movie,The Bygone,United States,TV-MA,106,"Independent Movies, Thrillers",23,March,2020
s6193,Movie,The C Word,United States,TV-14,93,Documentaries,24,March,2017
s6194,TV Show,The Cabin with Bert Kreischer,United States,TV-MA,1,"Reality TV, TV Comedies",13,October,2020
s6195,Movie,The Cakemaker,"Israel, Germany",TV-14,109,"Dramas, Independent Movies, International Movies",4,December,2018
s6196,Movie,The Call,South Korea,TV-MA,112,"International Movies, Thrillers",27,November,2020
s6197,TV Show,The Calling,India,TV-MA,1,"International TV Shows, Reality TV",1,April,2019
s6198,Movie,The Captive,Canada,R,112,"Dramas, Thrillers",20,July,2018
s6199,Movie,The Car,United States,PG,96,"Cult Movies, Horror Movies",1,June,2020
s6200,Movie,The Car: Road to Revenge,United States,TV-MA,89,"Action & Adventure, Horror Movies, Sci-Fi & Fantasy",1,February,2020
s6201,Movie,The Carter Effect,United States,TV-MA,60,"Documentaries, Sports Movies",1,May,2018
s6202,Movie,The Case for Christ,United States,TV-PG,113,"Dramas, Faith & Spirituality",21,November,2017
s6203,TV Show,The Casketeers,New Zealand,TV-14,2,"International TV Shows, Reality TV",21,June,2019
s6204,TV Show,The Cat in the Hat Knows a Lot About That!,"Canada, United Kingdom, United States",TV-Y,1,Kids' TV,1,January,2021
s6205,Movie,The Cell,Egypt,TV-MA,126,"Action & Adventure, Dramas, International Movies",13,June,2019
s6206,Movie,The CEO,Nigeria,TV-14,109,"Dramas, International Movies, Thrillers",1,September,2019
s6207,TV Show,The Chalet,France,TV-MA,1,"Crime TV Shows, International TV Shows, TV Dramas",17,April,2018
s6208,TV Show,The Challenge,United States,TV-14,2,Reality TV,15,December,2020
s6209,TV Show,The Charming Stepmom,Unknown,TV-14,1,"International TV Shows, Romantic TV Shows, TV Comedies",29,November,2019
s6210,Movie,The Charnel House,United States,R,93,"Horror Movies, Thrillers",4,February,2017
s6211,TV Show,The Chase,United States,TV-PG,2,Reality TV,15,June,2020
s6212,TV Show,The Chef Show,United States,TV-MA,4,Docuseries,24,September,2020
s6213,TV Show,The Chefs' Line,Australia,TV-14,1,"International TV Shows, Reality TV",1,August,2019
s6214,Movie,The Chord,Egypt,TV-MA,101,"Dramas, International Movies, Music & Musicals",20,June,2019
s6215,Movie,The Chosen,"Spain, Mexico",TV-14,111,"Dramas, International Movies, Thrillers",14,April,2017
s6216,TV Show,The Chosen One,Brazil,TV-MA,2,"International TV Shows, TV Dramas, TV Mysteries",6,December,2019
s6217,Movie,The Chosen Ones,"Mexico, France",TV-MA,107,"Dramas, Independent Movies, International Movies",8,May,2016
s6218,Movie,The Christmas Candle,"United Kingdom, United States",PG,100,"Dramas, Faith & Spirituality",1,November,2019
s6219,Movie,The Christmas Chronicles,United States,TV-PG,104,"Children & Family Movies, Comedies",22,November,2018
s6220,Movie,The Christmas Chronicles: Part Two,Canada,PG,115,"Children & Family Movies, Comedies",25,November,2020
s6221,Movie,The Christmas Project,United States,TV-PG,92,"Children & Family Movies, Comedies",1,March,2019
s6222,Movie,The Cincinnati Kid,United States,TV-14,103,"Classic Movies, Dramas",1,November,2019
s6223,TV Show,The Circle,"United States, United Kingdom",TV-MA,1,Reality TV,1,January,2020
s6224,TV Show,The Circle Brazil,"Brazil, United Kingdom",TV-MA,1,"International TV Shows, Reality TV",11,March,2020
s6225,TV Show,The Circle France,Unknown,TV-MA,1,"International TV Shows, Reality TV",9,April,2020
s6226,Movie,The Clapper,United States,R,90,"Comedies, Dramas, Independent Movies",1,May,2018
s6227,Movie,The Claudia Kishi Club,United States,TV-14,17,Documentaries,10,July,2020
s6228,Movie,The Climb,France,TV-14,105,"Action & Adventure, Comedies, Dramas",29,December,2017
s6229,Movie,The Cloverfield Paradox,United States,PG-13,102,"Action & Adventure, Sci-Fi & Fantasy",5,February,2018
s6230,TV Show,The Club,Mexico,TV-MA,1,"Crime TV Shows, International TV Shows, Spanish-Language TV Shows",15,November,2019
s6231,TV Show,The Code,United Kingdom,TV-PG,1,"British TV Shows, Docuseries, International TV Shows",1,February,2018
s6232,Movie,The Coldest Game,"Poland, United States",TV-MA,103,"Dramas, International Movies, Thrillers",8,February,2020
s6233,TV Show,The Comedy Lineup,United States,TV-MA,2,"Stand-Up Comedy & Talk Shows, TV Comedies",31,August,2018
s6234,Movie,The Command,"France, Belgium, Luxembourg, Romania, Canada, United States",PG-13,118,"Dramas, International Movies, Thrillers",19,October,2019
s6235,Movie,The Company Men,United States,R,105,"Dramas, Independent Movies",28,July,2018
s6236,Movie,The Competition,United States,TV-14,103,"Comedies, Romantic Movies",23,July,2019
s6237,Movie,The Con Is On,"United States, United Kingdom",R,95,Comedies,21,December,2020
s6238,TV Show,The Confession Killer,United States,TV-14,1,"Crime TV Shows, Docuseries",6,December,2019
s6239,TV Show,The Confession Tapes,United States,TV-MA,2,"Crime TV Shows, Docuseries",21,June,2019
s6240,Movie,The Confirmation,Canada,PG-13,101,"Comedies, Dramas, Independent Movies",6,February,2019
s6241,TV Show,The Confrontation,Unknown,TV-PG,1,"International TV Shows, TV Dramas",8,March,2019
s6242,Movie,The Congress,"Israel, Germany, Poland, Luxembourg, Belgium, France, United States",TV-MA,123,"Dramas, International Movies, Sci-Fi & Fantasy",23,August,2019
s6243,Movie,The Conjuring,United States,R,112,"Horror Movies, Thrillers",8,January,2018
s6244,Movie,The Consul's Son,Egypt,TV-14,114,"Comedies, International Movies, Thrillers",25,April,2019
s6245,TV Show,The Could’ve-Gone-All-the-Way Committee,Japan,TV-14,1,"International TV Shows, Romantic TV Shows, TV Dramas",1,August,2018
s6246,Movie,The Craft,United States,R,101,"Horror Movies, Thrillers",1,January,2020
s6247,TV Show,The Cravings,South Korea,TV-14,2,"International TV Shows, Korean TV Shows, TV Comedies",20,April,2017
s6248,Movie,The Creative Brain,United States,TV-14,53,Documentaries,1,January,2021
s6249,TV Show,The Creative Indians,India,TV-MA,2,"Docuseries, International TV Shows",24,August,2020
s6250,Movie,The Crew,France,TV-MA,81,"Action & Adventure, International Movies",15,November,2018
s6251,TV Show,The Crime,Poland,TV-MA,2,"Crime TV Shows, International TV Shows, TV Dramas",26,November,2019
s6252,Movie,The Crimes That Bind,Argentina,TV-14,100,"Dramas, International Movies",20,August,2020
s6253,Movie,The Croods,United States,PG,99,"Children & Family Movies, Comedies",29,July,2019
s6254,Movie,The Crow,United States,R,102,"Action & Adventure, Cult Movies, Sci-Fi & Fantasy",1,January,2019
s6255,TV Show,The Crown,"United Kingdom, United States",TV-MA,4,"British TV Shows, International TV Shows, TV Dramas",15,November,2020
s6256,Movie,The Cruise,Poland,TV-PG,66,"Comedies, Cult Movies, International Movies",1,October,2019
s6257,Movie,The Crying Game,"United Kingdom, Japan, United States",R,112,"Classic Movies, Independent Movies, Thrillers",1,January,2020
s6258,Movie,The Crystal Calls Making the Dark Crystal: Age of Resistance,United States,TV-PG,83,"Documentaries, International Movies",14,September,2019
s6259,TV Show,The Cuba Libre Story,"France, Germany",TV-14,1,"Docuseries, International TV Shows",8,December,2016
s6260,TV Show,The Curious Creations of Christine McConnell,United States,TV-PG,1,"TV Comedies, TV Mysteries",12,October,2018
s6261,TV Show,The Curse of Oak Island,United States,TV-PG,1,"Docuseries, Science & Nature TV",15,September,2019
s6262,Movie,The D Train,"United Kingdom, United States",R,101,Comedies,2,April,2017
s6263,Movie,The Da Vinci Code,"United States, Malta, France, United Kingdom",PG-13,149,Thrillers,1,December,2020
s6264,Movie,The Damned Rain,India,TV-14,99,"Dramas, International Movies",1,January,2018
s6265,Movie,The Dancer,Indonesia,TV-MA,105,"Dramas, International Movies, Romantic Movies",8,December,2018
s6266,Movie,The Danish Girl,"United Kingdom, United States, Germany, Denmark, Belgium, Japan",R,120,"Dramas, International Movies, LGBTQ Movies",16,December,2019
s6267,Movie,The Dark Crystal,"United States, United Kingdom",PG,93,Children & Family Movies,1,May,2019
s6268,TV Show,The Dark Crystal: Age of Resistance,"United Kingdom, United States",TV-PG,1,"TV Action & Adventure, TV Dramas, TV Sci-Fi & Fantasy",30,August,2019
s6269,Movie,The Dark Side of Life: Mumbai City,India,TV-MA,121,"Dramas, International Movies",31,December,2019
s6270,Movie,The Darkest Dawn,United Kingdom,TV-MA,75,"Action & Adventure, Independent Movies, International Movies",23,June,2018
s6271,Movie,The Darkness,United States,PG-13,92,"Horror Movies, Thrillers",16,June,2020
s6272,Movie,The Daughter,Australia,TV-MA,95,Dramas,26,April,2017
s6273,Movie,The Dawn Wall,"Austria, United States",TV-MA,100,"Documentaries, Sports Movies",4,March,2019
s6274,TV Show,The Day I Met El Chapo,United States,TV-MA,1,"Crime TV Shows, Docuseries, International TV Shows",20,October,2017
s6275,TV Show,The Day My Butt Went Psycho!,"Canada, Australia",TV-Y7,2,"Kids' TV, TV Comedies",30,June,2015
s6276,Movie,The Day of the Lord,"Mexico, Spain",TV-MA,93,"Horror Movies, International Movies",30,October,2020
s6277,TV Show,The Day Will Come,Denmark,TV-14,1,"International TV Shows, TV Dramas",1,June,2017
s6278,Movie,The Dealer,Egypt,TV-14,124,"Action & Adventure, International Movies",25,April,2020
s6279,Movie,The Death and Life of Marsha P. Johnson,"Greece, United States",TV-MA,106,"Documentaries, LGBTQ Movies",6,October,2017
s6280,Movie,The Death of Mr. Lazarescu,Romania,R,154,"Dramas, International Movies",4,March,2020
s6281,Movie,The Death of Stalin,"United Kingdom, France, Belgium, Canada, United States",R,107,"Comedies, Dramas, Independent Movies",3,April,2020
s6282,Movie,The Debt Collector,"United Kingdom, United States",TV-MA,96,Action & Adventure,3,September,2018
s6283,Movie,The Debt Collector 2,United States,TV-MA,97,Action & Adventure,31,August,2020
s6284,Movie,The Decline,Canada,TV-MA,83,"Action & Adventure, International Movies",27,March,2020
s6285,TV Show,The Deep,"Canada, Australia",TV-Y7,3,Kids' TV,1,November,2019
s6286,TV Show,The Defected,"China, Hong Kong",TV-14,1,"Crime TV Shows, International TV Shows, TV Dramas",12,May,2019
s6287,TV Show,The Degenerates,Unknown,TV-MA,2,"Stand-Up Comedy & Talk Shows, TV Comedies",31,December,2019
s6288,Movie,The Delivery Boy,Nigeria,TV-14,67,"International Movies, Thrillers",14,May,2020
s6289,Movie,The Departed,"United States, Hong Kong",R,151,"Dramas, Thrillers",1,January,2021
s6290,Movie,The Desert Bride,"Argentina, Chile",TV-14,78,"Dramas, International Movies",8,November,2018
s6291,Movie,The Detained,United States,TV-14,85,"Horror Movies, Thrillers",15,February,2019
s6292,Movie,The Devil All The Time,United States,R,139,"Dramas, Thrillers",16,September,2020
s6293,Movie,The Devil and Father Amorth,"Italy, United States",TV-PG,69,"Documentaries, Horror Movies",23,July,2018
s6294,Movie,The Devil Inside,United States,R,84,"Horror Movies, Thrillers",20,November,2019
s6295,TV Show,The Devil Is a Part-Timer!,Japan,TV-14,1,Anime Series,1,April,2019
s6296,TV Show,The Devil Next Door,United States,TV-MA,1,"Crime TV Shows, Docuseries",4,November,2019
s6297,TV Show,The Devil Punisher,Taiwan,TV-14,1,"International TV Shows, Romantic TV Shows, TV Mysteries",26,October,2020
s6298,Movie,The Devil We Know,United States,TV-14,88,Documentaries,15,January,2019
s6299,Movie,The Devil's Mistress,"Czech Republic, Slovakia",TV-MA,110,"Dramas, International Movies",15,May,2017
s684,Movie,Backfire,United States,TV-MA,97,"Dramas, Independent Movies, Thrillers",5,April,2019
s6300,Movie,The Diabolical,United States,TV-MA,86,"Horror Movies, Sci-Fi & Fantasy, Thrillers",1,August,2018
s6301,Movie,The Dirt,United States,TV-MA,108,"Comedies, Dramas, Music & Musicals",22,March,2019
s6302,TV Show,The Disappearance of Madeleine McCann,Unknown,TV-14,1,"Crime TV Shows, Docuseries",15,March,2019
s6303,Movie,The Disaster Artist,United States,R,104,"Comedies, Dramas",1,June,2020
s6304,TV Show,The Disastrous Life of Saiki K.,Japan,TV-14,3,"Anime Series, International TV Shows, Teen TV Shows",1,March,2019
s6305,TV Show,The Disastrous Life of Saiki K.: Reawakened,Japan,TV-14,1,"Anime Series, International TV Shows",30,December,2019
s6306,Movie,The Discovery,United States,TV-MA,102,"Dramas, Independent Movies, Romantic Movies",31,March,2017
s6307,Movie,The Distinguished Citizen,"Argentina, Spain",TV-MA,113,"Comedies, Dramas, International Movies",1,September,2017
s6308,Movie,The Do-Over,United States,TV-MA,109,"Action & Adventure, Comedies",27,May,2016
s6309,Movie,The Doll,Indonesia,TV-MA,106,"Horror Movies, International Movies",15,January,2019
s6310,Movie,The Doll 2,Indonesia,TV-MA,117,"Horror Movies, International Movies",15,January,2019
s6311,TV Show,The Dragon Prince,"United States, Canada",TV-Y7,3,"Kids' TV, TV Action & Adventure, TV Sci-Fi & Fantasy",22,November,2019
s6312,TV Show,The Dream Catchers,Singapore,TV-14,1,"International TV Shows, Romantic TV Shows, TV Dramas",1,October,2017
s6313,TV Show,The Dream Job,Singapore,TV-14,1,"International TV Shows, TV Dramas",1,June,2017
s6314,Movie,The Dreamer,Indonesia,TV-PG,121,"Dramas, International Movies",4,October,2018
s6315,Movie,The Drowning,"United States, Hong Kong",TV-MA,99,Thrillers,1,September,2017
s6316,Movie,The Drug King,South Korea,TV-MA,139,"Dramas, International Movies, Thrillers",21,February,2019
s6317,TV Show,The Drunk and on Drugs Happy Funtime Hour,Canada,TV-MA,1,"International TV Shows, TV Comedies",24,August,2018
s6318,TV Show,The Duchess,United Kingdom,TV-MA,1,"British TV Shows, International TV Shows, TV Comedies",11,September,2020
s6319,Movie,The Duel,United States,R,110,Dramas,2,June,2019
s6320,Movie,The Dukes of Hazzard,United States,PG-13,104,"Action & Adventure, Comedies",1,January,2020
s6321,Movie,The Dukes of Hazzard: The Beginning,United States,R,95,"Action & Adventure, Comedies",1,January,2020
s6322,TV Show,The Eagle of El-Se'eed,Unknown,TV-14,1,"Crime TV Shows, International TV Shows, TV Action & Adventure",25,March,2019
s6323,TV Show,The Eddy,"United Kingdom, Germany, United States, France",TV-MA,1,"International TV Shows, TV Dramas",8,May,2020
s6324,Movie,The Edge of Democracy,Brazil,TV-14,122,"Documentaries, International Movies",19,June,2019
s6325,Movie,The Edge of Seventeen,"United States, China",R,105,"Comedies, Dramas",1,February,2019
s6326,Movie,The Eichmann Show,"United Kingdom, Lithuania",TV-MA,96,"Dramas, International Movies",31,August,2017
s6327,TV Show,The Eighties,United States,TV-PG,1,Docuseries,30,September,2018
s6328,Movie,The Emigrant,"Egypt, France",TV-14,130,"Dramas, International Movies",19,June,2020
s6329,Movie,The End,Kuwait,TV-MA,97,"Action & Adventure, Comedies, International Movies",17,May,2020
s6330,Movie,The End of Evangelion,Japan,TV-MA,87,"Action & Adventure, Anime Features, International Movies",21,June,2019
s6331,TV Show,The End of the F***ing World,United Kingdom,TV-MA,2,"British TV Shows, International TV Shows, TV Comedies",5,November,2019
s6332,Movie,The End of the Tour,United States,R,106,"Dramas, Independent Movies",26,July,2018
s6333,Movie,The Endless,United States,TV-MA,112,"Independent Movies, Sci-Fi & Fantasy, Thrillers",19,September,2018
s6334,Movie,The Endless Trench,"Spain, France, Canada",TV-MA,148,"Dramas, Independent Movies, International Movies",6,November,2020
s6335,TV Show,The English Game,United Kingdom,TV-14,1,"British TV Shows, International TV Shows, TV Dramas",20,March,2020
s6336,TV Show,The Epic Tales of Captain Underpants,United States,TV-Y7,3,"Kids' TV, TV Comedies",19,July,2019
s6337,TV Show,The Epic Tales of Captain Underpants in Space,United States,TV-Y7,1,"Kids' TV, TV Action & Adventure, TV Comedies",10,July,2020
s6338,Movie,The Evil Dead,United States,TV-MA,85,"Classic Movies, Cult Movies, Horror Movies",10,January,2020
s6339,Movie,The Exception,"United Kingdom, United States",R,107,"Dramas, Romantic Movies",26,July,2019
s6340,TV Show,The Expanding Universe of Ashley Garcia,United States,TV-PG,3,"Kids' TV, TV Comedies, Teen TV Shows",9,December,2020
s6341,Movie,The Eyes of My Mother,United States,R,76,"Horror Movies, Independent Movies",6,April,2017
s6342,Movie,The F**k-It List,United States,TV-MA,103,Comedies,1,July,2020
s6343,Movie,The Family,"France, United Kingdom, United States",R,112,"Action & Adventure, Comedies",1,June,2020
s6344,TV Show,The Family Court,Unknown,TV-MA,1,"International TV Shows, TV Dramas",1,November,2017
s6345,TV Show,The Fear,United Kingdom,TV-MA,1,"British TV Shows, Crime TV Shows, TV Dramas",31,March,2017
s6346,Movie,The Fear of 13,United Kingdom,TV-MA,95,"Documentaries, International Movies",1,June,2016
s6347,Movie,The Feels,United States,TV-MA,88,"Comedies, Independent Movies, LGBTQ Movies",1,July,2018
s6348,TV Show,The Fierce Wife,Taiwan,TV-MA,1,"International TV Shows, Romantic TV Shows, TV Dramas",1,September,2016
s6349,Movie,The Fighter,United States,R,116,"Dramas, Sports Movies",13,January,2019
s6350,Movie,The Figurine (Araromire),Nigeria,TV-14,121,"Horror Movies, International Movies, Thrillers",1,October,2019
s6351,Movie,The Final Destination,United States,R,82,Horror Movies,1,January,2020
s6352,TV Show,The Final Table,United States,TV-PG,1,Reality TV,20,November,2018
s6353,Movie,The First Lady,Unknown,TV-MA,107,"Dramas, International Movies",20,December,2019
s6354,Movie,The First Line,"United States, Greece, United Kingdom",TV-14,87,"Dramas, Independent Movies",20,September,2016
s6355,Movie,The First Temptation of Christ,Brazil,TV-MA,46,"Comedies, International Movies",3,December,2019
s6356,Movie,The First Wives Club,United States,PG,103,Comedies,20,November,2019
s6357,TV Show,The Five,United Kingdom,TV-MA,1,"British TV Shows, Crime TV Shows, TV Dramas",15,September,2017
s6358,Movie,The Five Venoms,Hong Kong,R,97,"Action & Adventure, Cult Movies, International Movies",31,July,2018
s6359,TV Show,The Fix,United States,TV-MA,1,TV Comedies,14,December,2018
s6360,TV Show,The Flash,United States,TV-14,6,"Crime TV Shows, TV Action & Adventure, TV Sci-Fi & Fantasy",20,May,2020
s6361,Movie,The Flintstones,United States,PG,91,"Children & Family Movies, Comedies",1,October,2019
s6362,Movie,The Flintstones in Viva Rock Vegas,United States,PG,91,"Children & Family Movies, Comedies, Romantic Movies",1,October,2019
s6363,Movie,The Florida Project,United States,R,111,"Dramas, Independent Movies",6,April,2020
s6364,Movie,The Flying Guillotine,Hong Kong,TV-MA,101,"Action & Adventure, Dramas, International Movies",28,July,2018
s6365,Movie,The Forbidden Kingdom,"United States, China",PG-13,104,"Action & Adventure, Sci-Fi & Fantasy",1,July,2019
s6366,Movie,The Force,United States,TV-MA,92,Documentaries,29,January,2018
s6367,Movie,The Foreigner,"United Kingdom, China, United States, India",R,113,"Action & Adventure, International Movies",14,February,2020
s6368,Movie,The Forest,United States,PG-13,93,"Horror Movies, Independent Movies",16,February,2020
s6369,Movie,The Forest of Love,Japan,TV-MA,151,"Dramas, International Movies, Thrillers",11,October,2019
s6370,TV Show,The Forest of Love: Deep Cut,Japan,TV-MA,1,"Crime TV Shows, International TV Shows, TV Dramas",30,April,2020
s6371,Movie,The Forgotten,United Kingdom,TV-MA,89,Horror Movies,11,September,2017
s6372,Movie,The Forty-Year-Old Version,United States,R,124,"Comedies, Dramas, Independent Movies",9,October,2020
s6373,TV Show,The Fosters,United States,TV-14,5,TV Dramas,5,October,2017
s6374,Movie,The Founder,"United States, Greece",PG-13,115,Dramas,21,August,2020
s6375,TV Show,The Frankenstein Chronicles,United Kingdom,TV-MA,2,"British TV Shows, Crime TV Shows, International TV Shows",20,February,2018
s6376,Movie,The Free Man,New Zealand,TV-PG,84,"Documentaries, Sports Movies",1,October,2017
s6377,TV Show,The Frozen Dead,France,TV-MA,1,"Crime TV Shows, International TV Shows, TV Dramas",1,January,2018
s6378,Movie,The Frozen Ground,United States,R,106,"Dramas, Thrillers",27,August,2020
s6379,Movie,The Fundamentals of Caring,United States,TV-MA,97,"Comedies, Dramas, Independent Movies",24,June,2016
s6380,TV Show,The Furchester Hotel,"United Kingdom, United States",TV-Y,2,"British TV Shows, Kids' TV",1,February,2017
s6381,Movie,The Fury of a Patient Man,Spain,TV-MA,92,"International Movies, Thrillers",15,February,2017
s6382,TV Show,The Future of Water,Norway,TV-PG,1,"Docuseries, International TV Shows, Science & Nature TV",1,July,2016
s6383,TV Show,The Game,United States,TV-14,3,"Romantic TV Shows, TV Comedies, TV Dramas",15,August,2020
s6384,Movie,The Game Changers,United States,TV-MA,86,"Documentaries, Sports Movies",16,October,2019
s6385,Movie,The Garden of Words,Japan,TV-14,46,"Anime Features, International Movies, Romantic Movies",15,November,2019
s6386,TV Show,The Garfield Show,"France, United States",TV-Y,4,"Kids' TV, TV Comedies",1,November,2020
s6387,Movie,The Gathering,Indonesia,TV-14,124,"Comedies, Dramas, International Movies",8,December,2018
s6388,Movie,The Gentleman Driver,United States,TV-MA,83,"Documentaries, Sports Movies",31,January,2019
s6389,TV Show,The Get Down,United States,TV-MA,2,TV Dramas,7,April,2017
s6390,Movie,The Ghost and the Tout,Nigeria,TV-14,100,"Comedies, International Movies",14,February,2020
s6391,TV Show,The Ghost Bride,"Taiwan, Malaysia",TV-14,1,"International TV Shows, TV Dramas, TV Mysteries",23,January,2020
s6392,Movie,The Ghost Who Walks,United States,TV-MA,107,"Dramas, Independent Movies, Thrillers",7,April,2020
s6393,Movie,The Giant,Spain,TV-14,115,"Dramas, International Movies",15,November,2018
s6394,TV Show,The Gift,Turkey,TV-MA,2,"International TV Shows, TV Dramas, TV Mysteries",10,September,2020
s6395,Movie,The Girl Allergic to Wi-Fi,Philippines,TV-MA,104,"International Movies, Romantic Movies",21,August,2019
s6396,Movie,The Girl from the Song,Spain,TV-MA,101,"Dramas, Independent Movies, International Movies",24,November,2017
s6397,Movie,The Girl with the Dragon Tattoo,"United States, Sweden, Norway",R,158,"Dramas, Thrillers",5,January,2021
s6398,TV Show,The Golden Path,Unknown,TV-MA,1,"International TV Shows, TV Dramas",1,November,2017
s6399,TV Show,The Golden Years with Javed Akhtar,India,TV-G,1,"Docuseries, International TV Shows",1,June,2017
s6400,Movie,The Golem,Israel,TV-MA,95,"Horror Movies, Independent Movies, International Movies",26,June,2019
s6401,TV Show,The Good Bandit,Colombia,TV-MA,1,"Crime TV Shows, International TV Shows, Spanish-Language TV Shows",30,August,2019
s6402,Movie,The Good Catholic,United States,PG-13,97,"Comedies, Dramas, Romantic Movies",24,January,2018
s6403,TV Show,The Good Cop,United States,TV-14,1,"Crime TV Shows, TV Comedies, TV Dramas",21,September,2018
s6404,TV Show,The Good Detective,South Korea,TV-MA,1,"Crime TV Shows, International TV Shows, TV Dramas",1,November,2020
s6405,Movie,The Good Neighbor,United States,TV-MA,97,"Dramas, Independent Movies, Thrillers",5,December,2016
s6406,TV Show,The Good Place,United States,TV-14,4,TV Comedies,26,September,2020
s6407,Movie,"The Goods: Live Hard, Sell Hard",United States,R,89,Comedies,20,November,2019
s6408,TV Show,The goop lab with Gwyneth Paltrow,United States,TV-MA,1,Reality TV,24,January,2020
s6409,Movie,The Gospel of John,"United Kingdom, United States, Morocco",TV-14,161,"Dramas, Faith & Spirituality",20,October,2018
s6410,Movie,The Gospel of Luke,"United States, United Kingdom, Morocco",TV-14,205,"Dramas, Faith & Spirituality",19,October,2018
s6411,Movie,The Gospel of Mark,Unknown,TV-14,123,"Dramas, Faith & Spirituality",19,October,2018
s6412,Movie,The Gospel of Matthew,Unknown,TV-14,190,"Dramas, Faith & Spirituality",19,October,2018
s6413,TV Show,The Governor,Nigeria,TV-14,1,"International TV Shows, TV Dramas",8,August,2020
s6414,Movie,The Grandmaster,"Hong Kong, China",PG-13,108,"Action & Adventure, Dramas, International Movies",26,September,2019
s6415,Movie,The Great Battle,South Korea,TV-MA,136,"Action & Adventure, Dramas, International Movies",8,April,2019
s6416,TV Show,The Great British Baking Show,United Kingdom,TV-14,8,"British TV Shows, Reality TV",25,September,2020
s6417,TV Show,The Great British Baking Show: Holidays,Unknown,TV-14,3,"British TV Shows, Reality TV",4,December,2020
s6418,TV Show,The Great British Baking Show: Masterclass,United Kingdom,TV-PG,4,"British TV Shows, Reality TV",1,December,2018
s6419,TV Show,The Great British Baking Show: The Beginnings,Unknown,TV-PG,1,"British TV Shows, Reality TV",1,November,2018
s6420,Movie,The Great Gambler,India,TV-14,161,"Action & Adventure, Classic Movies, Cult Movies",31,December,2019
s6421,Movie,The Great Hack,United States,TV-MA,114,Documentaries,24,July,2019
s6422,TV Show,The Great Heist,Colombia,TV-MA,1,"Crime TV Shows, International TV Shows, Spanish-Language TV Shows",14,August,2020
s6423,Movie,The Great Magician,"Hong Kong, China",TV-14,128,"Action & Adventure, Comedies, Dramas",11,May,2019
s6424,Movie,The Great Raid,"United States, Australia",R,133,"Action & Adventure, Dramas",1,November,2019
s6425,TV Show,The Great Train Robbery,United Kingdom,NR,1,"British TV Shows, Crime TV Shows, International TV Shows",31,March,2017
s6426,Movie,The Green Hornet,United States,PG-13,119,"Action & Adventure, Comedies",18,April,2020
s6427,Movie,The Green Inferno,"United States, Spain",R,101,"Horror Movies, Independent Movies",16,November,2019
s6428,Movie,The Guardian Brothers,China,TV-G,86,"Children & Family Movies, Comedies",1,September,2017
s6429,Movie,The Guernsey Literary and Potato Peel Pie Society,"United Kingdom, France, United States",TV-PG,124,"Dramas, Romantic Movies",10,August,2018
s6430,TV Show,The Guest,South Korea,TV-14,1,"International TV Shows, TV Horror, TV Mysteries",1,December,2020
s6431,TV Show,The Guild,United States,TV-MA,1,TV Comedies,2,March,2019
s6432,Movie,The Half Of It,United States,PG-13,105,"Comedies, Dramas, LGBTQ Movies",1,May,2020
s6433,Movie,The Happytime Murders,"United States, China, Canada",R,91,"Action & Adventure, Comedies",1,December,2020
s6434,Movie,The Hard Way,United States,TV-MA,94,Action & Adventure,5,March,2019
s6435,Movie,The Hateful Eight,United States,R,168,"Action & Adventure, Thrillers",25,October,2017
s6436,TV Show,The Hateful Eight: Extended Version,Unknown,R,1,TV Shows,25,April,2019
s6437,Movie,The Hater,Poland,TV-MA,136,"Dramas, International Movies, Thrillers",29,July,2020
s6438,Movie,The Hatred,United States,R,94,Horror Movies,11,December,2017
s6439,TV Show,The Haunted Hathaways,United States,TV-G,2,"Kids' TV, TV Comedies, TV Sci-Fi & Fantasy",1,January,2021
s6440,TV Show,The Haunting of Bly Manor,United States,TV-MA,1,"TV Dramas, TV Horror, TV Mysteries",9,October,2020
s6441,TV Show,The Haunting of Hill House,United States,TV-MA,1,"TV Dramas, TV Horror, TV Mysteries",12,October,2018
s6442,Movie,The Haunting of Molly Hartley,United States,PG-13,85,"Horror Movies, Thrillers",4,October,2018
s6443,Movie,The Healer,"Spain, Canada, United States",TV-14,108,"Children & Family Movies, Dramas, Faith & Spirituality",1,June,2020
s6444,TV Show,The Healing Powers of Dude,Unknown,TV-G,1,"Kids' TV, TV Comedies, TV Dramas",13,January,2020
s6445,Movie,The Heartbreak Club,Indonesia,TV-14,101,"Comedies, Dramas, International Movies",14,January,2021
s6446,Movie,The Heartbreak Kid,United States,R,116,"Comedies, Romantic Movies",1,May,2020
s6447,Movie,The Heat: A Kitchen (R)evolution,Canada,TV-MA,71,Documentaries,7,May,2019
s6448,Movie,The Help,United States,PG-13,147,Dramas,1,June,2020
s6449,Movie,The Heretics,Canada,TV-MA,88,Horror Movies,4,September,2019
s6450,Movie,The Heroes of Evil,Spain,TV-MA,99,"Dramas, International Movies",1,June,2016
s6451,Movie,The Heyday of the Insensitive Bastards,United States,TV-MA,96,"Dramas, Independent Movies",26,February,2018
s6452,Movie,The Highwaymen,United States,R,132,Dramas,29,March,2019
s6453,Movie,The History of Future Folk,United States,TV-14,85,"Action & Adventure, Comedies, Independent Movies",23,December,2020
s6454,TV Show,The Hockey Girls,Spain,TV-MA,1,"International TV Shows, TV Comedies, TV Dramas",20,September,2019
s6455,Movie,The Holiday Calendar,United States,TV-G,95,"Dramas, Romantic Movies",2,November,2018
s6456,TV Show,The Holiday Movies That Made Us,United States,TV-PG,1,Docuseries,1,December,2020
s6457,TV Show,The Hollow,Canada,TV-Y7,2,"Kids' TV, TV Thrillers",8,May,2020
s6458,Movie,The Hollow Point,United States,R,97,Action & Adventure,16,March,2017
s6459,TV Show,The Hollywood Masters,United States,TV-MA,3,Stand-Up Comedy & Talk Shows,23,October,2018
s6460,Movie,The Holy Man,Thailand,TV-14,92,"Comedies, Faith & Spirituality, International Movies",25,July,2018
s6461,TV Show,The Homecoming,Unknown,TV-PG,1,"International TV Shows, Korean TV Shows, Reality TV",2,June,2017
s6462,TV Show,The Honeymoon Stand Up Special,United States,TV-MA,1,"Stand-Up Comedy & Talk Shows, TV Comedies",17,April,2018
s6463,TV Show,The Hook Up Plan,France,TV-MA,2,"International TV Shows, Romantic TV Shows, TV Comedies",11,October,2019
s6464,Movie,The House Next Door,India,TV-MA,135,"Horror Movies, International Movies, Thrillers",9,January,2018
s6465,TV Show,The House of Flowers,Mexico,TV-MA,3,"International TV Shows, Spanish-Language TV Shows, TV Comedies",23,April,2020
s6466,Movie,The House of Flowers Presents: The Funeral,Unknown,TV-MA,36,Movies,1,November,2019
s6467,Movie,The House on Coco Road,United States,TV-14,79,Documentaries,30,June,2017
s6468,TV Show,The House That Made Me,India,TV-PG,3,"International TV Shows, Reality TV",31,March,2017
s6469,Movie,The Hows of Us,Philippines,TV-14,120,"Dramas, International Movies, Romantic Movies",22,October,2020
s6470,Movie,The Human Factor: The Untold Story of the Bombay Film Orchestras,India,TV-PG,53,"Documentaries, International Movies, Music & Musicals",1,April,2017
s6471,Movie,The Humanity Bureau,Canada,R,94,"Action & Adventure, Sci-Fi & Fantasy",18,December,2018
s6472,Movie,The Hummingbird Project,"Canada, Belgium",R,111,"Dramas, Independent Movies",22,October,2020
s6473,Movie,The Hundred-Foot Journey,"United States, India, United Arab Emirates",PG,123,"Comedies, Dramas",31,January,2019
s6474,TV Show,The Hunt,United Kingdom,TV-PG,1,"British TV Shows, Docuseries, Science & Nature TV",14,May,2017
s6475,Movie,The Hurricane Heist,"United Kingdom, United States",PG-13,103,Action & Adventure,26,September,2018
s6476,Movie,The Hurt Business,United States,PG-13,111,"Documentaries, Sports Movies",1,February,2017
s6477,TV Show,The I-Land,United States,TV-MA,1,"TV Action & Adventure, TV Dramas, TV Sci-Fi & Fantasy",12,September,2019
s6478,TV Show,The Idhun Chronicles,Spain,TV-14,2,"Anime Series, International TV Shows, Spanish-Language TV Shows",8,January,2021
s6479,TV Show,The Iliza Shlesinger Sketch Show,United States,TV-MA,1,TV Comedies,1,April,2020
s6480,Movie,The Imaginarium of Doctor Parnassus,"United Kingdom, Canada, France, United States",PG-13,123,"Action & Adventure, Sci-Fi & Fantasy",8,March,2019
s6481,Movie,The Impossible,"Spain, Thailand, United States",PG-13,114,Dramas,1,November,2020
s6482,TV Show,The In-Laws,Singapore,TV-14,1,"International TV Shows, TV Dramas",1,August,2017
s6483,TV Show,The InBESTigators,Australia,TV-Y,2,"Kids' TV, TV Comedies",10,January,2020
s6484,TV Show,The Inbetweeners,United Kingdom,TV-MA,3,"British TV Shows, TV Comedies",1,January,2018
s6485,Movie,The Incident,Mexico,TV-MA,100,"International Movies, Sci-Fi & Fantasy, Thrillers",19,June,2017
s6486,Movie,The Incredible Jessica James,United States,TV-MA,84,"Comedies, Independent Movies, Romantic Movies",28,July,2017
s6487,Movie,The Incredible Story of the Giant Pear,Denmark,TV-G,75,Children & Family Movies,1,March,2019
s6488,Movie,The Incredibles 2,United States,PG,118,"Children & Family Movies, Comedies",30,January,2019
s6489,TV Show,The Indian Detective,"Canada, Germany, South Africa",TV-14,1,"Crime TV Shows, International TV Shows, TV Comedies",19,December,2017
s6490,Movie,The Indian in the Cupboard,United States,PG,96,"Children & Family Movies, Dramas",1,November,2020
s6491,Movie,The Influence,"Spain, France",TV-MA,102,"Horror Movies, International Movies",11,October,2019
s6492,Movie,The Informant!,United States,R,108,"Comedies, Dramas",1,August,2018
s6493,TV Show,The Inmate,Mexico,TV-MA,1,"Crime TV Shows, International TV Shows, Spanish-Language TV Shows",26,September,2019
s6494,TV Show,The Innocence Files,United States,TV-MA,1,"Crime TV Shows, Docuseries",15,April,2020
s6495,TV Show,The Innocent Man,United States,TV-MA,1,"Crime TV Shows, Docuseries",14,December,2018
s6496,TV Show,The Innocents,United Kingdom,TV-MA,1,"British TV Shows, International TV Shows, Romantic TV Shows",24,August,2018
s6497,Movie,The Intent,United Kingdom,TV-MA,99,"Dramas, International Movies, Thrillers",15,May,2017
s6498,Movie,The Intent 2: The Come Up,United Kingdom,TV-MA,103,"Dramas, International Movies",21,February,2019
s6499,Movie,The International Player,Egypt,TV-14,93,"Dramas, International Movies, Sports Movies",25,April,2020
s6500,Movie,The Interview,Australia,NR,101,"Cult Movies, Dramas, Thrillers",1,November,2016
s6501,Movie,The Intouchables,France,R,112,"Comedies, Dramas, International Movies",11,January,2021
s6502,Movie,The Invention of Lying,United States,PG-13,99,"Comedies, Romantic Movies",1,January,2020
s6503,TV Show,The Investigator: A British Crime Story,United Kingdom,TV-MA,2,"British TV Shows, Crime TV Shows, Docuseries",5,March,2020
s6504,Movie,The Invisible Guardian,"Spain, Germany",TV-MA,129,"International Movies, Thrillers",3,August,2017
s6505,Movie,The Invisible Guest,Spain,TV-14,106,"International Movies, Thrillers",1,July,2017
s6506,Movie,The Invitation,United States,TV-MA,100,"Horror Movies, Independent Movies, Thrillers",8,July,2016
s6507,TV Show,The Irish Mob,Unknown,TV-MA,1,"Crime TV Shows, Docuseries",1,December,2016
s6508,Movie,The Irishman,United States,R,209,Dramas,27,November,2019
s6509,Movie,The Irishman: In Conversation,United States,TV-MA,24,Documentaries,5,December,2019
s6510,Movie,The Iron Lady,"United Kingdom, France",PG-13,105,"Dramas, International Movies",7,July,2019
s6511,TV Show,The Irregular at Magic High School,Japan,TV-14,1,"Anime Series, International TV Shows, Teen TV Shows",15,November,2017
s6512,Movie,The Island,Nigeria,TV-14,93,"Dramas, International Movies, Thrillers",29,November,2019
s6513,TV Show,The IT Crowd,United Kingdom,TV-MA,5,"British TV Shows, Classic & Cult TV, International TV Shows",1,August,2017
s6514,Movie,The Ivory Game,Austria,TV-14,112,Documentaries,4,November,2016
s6515,Movie,The Jack King Affair,France,TV-14,52,"Documentaries, International Movies",2,January,2018
s6516,TV Show,The Jaime Maussan Show,United States,TV-PG,1,"Docuseries, International TV Shows, Spanish-Language TV Shows",1,December,2017
s6517,Movie,The Jane Austen Book Club,United States,PG-13,106,"Comedies, Dramas, Romantic Movies",8,March,2019
s6518,TV Show,The Joel McHale Show with Joel McHale,United States,TV-MA,2,"Stand-Up Comedy & Talk Shows, TV Comedies",15,July,2018
s6519,Movie,The Journey Is the Destination,United States,R,123,Dramas,7,November,2017
s6520,TV Show,The Judgement,Thailand,TV-MA,1,"Crime TV Shows, International TV Shows, TV Dramas",2,November,2018
s6521,TV Show,The Jungle Book,"India, Germany, France",TV-Y7,1,Kids' TV,11,May,2019
s6522,Movie,The Jungle School,Indonesia,TV-PG,90,"Dramas, International Movies",30,October,2018
s6523,TV Show,The K2,South Korea,TV-14,1,"International TV Shows, Korean TV Shows, Romantic TV Shows",1,October,2019
s6524,Movie,The Karate Kid,"United States, China",PG,140,"Children & Family Movies, Dramas",17,October,2019
s6525,TV Show,The Keepers,United States,TV-MA,1,"Crime TV Shows, Docuseries, TV Mysteries",19,May,2017
s6526,Movie,The Keeping Hours,United States,PG-13,95,"Dramas, Thrillers",1,September,2018
s6527,Movie,The Killer,Brazil,TV-MA,100,"Action & Adventure, International Movies",10,November,2017
s6528,Movie,The Killing of a Sacred Deer,"Ireland, United Kingdom",R,121,"Dramas, Independent Movies, Thrillers",5,April,2020
s6529,Movie,The Kindergarten Teacher,"United States, Israel, United Kingdom, Canada",R,97,"Dramas, Independent Movies",12,October,2018
s6530,TV Show,The Kindness Diaries,Unknown,TV-PG,1,Reality TV,1,May,2019
s6531,Movie,The King,"United Kingdom, Hungary, Australia",R,141,Dramas,1,November,2019
s6532,TV Show,The King: Eternal Monarch,South Korea,TV-14,1,"Crime TV Shows, International TV Shows, Korean TV Shows",18,April,2020
s6533,TV Show,The King's Avatar,China,TV-MA,1,"International TV Shows, TV Action & Adventure, TV Dramas",16,August,2019
s6534,Movie,The King's Speech,"United Kingdom, United States, Australia",R,118,"Dramas, International Movies",2,June,2018
s6535,TV Show,The Kirlian Frequency,Argentina,TV-14,1,"International TV Shows, Spanish-Language TV Shows, TV Horror",15,February,2019
s6536,Movie,The Kissing Booth,"United Kingdom, United States",TV-14,105,"Comedies, Romantic Movies",11,May,2018
s6537,Movie,The Kissing Booth 2,"United Kingdom, United States",TV-14,133,"Comedies, Romantic Movies",24,July,2020
s6538,Movie,The Kite,"Lebanon, France",TV-MA,76,"Dramas, International Movies, Romantic Movies",19,October,2020
s6539,Movie,The Knight Before Christmas,United States,TV-14,93,"Children & Family Movies, Comedies, Romantic Movies",21,November,2019
s6540,TV Show,The Kominsky Method,United States,TV-MA,2,"TV Comedies, TV Dramas",25,October,2019
s6541,TV Show,The L Word,"Canada, United States",TV-MA,6,"Romantic TV Shows, TV Dramas",20,March,2018
s6542,TV Show,The Lady in Dignity,South Korea,TV-MA,1,"International TV Shows, Korean TV Shows, TV Dramas",30,January,2018
s6543,Movie,The Lake House,United States,PG,98,"Dramas, Romantic Movies, Sci-Fi & Fantasy",1,September,2019
s6544,Movie,The Lamb,United States,PG,86,"Children & Family Movies, Faith & Spirituality",4,June,2018
s6545,Movie,The Land,Egypt,TV-MA,130,"Classic Movies, Dramas, International Movies",18,June,2020
s6546,Movie,The Land of Cards,India,TV-14,113,"Dramas, Independent Movies, International Movies",22,November,2016
s6547,TV Show,The Land of Hypocrisy,Egypt,TV-14,1,"International TV Shows, TV Comedies, TV Sci-Fi & Fantasy",13,March,2019
s6548,Movie,The Land of Steady Habits,United States,TV-MA,98,"Comedies, Dramas, Independent Movies",14,September,2018
s6549,Movie,The Land of the Enlightened,"Belgium, Ireland, Netherlands, Germany, Afghanistan",TV-MA,84,"Documentaries, International Movies",1,January,2017
s6550,Movie,The Larva Island Movie,South Korea,TV-Y7,91,"Children & Family Movies, Comedies",23,July,2020
s6551,Movie,The Last Airbender,United States,PG,104,"Action & Adventure, Children & Family Movies, Sci-Fi & Fantasy",8,April,2020
s6552,Movie,The Last Bomb of the Second World War,India,TV-14,133,"Dramas, Independent Movies, International Movies",3,March,2020
s6553,Movie,The Last Boy Scout,United States,R,105,"Action & Adventure, Comedies",1,November,2019
s6554,TV Show,The Last Czars,United States,TV-MA,1,"Docuseries, TV Dramas",3,July,2019
s6555,TV Show,The Last Dance,United States,TV-MA,1,Docuseries,19,July,2020
s6556,Movie,The Last Days of American Crime,United States,TV-MA,149,"Action & Adventure, Dramas, Independent Movies",5,June,2020
s6557,Movie,The Last Days of Chez Nous,Australia,R,93,"Classic Movies, Dramas",1,November,2016
s6558,Movie,The Last Exorcism,"France, United States",PG-13,88,"Horror Movies, Independent Movies, Thrillers",1,September,2019
s6559,Movie,The Last Face,United States,R,131,Dramas,13,January,2020
s6560,Movie,The Last Hangover,Brazil,TV-MA,44,"Comedies, International Movies",21,December,2018
s6561,Movie,The last hour,"Chile, Peru",TV-MA,119,"Dramas, International Movies",15,June,2018
s6562,TV Show,The Last Kids on Earth,United States,TV-Y7,3,"Kids' TV, TV Comedies",16,October,2020
s6563,TV Show,The Last Kingdom,United Kingdom,TV-MA,4,"British TV Shows, International TV Shows, TV Action & Adventure",26,April,2020
s6564,Movie,The Last Laugh,United States,TV-MA,99,"Comedies, Dramas",11,January,2019
s6565,Movie,The Last Man on the Moon,United Kingdom,TV-PG,96,Documentaries,26,May,2016
s6566,TV Show,The Last O.G.,United States,TV-MA,2,TV Comedies,4,December,2019
s6567,TV Show,The Last of the Schmucks,Egypt,TV-MA,1,"International TV Shows, TV Comedies",7,February,2019
s6568,Movie,The Last Resort,United States,TV-14,70,Documentaries,21,April,2019
s6569,Movie,The Last Runway,"Paraguay, Argentina",TV-MA,107,"Action & Adventure, International Movies",1,March,2019
s6570,Movie,The Last Shaman,"United Kingdom, Italy, Israel, Peru, United States",TV-14,83,"Documentaries, International Movies",1,September,2017
s6571,Movie,The Last Summer,United States,TV-14,110,"Comedies, Romantic Movies",3,May,2019
s6572,Movie,The Last Thing He Wanted,United States,R,116,"Dramas, Thrillers",21,February,2020
s6573,Movie,The Last Whistle,United States,PG,88,"Dramas, Sports Movies",26,October,2019
s6574,TV Show,The Last Word,Germany,TV-MA,1,"International TV Shows, TV Comedies, TV Dramas",17,September,2020
s6575,Movie,The Late Bloomer,United States,R,95,Comedies,6,November,2020
s6576,Movie,The Laundromat,United States,R,96,"Comedies, Dramas",18,October,2019
s6577,Movie,The Laws of Thermodynamics,Spain,TV-MA,101,"Comedies, International Movies, Romantic Movies",31,August,2018
s6578,TV Show,The Least Expected Day: Inside the Movistar Team 2019,Unknown,TV-MA,1,"Docuseries, International TV Shows, Spanish-Language TV Shows",27,March,2020
s6579,Movie,The Legacy of a Whitetail Deer Hunter,United States,TV-14,83,"Action & Adventure, Comedies, Dramas",6,July,2018
s6580,Movie,The Legacy of the Bones,"Spain, Germany",TV-MA,121,"International Movies, Thrillers",17,April,2020
s6581,Movie,The Legend of 420,United States,TV-MA,87,Documentaries,1,December,2017
s6582,Movie,The Legend of Bhagat Singh,India,TV-14,156,"Dramas, International Movies",12,October,2020
s6583,TV Show,The Legend of Bruce Lee,China,TV-14,1,"International TV Shows, TV Action & Adventure, TV Dramas",7,July,2017
s6584,Movie,The Legend of Cocaine Island,United States,TV-MA,87,Documentaries,29,March,2019
s6585,TV Show,The Legend of Korra,United States,TV-Y7,4,"Kids' TV, TV Action & Adventure, TV Sci-Fi & Fantasy",14,August,2020
s6586,Movie,The Legend of Michael Mishra,India,TV-14,118,"Comedies, Dramas, International Movies",1,April,2019
s6587,TV Show,The Legend of White Snake,China,TV-14,1,"International TV Shows, Romantic TV Shows, TV Dramas",5,July,2019
s6588,TV Show,The Letdown,Australia,TV-MA,2,"International TV Shows, TV Comedies, TV Dramas",31,July,2019
s6589,TV Show,The Letter for the King,United Kingdom,TV-PG,1,"British TV Shows, International TV Shows, TV Action & Adventure",20,March,2020
s6590,Movie,The Letter Reader,South Africa,TV-PG,30,"Dramas, International Movies",23,July,2020
s6591,TV Show,The Liar,Unknown,TV-14,1,"Crime TV Shows, International TV Shows, TV Dramas",21,October,2017
s6592,TV Show,The Liar and His Lover,South Korea,TV-PG,1,"International TV Shows, Korean TV Shows, Romantic TV Shows",1,October,2019
s6593,TV Show,The Liberator,United States,TV-MA,1,"TV Action & Adventure, TV Dramas",11,November,2020
s6594,TV Show,The Lies Within,South Korea,TV-14,1,"Crime TV Shows, International TV Shows, Korean TV Shows",13,October,2019
s6595,Movie,The Life Ahead,Italy,PG-13,95,"Dramas, International Movies",13,November,2020
s6596,Movie,The Lift Boy,India,TV-MA,107,"Dramas, Independent Movies, International Movies",27,April,2020
s6597,Movie,The Light of My Eyes,Unknown,TV-MA,96,"Dramas, International Movies, Romantic Movies",5,June,2020
s6598,Movie,The Lighthouse of the Orcas,"Spain, Argentina",TV-MA,110,"Dramas, International Movies, Romantic Movies",7,April,2017
s6599,Movie,The Lion Woman,"Norway, Germany",TV-14,118,"Dramas, International Movies",1,October,2017
s6600,Movie,The Little Hours,"Canada, United States",R,89,"Comedies, Independent Movies",23,December,2018
s6601,Movie,The Little Mermaid,United States,PG,85,"Children & Family Movies, Dramas",1,December,2018
s6602,TV Show,The Little Nyonya,Unknown,TV-14,1,"International TV Shows, TV Dramas",1,November,2017
s6603,Movie,The Little Prince,"France, Canada, Italy, United States, China",PG,107,Children & Family Movies,6,November,2020
s6604,Movie,The Little Switzerland,Spain,TV-MA,86,"Comedies, International Movies",16,August,2019
s6605,Movie,The Little Vampire,"Netherlands, Germany, Denmark, United Kingdom",TV-G,83,Children & Family Movies,1,April,2020
s6606,Movie,The Little Wars,"France, Lebanon",TV-14,108,"Dramas, International Movies",19,October,2020
s6607,Movie,The Lives of Others,Germany,R,138,"Dramas, International Movies, Thrillers",15,March,2019
s6608,TV Show,The Lizzie Borden Chronicles,United States,TV-14,1,"Crime TV Shows, TV Dramas, TV Thrillers",1,February,2016
s6609,Movie,The Lobster,"Ireland, United Kingdom, Greece, France, Netherlands",R,119,"Comedies, International Movies, Romantic Movies",2,December,2018
s6610,Movie,The Lodgers,Ireland,R,93,"Horror Movies, International Movies",23,August,2018
s6611,Movie,The Lonely Island Presents: The Unauthorized Bash Brothers Experience,Unknown,TV-MA,30,"Comedies, Music & Musicals, Sports Movies",23,May,2019
s6612,Movie,The Long Dumb Road,United States,R,91,"Comedies, Independent Movies",8,July,2020
s6613,Movie,The Long Goodbye: The Kara Tippetts Story,United States,TV-PG,87,"Documentaries, Faith & Spirituality",23,June,2019
s6614,Movie,The Longest Yard,United States,R,121,"Classic Movies, Comedies, Sports Movies",20,November,2019
s6615,Movie,The Longshots,United States,PG,95,"Comedies, Dramas, Sports Movies",30,January,2019
s6616,Movie,The Look of Silence,"Denmark, Indonesia, Finland, Norway, United Kingdom, Israel, France, United States, Germany, Netherlands",PG-13,103,"Documentaries, International Movies",26,February,2016
s6617,Movie,The Lord of the Rings: The Return of the King,"New Zealand, United States",PG-13,201,"Action & Adventure, Sci-Fi & Fantasy",1,January,2020
s6618,Movie,The Lord of the Rings: The Two Towers,"New Zealand, United States",PG-13,179,"Action & Adventure, Sci-Fi & Fantasy",1,January,2020
s6619,Movie,The Lost Brother,"Argentina, Uruguay, Spain, France",TV-MA,113,"Dramas, International Movies",1,September,2017
s6620,Movie,The Lost Husband,United States,PG-13,110,"Dramas, Romantic Movies",10,August,2020
s6621,Movie,The Lost Okoroshi,Nigeria,TV-MA,94,"Comedies, Dramas, Independent Movies",4,September,2020
s6622,Movie,The Love Affair,Philippines,TV-MA,127,"Dramas, International Movies, Romantic Movies",7,March,2019
s6623,Movie,The Love Guru,"United Kingdom, Germany, United States",PG-13,87,"Comedies, Sports Movies",20,November,2019
s6624,Movie,The Lovebirds,United States,R,87,"Action & Adventure, Comedies, Romantic Movies",22,May,2020
s6625,Movie,The Lovers,United States,R,98,"Comedies, Dramas, Independent Movies",5,November,2019
s6626,Movie,The Lovers and the Despot,United Kingdom,TV-14,98,"Documentaries, International Movies",23,February,2017
s6627,Movie,The lynx,Poland,TV-14,82,"Dramas, International Movies",1,October,2019
s6628,Movie,The Mad Monk,Hong Kong,TV-14,85,"Comedies, International Movies, Sci-Fi & Fantasy",16,August,2018
s6629,Movie,The Magic Pill,"United States, Australia, South Africa, United Kingdom",TV-PG,90,Documentaries,24,April,2018
s6630,TV Show,The Magic School Bus,"Canada, United States",TV-Y,4,Kids' TV,19,November,2014
s6631,TV Show,The Magic School Bus Rides Again,United States,TV-Y,2,Kids' TV,13,April,2018
s6632,Movie,The Magic School Bus Rides Again In the Zone,Canada,TV-Y,46,Children & Family Movies,26,December,2020
s6633,Movie,The Magic School Bus Rides Again Kids In Space,United States,TV-Y,46,Children & Family Movies,7,August,2020
s6634,Movie,The Magic School Bus Rides Again The Frizz Connection,Canada,TV-Y,46,Children & Family Movies,20,October,2020
s6635,TV Show,The Magicians,"United States, Canada",TV-MA,5,"TV Dramas, TV Sci-Fi & Fantasy",15,January,2021
s6636,Movie,The Main Event,United States,TV-G,103,"Children & Family Movies, Comedies, Sports Movies",10,April,2020
s6637,TV Show,The Making of Frozen Planet,"United Kingdom, United States, Spain, Germany, Greece, Canada",TV-PG,1,"British TV Shows, Docuseries, Science & Nature TV",28,January,2016
s6638,Movie,The Man Who Feels No Pain,India,TV-14,137,"Action & Adventure, Comedies, International Movies",22,May,2019
s6639,Movie,The Man Who Would Be Polka King,United States,TV-14,68,"Documentaries, Music & Musicals",12,January,2018
s6640,Movie,The Man Without Gravity,"Italy, Belgium",TV-MA,107,"Dramas, International Movies",1,November,2019
s6641,Movie,The Mansion,"France, Belgium",TV-MA,100,"Comedies, Horror Movies, International Movies",28,July,2018
s6642,TV Show,The Many Faces of Ito,Japan,TV-14,1,"International TV Shows, Romantic TV Shows, TV Dramas",24,November,2017
s6643,Movie,The Married Couples,Egypt,TV-14,195,"Comedies, International Movies, Romantic Movies",21,May,2020
s6644,Movie,The Mars Generation,United States,TV-PG,98,"Children & Family Movies, Documentaries",5,May,2017
s6645,Movie,The Mask of Zorro,"United States, Germany, Mexico",PG-13,138,"Action & Adventure, Romantic Movies",1,January,2020
s6646,Movie,The Massively Mixed-Up Middle School Mystery,United States,TV-Y,40,"Children & Family Movies, Comedies",2,November,2019
s6647,Movie,The Master,United States,R,137,"Dramas, Independent Movies",14,January,2020
s6648,Movie,The Match,Italy,TV-MA,97,"Dramas, International Movies, Sports Movies",1,September,2020
s6649,Movie,The Matrix,United States,R,136,"Action & Adventure, Sci-Fi & Fantasy",1,November,2019
s6650,Movie,The Matrix Reloaded,United States,R,138,"Action & Adventure, Sci-Fi & Fantasy",1,November,2019
s6651,Movie,The Matrix Revolutions,United States,R,129,"Action & Adventure, Sci-Fi & Fantasy",1,November,2019
s6652,Movie,The Maus,Spain,TV-MA,90,"Horror Movies, Independent Movies, International Movies",30,June,2018
s6653,Movie,The Mayo Clinic,United States,TV-14,116,Documentaries,19,April,2019
s6654,Movie,The Mayor,South Korea,TV-MA,130,"Dramas, International Movies",30,September,2017
s6655,Movie,The Meaning of Monty Python,United Kingdom,TV-MA,60,Documentaries,2,October,2018
s6656,TV Show,The Mechanism,Brazil,TV-MA,2,"Crime TV Shows, International TV Shows, TV Dramas",10,May,2019
s6657,Movie,The Memory of Water,"Chile, Spain, Argentina, Germany",TV-MA,88,"Dramas, International Movies",15,February,2017
s6658,Movie,"The Memphis Belle: A Story of a
Flying Fortress",United States,TV-PG,40,"Classic Movies, Documentaries",31,March,2017
s6659,Movie,The Men Who Stare at Goats,"United States, United Kingdom",R,94,Comedies,4,June,2019
s6660,TV Show,The Mess You Leave Behind,Spain,TV-MA,1,"International TV Shows, Spanish-Language TV Shows, TV Dramas",11,December,2020
s6661,TV Show,The Messengers,United States,TV-14,1,"TV Dramas, TV Mysteries, TV Sci-Fi & Fantasy",17,April,2016
s6662,TV Show,The Method,Russia,TV-MA,1,"Crime TV Shows, International TV Shows, TV Dramas",15,November,2017
s6663,Movie,The Meyerowitz Stories (New and Selected),United States,TV-MA,113,"Comedies, Dramas, Independent Movies",13,October,2017
s6664,Movie,The Midas Touch,Hong Kong,TV-14,98,"Comedies, International Movies",21,July,2019
s6665,TV Show,The Midnight Gospel,United States,TV-MA,1,TV Comedies,20,April,2020
s6666,Movie,The Midnight Sky,United States,PG-13,119,Dramas,23,December,2020
s6667,Movie,The Milk System,"Germany, Italy",TV-14,91,"Documentaries, International Movies",12,July,2019
s6668,Movie,The Millions,Nigeria,TV-MA,95,"Comedies, International Movies",17,July,2020
s6669,TV Show,The Mind of a Chef,United States,TV-PG,5,Docuseries,1,November,2017
s6670,TV Show,"The Mind, Explained",United States,TV-14,1,"Docuseries, Science & Nature TV",12,September,2019
s6671,Movie,The Minimalists: Less Is Now,United States,TV-14,54,Documentaries,1,January,2021
s6672,TV Show,The Minimighty Kids,France,TV-G,2,"Kids' TV, TV Comedies",15,April,2018
s6673,TV Show,The Minions of Midas,Spain,TV-MA,1,"Crime TV Shows, International TV Shows, Spanish-Language TV Shows",13,November,2020
s6674,TV Show,The Ministry of Time,Spain,TV-MA,3,"International TV Shows, Spanish-Language TV Shows, TV Action & Adventure",28,January,2018
s6675,TV Show,The Miracle,South Korea,TV-14,1,"International TV Shows, Korean TV Shows, TV Dramas",10,April,2017
s6676,TV Show,The Mire,Poland,TV-MA,1,"Crime TV Shows, International TV Shows, TV Dramas",25,March,2020
s6677,Movie,The Mirror Boy,"United Kingdom, Nigeria",TV-14,86,"Action & Adventure, Dramas, International Movies",30,June,2020
s6678,TV Show,The Missing Menu,Unknown,TV-PG,1,"International TV Shows, TV Dramas",8,May,2019
s6679,TV Show,The Mist,"Canada, United States",TV-MA,1,"TV Dramas, TV Horror, TV Mysteries",24,October,2017
s6680,Movie,The Mistress,Philippines,TV-MA,132,"Dramas, International Movies, Romantic Movies",27,February,2019
s6681,Movie,The Mitfords: A Tale of Two Sisters,United Kingdom,TV-PG,44,Documentaries,1,June,2017
s6682,Movie,The Model,Denmark,TV-MA,104,"Dramas, Independent Movies, International Movies",6,December,2016
s6683,Movie,The Monster,"United States, Canada",R,91,"Horror Movies, Independent Movies",9,January,2019
s6684,Movie,The Monster of Mangatiti,New Zealand,TV-MA,70,Dramas,15,December,2015
s6685,TV Show,The Mortified Guide,United States,TV-MA,1,Docuseries,14,February,2018
s6686,Movie,The Most Assassinated Woman in the World,"Belgium, United Kingdom, United States",TV-MA,102,"Dramas, International Movies, Thrillers",7,September,2018
s6687,TV Show,The Most Beautiful Hands of Delhi,Sweden,TV-MA,1,"International TV Shows, TV Comedies, TV Dramas",20,July,2017
s6688,Movie,The Most Hated Woman in America,United States,TV-MA,93,Dramas,24,March,2017
s6689,Movie,The Most Unknown,United States,TV-PG,92,Documentaries,9,August,2018
s6690,Movie,The Motive,"Spain, Mexico",TV-MA,114,"Comedies, Dramas, International Movies",17,August,2018
s6691,TV Show,The Movies That Made Us,United States,TV-MA,1,Docuseries,29,November,2019
s6692,TV Show,The Mr. Peabody and Sherman Show,United States,TV-Y7,4,"Kids' TV, TV Comedies",21,April,2017
s6693,Movie,The Muppets,United States,PG,104,"Children & Family Movies, Comedies",1,September,2020
s6694,TV Show,The Murder Detectives,United Kingdom,TV-MA,1,"British TV Shows, Crime TV Shows, Docuseries",31,March,2017
s6695,Movie,The Music of Silence,Italy,TV-PG,115,"Dramas, International Movies, Music & Musicals",1,July,2018
s6696,TV Show,The Naked Director,Japan,TV-MA,1,"International TV Shows, TV Dramas",8,August,2019
s6697,Movie,The Naked Gun 2 1/2: The Smell of Fear,Unknown,PG-13,85,Comedies,1,January,2020
s6698,Movie,The Naked Gun: From the Files of Police Squad!,United States,PG-13,85,"Comedies, Cult Movies",1,January,2021
s6699,Movie,The Natural,United States,PG,138,"Classic Movies, Dramas, Sports Movies",1,January,2020
s6700,Movie,The Negro Soldier,United States,TV-14,40,"Classic Movies, Documentaries",31,March,2017
s6701,TV Show,The Neighbor,Spain,TV-MA,1,"International TV Shows, Spanish-Language TV Shows, TV Comedies",31,December,2019
s6702,TV Show,The Netflix Afterparty,United States,TV-MA,1,"Stand-Up Comedy & Talk Shows, TV Comedies",2,January,2021
s6703,Movie,The Netflix Afterparty: The Best Shows of The Worst Year,United States,TV-MA,59,Comedies,13,December,2020
s6704,TV Show,The New Legends of Monkey,"Australia, New Zealand",TV-PG,2,"Kids' TV, TV Action & Adventure, TV Sci-Fi & Fantasy",7,August,2020
s6705,Movie,The New Romantic,Canada,TV-MA,82,"Comedies, Independent Movies, Romantic Movies",15,April,2019
s6706,Movie,The Next Karate Kid,United States,PG,107,"Action & Adventure, Dramas, Sports Movies",1,November,2020
s6707,Movie,The Next Skin,"Spain, Switzerland",TV-MA,104,"Dramas, International Movies",1,May,2017
s6708,TV Show,The Next Step,Canada,TV-G,1,"Kids' TV, Reality TV, TV Dramas",1,August,2020
s6709,Movie,The Night Clerk,United States,R,90,"Dramas, Independent Movies",6,June,2020
s6710,Movie,The Night Comes for Us,"Indonesia, United States",TV-MA,121,"Action & Adventure, International Movies",19,October,2018
s6711,TV Show,The Night Shift,United States,TV-14,4,TV Dramas,7,June,2018
s6712,TV Show,The Nineties,United States,TV-14,1,Docuseries,30,September,2018
s6713,Movie,The NSU-Complex,Germany,TV-14,90,"Documentaries, International Movies",28,December,2016
s6714,Movie,The Nut Job,"Canada, South Korea, United States",PG,85,"Children & Family Movies, Comedies",18,June,2020
s6715,Movie,The Nutcracker and the Four Realms,United States,PG,99,Children & Family Movies,28,May,2019
s6716,TV Show,The OA,United States,TV-MA,2,"TV Dramas, TV Mysteries, TV Sci-Fi & Fantasy",22,March,2019
s6717,TV Show,The Oath,Singapore,TV-14,1,"International TV Shows, Romantic TV Shows, TV Dramas",1,July,2017
s6718,Movie,The Occupant,Spain,TV-MA,104,"Independent Movies, International Movies, Thrillers",25,March,2020
s6719,TV Show,The Office (U.S.),United States,TV-14,9,TV Comedies,1,January,2016
s6720,Movie,The Old Guard,United States,R,126,Action & Adventure,10,July,2020
s6721,Movie,The Old Thieves: The Legend of Artegios,Mexico,TV-MA,97,"Documentaries, International Movies",1,November,2019
s6722,TV Show,The Ollie & Moon Show,France,TV-Y,1,Kids' TV,14,January,2020
s6723,Movie,The One I Love,United States,R,91,"Comedies, Dramas, Independent Movies",30,May,2019
s6724,Movie,The Only Mother To You All,Philippines,TV-PG,106,"Comedies, International Movies",27,February,2019
s6725,Movie,The Open House,"Canada, United States",TV-MA,95,"Horror Movies, Thrillers",19,January,2018
s6726,TV Show,The Order,United States,TV-MA,2,"International TV Shows, TV Dramas, TV Horror",18,June,2020
s6727,Movie,The Original Kings of Comedy,United States,R,111,Stand-Up Comedy,1,January,2020
s6728,TV Show,The Originals,United States,TV-14,5,"TV Dramas, TV Horror, TV Mysteries",9,August,2018
s6729,Movie,The Other,"France, Egypt",TV-MA,106,"Dramas, International Movies, Romantic Movies",29,May,2020
s6730,Movie,The Other Guys,United States,PG-13,108,"Action & Adventure, Comedies",1,February,2020
s6731,Movie,The Other One: The Long Strange Trip of Bob Weir,United States,TV-14,84,"Documentaries, Music & Musicals",22,May,2015
s6732,Movie,The Other Side of the Wind,"France, Iran, United States",R,122,"Classic Movies, Dramas, Independent Movies",2,November,2018
s6733,Movie,The Ottoman Lieutenant,"Turkey, United States",R,111,"Dramas, Romantic Movies",1,August,2020
s6734,Movie,The Outcasts,United States,TV-14,94,Comedies,14,August,2017
s6735,Movie,The Outpost,"United States, Bulgaria",R,123,"Action & Adventure, Dramas",1,October,2020
s6736,Movie,The Outsider,United States,TV-MA,86,Movies,15,September,2019
s6737,TV Show,The Outsiders,Taiwan,TV-MA,1,"Crime TV Shows, International TV Shows, Romantic TV Shows",30,April,2019
s6738,Movie,The Package,United States,TV-MA,95,Comedies,10,August,2018
s6739,Movie,The Panti Sisters,Philippines,TV-MA,108,"Comedies, International Movies, LGBTQ Movies",10,December,2020
s6740,TV Show,The Paper,Croatia,TV-MA,2,"International TV Shows, TV Dramas",1,January,2019
s6741,Movie,The Paramedic,Spain,TV-MA,94,"Dramas, International Movies, Thrillers",16,September,2020
s6742,TV Show,The Parkers,United States,TV-PG,5,TV Comedies,1,October,2020
s6743,Movie,The Parole Officer,United Kingdom,R,94,"Action & Adventure, Comedies",1,August,2018
s6744,Movie,The Pass,United Kingdom,NR,87,"Dramas, Independent Movies, LGBTQ Movies",1,January,2019
s6745,Movie,The Peacemaker,United States,R,124,Action & Adventure,1,January,2020
s6746,Movie,The Pelican Brief,United States,PG-13,141,"Dramas, Thrillers",1,November,2019
s6747,Movie,The Perfect Date,United States,TV-14,91,"Comedies, Romantic Movies",12,April,2019
s6748,Movie,The Perfect Day,Unknown,TV-14,93,"Documentaries, International Movies, Sports Movies",1,September,2018
s6749,Movie,The Perfect Dictatorship,Mexico,TV-MA,143,"Comedies, Dramas, International Movies",1,June,2015
s6750,TV Show,The Perfect Match,Unknown,TV-14,1,"International TV Shows, Romantic TV Shows, TV Comedies",25,January,2019
s6751,Movie,The Perfect Picture: Ten Years Later,Ghana,TV-MA,148,"Comedies, Dramas, International Movies",3,July,2020
s6752,Movie,The Perfection,United States,TV-MA,91,"Horror Movies, LGBTQ Movies, Music & Musicals",24,May,2019
s6753,Movie,The Perks of Being a Wallflower,United States,PG-13,103,"Comedies, Dramas",1,April,2020
s6754,Movie,The Phantom of the Opera,"United Kingdom, United States",PG-13,141,"Dramas, Music & Musicals, Romantic Movies",1,June,2019
s6755,TV Show,The Pharmacist,United States,TV-MA,1,"Crime TV Shows, Docuseries",5,February,2020
s6756,Movie,The Photographer Of Mauthausen,Spain,TV-MA,110,"Dramas, International Movies",23,February,2019
s6757,Movie,The Physician,Germany,R,155,"Action & Adventure, Dramas, International Movies",15,July,2015
s6758,Movie,The Pink Panther,"United States, Czech Republic",PG,93,"Children & Family Movies, Comedies",1,July,2019
s6759,Movie,The Pirate Fairy,United States,G,78,Children & Family Movies,15,June,2014
s6760,Movie,The Pirates of Somalia,"Somalia, Kenya, Sudan, South Africa, United States",R,118,Dramas,1,March,2018
s6761,Movie,The Pirates! Band of Misfits,"United Kingdom, United States",PG,88,"Children & Family Movies, Comedies",1,October,2020
s6762,Movie,The Pixar Story,United States,G,89,Documentaries,18,November,2018
s6763,Movie,The Place Beyond the Pines,United States,R,140,"Dramas, Independent Movies",16,May,2017
s6764,Movie,The Plagues of Breslau,Poland,TV-MA,94,"International Movies, Thrillers",22,April,2020
s6765,Movie,The Plan,India,TV-MA,124,"Dramas, International Movies, Thrillers",1,March,2018
s6766,TV Show,The Platform,United Arab Emirates,TV-14,1,"International TV Shows, TV Dramas",3,September,2020
s6767,TV Show,The Playbook,United States,TV-MA,1,Docuseries,22,September,2020
s6768,Movie,The Player,Egypt,TV-MA,110,"Comedies, International Movies",20,June,2019
s6769,Movie,The Players,Italy,TV-MA,89,"Comedies, International Movies",15,July,2020
s6770,Movie,The Polar Express,United States,G,100,Children & Family Movies,1,January,2021
s6771,TV Show,The Politician,United States,TV-MA,2,"TV Comedies, TV Dramas, Teen TV Shows",19,June,2020
s6772,Movie,The Polka King,United States,TV-14,94,"Comedies, Independent Movies",12,January,2018
s6773,Movie,The Power of Grayskull: The Definitive History of He-Man and the Masters of the Universe,"Canada, United States",TV-14,96,Documentaries,24,August,2018
s6774,Movie,The President's Barber,South Korea,TV-MA,116,"Comedies, Dramas, International Movies",1,October,2017
s6775,Movie,The Price of Success,France,TV-MA,92,"Dramas, International Movies",30,April,2018
s6776,Movie,The Prince,"United States, United Kingdom",R,91,Action & Adventure,22,February,2019
s6777,Movie,The Prince & Me,"United States, Czech Republic",PG,111,"Comedies, Romantic Movies",1,October,2020
s6778,TV Show,The Prince of Tennis ~ Match! Tennis Juniors ~,China,TV-PG,1,"International TV Shows, TV Dramas, Teen TV Shows",4,December,2019
s6779,TV Show,The Prince Who Turns into a Frog,Taiwan,TV-14,1,"International TV Shows, Romantic TV Shows, TV Comedies",1,August,2016
s6780,Movie,The Princess and the Frog,United States,G,98,Children & Family Movies,16,July,2019
s6781,Movie,The Princess Switch,United States,TV-G,102,"Children & Family Movies, Dramas, Romantic Movies",16,November,2018
s6782,Movie,The Princess Switch: Switched Again,United States,TV-G,97,"Children & Family Movies, Dramas, Romantic Movies",19,November,2020
s6783,TV Show,The Princess Weiyoung,China,TV-14,1,"International TV Shows, Romantic TV Shows, TV Dramas",10,May,2019
s6784,Movie,The Prison,South Korea,TV-MA,125,"Action & Adventure, Dramas, International Movies",18,November,2017
s6785,Movie,The Professor and the Madman,"Ireland, France, Iceland, United States, Mexico, Belgium, United Kingdom, Hong Kong",TV-14,125,"Dramas, Independent Movies",15,December,2020
s6786,Movie,The Prom,United States,PG-13,132,"Comedies, LGBTQ Movies, Music & Musicals",11,December,2020
s6787,Movie,The Promise,"Spain, United States",PG-13,133,Dramas,9,August,2020
s6788,TV Show,The Promised Neverland,Japan,TV-14,1,"Anime Series, International TV Shows, TV Thrillers",1,September,2020
s6789,TV Show,The Protector,Turkey,TV-MA,4,"International TV Shows, Romantic TV Shows, TV Action & Adventure",9,July,2020
s6790,Movie,The Pursuit,United States,TV-14,76,Documentaries,7,August,2019
s6791,Movie,The Pursuit of Happyness,United States,PG-13,117,Dramas,1,October,2019
s6792,Movie,The Push,United States,TV-MA,90,"Documentaries, Sports Movies",7,June,2019
s6793,TV Show,The Pyramid Code,Canada,TV-PG,1,"Docuseries, Science & Nature TV",8,February,2016
s6794,Movie,The Queen,United States,TV-MA,66,"Cult Movies, Documentaries, LGBTQ Movies",23,January,2020
s6795,TV Show,The Queen and the Conqueror,Colombia,TV-14,1,"International TV Shows, Spanish-Language TV Shows, TV Dramas",20,May,2020
s6796,TV Show,The Queen of Flow,Colombia,TV-MA,1,"Crime TV Shows, International TV Shows, Spanish-Language TV Shows",9,November,2018
s6797,TV Show,The Queen's Gambit,United States,TV-MA,1,TV Dramas,23,October,2020
s6798,Movie,The Rachel Divide,United States,TV-MA,105,Documentaries,27,April,2018
s6799,TV Show,The Rain,"Denmark, United States",TV-MA,3,"International TV Shows, TV Dramas, TV Mysteries",6,August,2020
s6800,Movie,The Rainbow Troops,Indonesia,TV-PG,119,"Children & Family Movies, Dramas, International Movies",21,October,2018
s6801,Movie,The Rainmaker,"United States, Germany",PG-13,136,"Dramas, Thrillers",20,November,2019
s6802,TV Show,The Ranch,United States,TV-MA,8,"TV Comedies, TV Dramas",24,January,2020
s6803,TV Show,The Rap Game,United States,TV-14,1,Reality TV,15,September,2019
s6804,Movie,The Rat Race,India,TV-PG,52,"Documentaries, International Movies",1,January,2017
s6805,TV Show,The Real Football Factories,United Kingdom,TV-MA,1,"British TV Shows, Docuseries, International TV Shows",29,December,2017
s6806,Movie,The Real Miyagi,"United States, Canada, Japan, Panama",TV-PG,81,"Documentaries, Sports Movies",16,June,2017
s6807,Movie,The Rebound,United States,TV-MA,77,"Documentaries, Sports Movies",28,February,2019
s6808,Movie,The Reconquest,Spain,TV-MA,108,"Dramas, International Movies, Romantic Movies",1,February,2017
s6809,Movie,The Red Sea Diving Resort,Canada,TV-MA,130,"Dramas, Thrillers",31,July,2019
s6810,Movie,The Redeemed and the Dominant: Fittest on Earth,United States,TV-14,120,"Documentaries, Sports Movies",1,July,2018
s6811,Movie,The Rehearsal,New Zealand,TV-MA,102,"Dramas, Independent Movies, International Movies",1,January,2018
s6812,Movie,The Reliant,United States,PG-13,116,"Dramas, Faith & Spirituality",28,April,2020
s6813,Movie,The Remix: Hip Hop X Fashion,United States,TV-MA,67,"Documentaries, Music & Musicals",22,July,2020
s6814,TV Show,The Repair Shop,United Kingdom,TV-PG,1,"British TV Shows, Reality TV",1,December,2020
s6815,Movie,The Republic of Imbaba,Unknown,TV-14,90,"Dramas, International Movies",6,June,2019
s6816,Movie,The Reservoir Game,South Korea,TV-MA,100,"Documentaries, International Movies",12,January,2018
s6817,Movie,The Resistance Banker,Netherlands,TV-MA,123,"Dramas, International Movies",11,September,2018
s6818,TV Show,The Returned,France,TV-MA,1,"International TV Shows, TV Dramas, TV Horror",17,February,2019
s6819,Movie,The Rezort,"United Kingdom, Spain, Belgium",TV-MA,90,"Horror Movies, International Movies",16,January,2017
s6820,Movie,The Ridiculous 6,United States,TV-14,120,"Action & Adventure, Comedies",11,December,2015
s6821,Movie,The Rift: The Dark Side of the Moon,"Serbia, South Korea, Slovenia",TV-MA,92,"Horror Movies, Independent Movies, Sci-Fi & Fantasy",26,February,2018
s6822,Movie,The Right One,Egypt,TV-14,93,"Dramas, International Movies, Romantic Movies",13,June,2019
s6823,Movie,The Ring,United States,PG-13,116,"Horror Movies, Thrillers",1,January,2020
s6824,Movie,The Riot Club,United Kingdom,R,107,"Dramas, International Movies",16,March,2017
s6825,TV Show,The Ripper,United Kingdom,TV-MA,1,"British TV Shows, Crime TV Shows, Docuseries",16,December,2020
s6826,TV Show,The Rise of Phoenixes,China,TV-14,1,"International TV Shows, Romantic TV Shows, TV Action & Adventure",14,September,2018
s6827,Movie,The Ritual,"United Kingdom, Canada",TV-MA,95,"Horror Movies, International Movies, Thrillers",9,February,2018
s6828,Movie,The River Thief,United States,NR,87,"Dramas, Independent Movies",14,January,2017
s6829,Movie,The River Wild,United States,PG-13,111,Action & Adventure,1,September,2018
s6830,TV Show,The Road to Calvary,Russia,TV-14,1,"International TV Shows, TV Dramas",1,September,2018
s6831,Movie,The Road to El Camino: Behind the Scenes of El Camino: A Breaking Bad Movie,United States,TV-14,14,"Documentaries, International Movies",29,October,2019
s6832,TV Show,The Road to Love,Colombia,TV-14,1,"International TV Shows, Romantic TV Shows, Spanish-Language TV Shows",4,December,2019
s6833,Movie,The Rolling Stones: Olé Olé Olé! A Trip Across Latin America,United Kingdom,TV-MA,101,"Documentaries, International Movies, Music & Musicals",22,March,2019
s6834,Movie,The Roommate,United States,PG-13,91,Thrillers,1,April,2020
s6835,Movie,The Rope Curse 2,Taiwan,TV-MA,105,"Horror Movies, International Movies",30,December,2020
s6836,Movie,The Rover,"Australia, United States",R,103,"International Movies, Thrillers",19,July,2018
s6837,Movie,The Royal Bengal Tiger,India,TV-MA,103,"Dramas, International Movies, Thrillers",19,September,2020
s6838,Movie,The Royal Hibiscus Hotel,Nigeria,TV-PG,90,"Comedies, International Movies, Romantic Movies",22,June,2020
s6839,TV Show,The Royal House of Windsor,United Kingdom,TV-MA,1,"British TV Shows, Docuseries, International TV Shows",30,September,2017
s6840,Movie,The Rugrats Movie,United States,G,81,"Children & Family Movies, Comedies",1,October,2019
s6841,Movie,THE RUM DIARY,"United States, United Kingdom",R,120,"Comedies, Dramas",6,December,2019
s6842,Movie,The Runaways,United States,R,107,"Dramas, Independent Movies, Music & Musicals",1,April,2020
s6843,Movie,The Runner,United States,R,90,"Dramas, Independent Movies",8,September,2017
s6844,Movie,The Russian Revolution,United Kingdom,TV-PG,47,Documentaries,15,June,2017
s6845,Movie,The Ruthless,"Italy, France",TV-MA,111,"Dramas, International Movies",19,April,2019
s6846,Movie,The Ryan White Story,United States,TV-PG,94,Dramas,1,October,2011
s6847,Movie,The Saint,United States,TV-14,92,Action & Adventure,10,August,2017
s6848,Movie,The Salvation,"Denmark, United Kingdom, South Africa, Sweden, Belgium",R,92,"Dramas, Independent Movies, International Movies",2,March,2017
s6849,Movie,The Sapphires,Australia,PG-13,99,"Comedies, Dramas, Independent Movies",26,April,2019
s6850,TV Show,The School Nurse Files,South Korea,TV-MA,1,"International TV Shows, TV Dramas, TV Mysteries",25,September,2020
s6851,Movie,The School of Mischief,Egypt,TV-14,253,"Comedies, Dramas, International Movies",21,May,2020
s6852,Movie,The Score,"Germany, Canada, United States",R,124,"Dramas, Thrillers",28,November,2019
s6853,Movie,The Sea of Trees,United States,PG-13,111,Dramas,8,November,2018
s6854,TV Show,The Search,Mexico,TV-MA,1,"Crime TV Shows, International TV Shows, Spanish-Language TV Shows",12,June,2020
s6855,Movie,The Search for Life in Space,United States,TV-G,32,Documentaries,1,April,2018
s6856,Movie,The Secret,Unknown,TV-14,98,"Horror Movies, International Movies",15,September,2018
s6857,Movie,The Secret Life of Pets 2,"United States, France, Japan",PG,86,"Children & Family Movies, Comedies",27,December,2019
s6858,Movie,The Set Up,Nigeria,TV-MA,105,"Dramas, International Movies",22,April,2020
s6859,TV Show,The Seven Deadly Sins,Japan,TV-14,4,"Anime Series, International TV Shows",6,August,2020
s6860,Movie,The Seven Deadly Sins the Movie: Prisoners of the Sky,Japan,TV-14,100,"Action & Adventure, Anime Features, International Movies",31,December,2018
s6861,Movie,The Seven Five,United States,R,104,Documentaries,14,April,2017
s6862,TV Show,The Seventies,United States,TV-PG,1,Docuseries,30,September,2018
s6863,TV Show,The Shannara Chronicles,"United States, New Zealand",TV-MA,2,"TV Action & Adventure, TV Dramas, TV Sci-Fi & Fantasy",22,January,2018
s6864,Movie,The Shaukeens,India,TV-MA,123,"Comedies, International Movies, Music & Musicals",1,March,2018
s6865,Movie,The Short Game,United States,PG,100,"Children & Family Movies, Documentaries, Sports Movies",12,December,2013
s6866,Movie,The Show,United States,TV-MA,105,Dramas,1,June,2020
s6867,Movie,The Show Must Go On: The Queen + Adam Lambert Story,"United Kingdom, United States",TV-MA,85,"Documentaries, Music & Musicals",15,June,2020
s6868,Movie,The Siege of Jadotville,"Ireland, South Africa",TV-MA,108,"Action & Adventure, Dramas, International Movies",7,October,2016
s6869,Movie,The Sign of Venus,Italy,TV-14,97,"Classic Movies, Comedies, Independent Movies",13,November,2020
s6870,Movie,The Signal,United States,PG-13,97,"Sci-Fi & Fantasy, Thrillers",13,July,2018
s6871,Movie,The Silence,"Canada, Germany",PG-13,91,"Horror Movies, Thrillers",10,April,2019
s6872,Movie,The Silence of Others,"Spain, France, Canada, United States",TV-14,96,"Documentaries, International Movies",1,July,2020
s6873,Movie,The Silence of the Marsh,Spain,TV-MA,93,"International Movies, Thrillers",22,April,2020
s6874,Movie,The Silent War,Spain,TV-MA,122,"Dramas, International Movies, Thrillers",3,February,2020
s6875,Movie,The Similars,Mexico,NR,90,"Horror Movies, Independent Movies, International Movies",15,January,2017
s6876,Movie,The Sinking Of Van Der Wijck,Indonesia,TV-14,163,"Dramas, International Movies, Romantic Movies",28,September,2018
s6877,TV Show,The Sinner,United States,TV-MA,2,"Crime TV Shows, TV Dramas, TV Mysteries",1,August,2019
s6878,Movie,The Skin of the Wolf,Spain,TV-MA,110,"Dramas, Independent Movies, International Movies",6,July,2018
s6879,Movie,The Sky Is Pink,"India, United Kingdom, Canada, United States",TV-MA,143,"Dramas, International Movies",11,December,2019
s6880,Movie,The Sleepover,United States,TV-PG,104,"Action & Adventure, Children & Family Movies, Comedies",21,August,2020
s6881,Movie,The Smurfs,"United States, Belgium, Canada",PG,103,"Children & Family Movies, Comedies",1,September,2020
s6882,Movie,The Smurfs 2,"United States, France, Canada, Belgium",PG,105,"Children & Family Movies, Comedies",15,September,2020
s6883,TV Show,The Sniffer,Ukraine,TV-MA,3,"Crime TV Shows, International TV Shows, TV Dramas",1,June,2018
s6884,Movie,The Social Dilemma,United States,PG-13,94,Documentaries,9,September,2020
s6885,Movie,The Social Network,United States,PG-13,121,Dramas,1,April,2020
s6886,TV Show,The Society,United States,TV-MA,1,"TV Dramas, Teen TV Shows",10,May,2019
s6887,Movie,The Son,Argentina,TV-MA,93,"Dramas, Independent Movies, International Movies",26,July,2019
s6888,TV Show,The Sound of Your Heart,South Korea,TV-14,1,"International TV Shows, Korean TV Shows, TV Comedies",24,February,2017
s6889,TV Show,The Sound of Your Heart: Reboot,South Korea,TV-14,2,"International TV Shows, Korean TV Shows, TV Comedies",3,December,2018
s6890,Movie,The Space Between Us,United States,PG-13,120,"Action & Adventure, Romantic Movies, Sci-Fi & Fantasy",1,June,2019
s6891,Movie,The Spectacular Now,United States,R,95,"Dramas, Independent Movies, Romantic Movies",15,July,2018
s6892,Movie,The Speed Cubers,United States,TV-PG,41,Documentaries,29,July,2020
s6893,Movie,The Spiderwick Chronicles,United States,PG,97,Children & Family Movies,1,March,2019
s6894,Movie,The spiral,Poland,TV-MA,84,"Dramas, Independent Movies, International Movies",1,October,2019
s6895,Movie,The Spooky Tale of Captain Underpants Hack-a-ween,United States,TV-Y7,46,"Children & Family Movies, Comedies",8,October,2019
s6896,TV Show,The Spy,France,TV-MA,1,"International TV Shows, TV Dramas, TV Thrillers",6,September,2019
s6897,Movie,The Spy Next Door,United States,PG,94,"Action & Adventure, Children & Family Movies, Comedies",1,November,2020
s6898,Movie,The Spy Who Fell to Earth,United Kingdom,TV-MA,94,"Documentaries, International Movies",5,April,2019
s6899,Movie,The Square,"United Kingdom, Egypt, United States",TV-MA,105,"Documentaries, International Movies",17,January,2014
s6900,Movie,The Squid and the Whale,United States,R,81,"Comedies, Dramas, Independent Movies",1,October,2019
s6901,TV Show,The Staircase,France,TV-MA,1,"Crime TV Shows, Docuseries, TV Mysteries",8,June,2018
s6902,Movie,The Stand at Paxton County,United States,R,103,"Dramas, Independent Movies, Thrillers",2,May,2020
s6903,TV Show,The Standups,United States,TV-MA,2,"Stand-Up Comedy & Talk Shows, TV Comedies",20,March,2018
s6904,Movie,The Stanford Prison Experiment,United States,R,122,"Dramas, Independent Movies, Thrillers",17,June,2017
s6905,Movie,The Stolen,"United Kingdom, Germany, United Arab Emirates, New Zealand",TV-14,98,Dramas,1,June,2020
s6906,TV Show,The Story of God with Morgan Freeman,United States,TV-14,2,Docuseries,1,February,2019
s6907,TV Show,The Story of Us with Morgan Freeman,United States,TV-14,1,Docuseries,1,February,2019
s6908,TV Show,The Stranded,Thailand,TV-MA,1,"International TV Shows, TV Action & Adventure, TV Dramas",15,November,2019
s6909,TV Show,THE STRANGER,United Kingdom,TV-MA,1,"Crime TV Shows, TV Dramas, TV Mysteries",30,January,2020
s6910,Movie,The Student,United States,TV-14,90,Thrillers,15,March,2019
s6911,Movie,The Student Cop,Egypt,TV-14,111,"Action & Adventure, Comedies, International Movies",2,June,2020
s6912,Movie,The Suit,Egypt,TV-14,97,"Action & Adventure, Comedies, International Movies",23,November,2020
s6913,Movie,The Sunshine Makers,United Kingdom,TV-MA,91,"Documentaries, International Movies",9,March,2017
s6914,Movie,The Super,United States,R,89,Horror Movies,16,February,2019
s6915,TV Show,The Super Mario Bros. Super Show!,"United States, Canada",TV-Y7,1,Kids' TV,22,May,2016
s6916,Movie,The Super Parental Guardians,Philippines,TV-14,115,"Action & Adventure, Comedies, International Movies",21,March,2019
s6917,TV Show,The Surgeon's Cut,United States,TV-14,1,"Docuseries, Science & Nature TV",9,December,2020
s6918,Movie,The Surrounding Game,United States,TV-14,98,Documentaries,30,August,2018
s6919,Movie,The Take,"United Kingdom, France, United States, Belgium, Luxembourg, China, Germany",R,92,"Action & Adventure, International Movies",16,September,2020
s6920,Movie,The Taking of Pelham 123,"United States, United Kingdom",R,106,Action & Adventure,1,September,2019
s6921,Movie,The Talented Mr. Ripley,United States,R,139,"Dramas, Thrillers",1,January,2020
s6922,Movie,The Tenth Man,Argentina,TV-MA,81,"Dramas, International Movies",1,April,2017
s6923,TV Show,The Terminal,Unknown,TV-14,1,"International TV Shows, TV Dramas",29,March,2019
s6924,Movie,The Texas Chainsaw Massacre,United States,R,83,"Cult Movies, Horror Movies, Independent Movies",22,October,2019
s6925,Movie,The Theory of Everything,"United Kingdom, Japan, United States",PG-13,123,"Dramas, Romantic Movies",16,December,2018
s6926,Movie,The Thief and the Imbecile,Egypt,TV-14,96,"Dramas, International Movies",6,June,2019
s6927,Movie,The Third Party,Philippines,TV-MA,118,"Comedies, Dramas, International Movies",21,March,2019
s6928,Movie,The Three Deaths of Marisela Escobedo,Mexico,TV-MA,110,"Documentaries, International Movies",14,October,2020
s6929,Movie,The Tiger Hunter,United States,TV-14,94,"Comedies, Dramas, Independent Movies",9,April,2018
s6930,Movie,The Tigers of Scotland,United Kingdom,TV-G,58,Documentaries,1,November,2018
s6931,Movie,The Time Machine,"United States, United Arab Emirates",PG-13,96,"Action & Adventure, Sci-Fi & Fantasy",23,November,2019
s6932,Movie,The Time Traveler's Wife,United States,PG-13,107,"Dramas, Romantic Movies, Sci-Fi & Fantasy",1,October,2019
s6933,Movie,The Titan,"United Kingdom, Spain, United States, Germany",TV-MA,97,"Dramas, Sci-Fi & Fantasy, Thrillers",30,March,2018
s6934,Movie,The Tourist,"United States, France, Italy, United Kingdom",PG-13,103,"Action & Adventure, Romantic Movies",7,January,2020
s6935,TV Show,The Toys That Made Us,United States,TV-14,3,"Docuseries, Reality TV",15,November,2019
s6936,Movie,The Trader (Sovdagari),Georgia,TV-PG,24,"Documentaries, International Movies",9,February,2018
s6937,TV Show,The Traffickers,United States,TV-MA,1,"Crime TV Shows, Docuseries",22,January,2018
s6938,Movie,The Trap,United States,TV-MA,91,Comedies,1,April,2019
s6939,Movie,The Tree of Blood,Spain,TV-MA,136,"Dramas, Independent Movies, International Movies",8,February,2019
s6940,TV Show,The Trial,Italy,TV-MA,1,"Crime TV Shows, International TV Shows, TV Dramas",10,April,2020
s6941,Movie,The Trial of the Chicago 7,"United States, United Kingdom, India",R,130,Dramas,16,October,2020
s6942,TV Show,The Trials of Gabriel Fernandez,United States,TV-MA,1,"Crime TV Shows, Docuseries",26,February,2020
s6943,Movie,The Tribe,Spain,TV-MA,91,"Comedies, International Movies",21,November,2018
s6944,Movie,The Tribes of Palos Verdes,United States,R,104,"Dramas, Independent Movies, Sports Movies",1,December,2019
s6945,Movie,The Trigger Effect,United States,R,94,Thrillers,1,January,2018
s6946,Movie,The Trip to Spain,United Kingdom,TV-MA,108,Comedies,12,December,2017
s6947,Movie,The Trust,United States,R,91,Thrillers,1,April,2019
s6948,TV Show,The Truth,Unknown,TV-14,1,"Crime TV Shows, International TV Shows, TV Action & Adventure",1,November,2017
s6949,Movie,The Truth About Alcohol,United Kingdom,TV-14,58,"Documentaries, International Movies",1,August,2017
s6950,TV Show,The Truth Seekers,Singapore,TV-MA,1,"Crime TV Shows, International TV Shows, TV Dramas",1,July,2017
s6951,TV Show,The Tudors,"Ireland, Canada, United States, United Kingdom",TV-MA,4,TV Dramas,8,January,2018
s6952,Movie,The Tuxedo,United States,PG-13,99,"Action & Adventure, Comedies",1,November,2019
s6953,TV Show,The Twelve,Belgium,TV-MA,1,"Crime TV Shows, International TV Shows, TV Dramas",10,July,2020
s6954,TV Show,The Twilight Zone (Original Series),United States,TV-14,4,"Classic & Cult TV, TV Sci-Fi & Fantasy",1,July,2017
s6955,Movie,The Twins Effect II,"Hong Kong, China",TV-14,106,"Action & Adventure, Comedies, International Movies",21,July,2019
s6956,Movie,The Two Popes,"United Kingdom, Italy",PG-13,126,Dramas,20,December,2019
s6957,Movie,The Ugly Truth,United States,R,96,"Comedies, Romantic Movies",25,April,2019
s6958,TV Show,The Ultimatum,Singapore,TV-14,1,"International TV Shows, TV Dramas",1,July,2017
s6959,TV Show,The Umbrella Academy,"United States, Canada",TV-14,2,"TV Action & Adventure, TV Mysteries, TV Sci-Fi & Fantasy",31,July,2020
s6960,Movie,The Unborn Child,Thailand,TV-MA,93,"Horror Movies, International Movies",30,July,2018
s6961,TV Show,The Uncanny Counter,South Korea,TV-14,1,"International TV Shows, TV Action & Adventure, TV Dramas",29,November,2020
s6962,TV Show,The Underclass,Thailand,TV-MA,1,"International TV Shows, TV Dramas, Teen TV Shows",6,July,2020
s6963,TV Show,The Underwear,Unknown,TV-MA,1,"International TV Shows, TV Dramas, Teen TV Shows",19,June,2018
s6964,TV Show,The Unicorn,United States,TV-14,1,"TV Comedies, TV Dramas",1,October,2020
s6965,TV Show,The Universe,United States,TV-14,1,"Docuseries, Science & Nature TV",15,September,2019
s6966,TV Show,The Universe: Ancient Mysteries Solved,Unknown,TV-PG,1,"Docuseries, Science & Nature TV",2,May,2020
s6967,Movie,The Unknown Girl,"Belgium, France",TV-MA,106,"Dramas, International Movies",12,December,2017
s6968,Movie,The Unknown Known,United States,PG-13,103,Documentaries,22,February,2019
s6969,TV Show,THE UNLISTED,Australia,TV-PG,1,"Kids' TV, TV Thrillers",17,October,2019
s6970,Movie,The Unmarried Wife,Philippines,TV-MA,130,"Dramas, International Movies, Romantic Movies",21,March,2019
s6971,TV Show,The Unremarkable Juanquini,Unknown,TV-MA,1,"International TV Shows, Spanish-Language TV Shows, TV Comedies",15,May,2020
s6972,TV Show,The Untamed,China,TV-14,1,"International TV Shows, TV Action & Adventure, TV Mysteries",25,October,2019
s6973,Movie,The Untold Tales of Armistead Maupin,United States,TV-MA,91,"Documentaries, LGBTQ Movies",1,November,2018
s6974,TV Show,The Valhalla Murders,Iceland,TV-MA,1,"Crime TV Shows, International TV Shows, TV Dramas",13,March,2020
s6975,TV Show,The Vampire Diaries,United States,TV-14,8,"TV Dramas, TV Mysteries, TV Sci-Fi & Fantasy",4,September,2017
s6976,Movie,The Vanished,United States,R,115,Thrillers,15,January,2021
s6977,Movie,The Vatican Tapes,United States,PG-13,91,"Horror Movies, Thrillers",20,April,2020
s6978,Movie,The Vault,United States,TV-MA,92,"Horror Movies, Thrillers",1,January,2018
s6979,Movie,The Vendor,Unknown,TV-MA,103,"Comedies, International Movies",27,December,2019
s6980,TV Show,The Victims' Game,Taiwan,TV-MA,1,"Crime TV Shows, International TV Shows, TV Dramas",30,April,2020
s6981,TV Show,The Vietnam War: A Film by Ken Burns and Lynn Novick,United States,TV-MA,1,Docuseries,20,June,2018
s6982,Movie,The Violin Player,India,TV-14,72,"Dramas, Independent Movies, International Movies",1,December,2016
s6983,Movie,The Visit,Unknown,TV-MA,138,"Dramas, Independent Movies, International Movies",26,February,2020
s6984,TV Show,The Walking Dead,United States,TV-MA,9,"Classic & Cult TV, TV Action & Adventure, TV Dramas",1,September,2019
s6985,Movie,The Walls of the Moon,Egypt,TV-14,98,"Action & Adventure, Dramas, International Movies",18,April,2019
s6986,Movie,The Wandering Earth,China,TV-MA,125,"International Movies, Sci-Fi & Fantasy",6,May,2019
s6987,TV Show,The War: A Film by Ken Burns and Lynn Novick,United States,TV-14,1,Docuseries,22,February,2017
s6988,Movie,The Warning,Spain,TV-MA,93,"International Movies, Thrillers",24,July,2018
s6989,Movie,The Water Diviner,"Australia, United States",R,111,"Dramas, International Movies",7,October,2019
s6990,Movie,The Water Horse: Legend of the Deep,"New Zealand, United Kingdom, Australia",PG,112,Children & Family Movies,1,November,2018
s6991,Movie,The Waterboy,United States,PG-13,90,"Comedies, Sports Movies",8,March,2017
s6992,Movie,The Wedding Curse,Philippines,TV-PG,101,"Horror Movies, International Movies",21,March,2019
s6993,Movie,The Wedding Party,Nigeria,TV-14,101,"Comedies, Dramas, International Movies",15,April,2017
s6994,Movie,The Wedding Party 2: Destination Dubai,Nigeria,TV-14,98,"Comedies, International Movies, Romantic Movies",21,September,2019
s6995,Movie,The Wedding Shaman,Unknown,TV-PG,111,"Dramas, International Movies, Romantic Movies",17,December,2020
s6996,Movie,The Week Of,United States,TV-14,117,Comedies,27,April,2018
s6997,TV Show,The West Wing,United States,TV-14,7,TV Dramas,25,December,2015
s6998,Movie,The White Helmets,United Kingdom,TV-PG,41,Documentaries,16,September,2016
s6999,TV Show,The Who Was? Show,United States,TV-PG,1,"Kids' TV, TV Comedies",11,May,2018
s7000,TV Show,The Wiggles,Australia,TV-Y,2,Kids' TV,15,May,2020
s7001,Movie,The Willoughbys,"Canada, United States, United Kingdom",PG,92,"Children & Family Movies, Comedies",22,April,2020
s7002,TV Show,The Windsors,United Kingdom,TV-MA,3,"British TV Shows, International TV Shows, TV Comedies",1,April,2020
s7003,Movie,The Wishing Tree,India,TV-14,117,"Children & Family Movies, Dramas, Music & Musicals",5,June,2017
s7004,Movie,The Witch,"United Kingdom, Canada, United States",R,92,"Horror Movies, Independent Movies",17,September,2018
s7005,Movie,The Witch Files,United States,TV-14,88,"Horror Movies, Thrillers",1,February,2019
s7006,Movie,The Witch: Part 1 - The Subversion,South Korea,TV-MA,126,"Action & Adventure, International Movies, Sci-Fi & Fantasy",10,June,2020
s7007,TV Show,The Witcher,"United States, Poland",TV-MA,1,"TV Action & Adventure, TV Dramas, TV Mysteries",20,December,2019
s7008,TV Show,The Witcher: A Look Inside the Episodes,Unknown,TV-MA,1,"Docuseries, TV Sci-Fi & Fantasy",2,September,2020
s7009,Movie,The Witness Who Didn't See Anything,Egypt,TV-PG,157,"Comedies, International Movies",21,May,2020
s7010,Movie,The Wolf's Call,France,TV-14,116,"Dramas, International Movies, Thrillers",20,June,2019
s7011,TV Show,The Womanizer,China,TV-MA,1,"International TV Shows, Romantic TV Shows, TV Comedies",1,September,2016
s7012,Movie,The Women Who Kill Lions,United Kingdom,TV-MA,47,"Documentaries, International Movies",1,August,2017
s7013,Movie,The Women's Balcony,Israel,TV-PG,100,"Comedies, Dramas, Faith & Spirituality",19,December,2017
s7014,TV Show,The Woods,"Poland, United States",TV-MA,1,"Crime TV Shows, International TV Shows, TV Dramas",12,June,2020
s7015,Movie,The Workshop,France,TV-MA,114,"Dramas, International Movies",10,November,2018
s7016,Movie,The World Is Not Enough,"United Kingdom, United States",PG-13,128,Action & Adventure,31,December,2019
s7017,Movie,The World Is Yours,France,TV-MA,101,"Action & Adventure, Comedies, International Movies",30,November,2018
s7018,Movie,The World We Make,United States,PG,108,"Dramas, Romantic Movies",4,September,2019
s7019,TV Show,The World's Most Extraordinary Homes,United Kingdom,TV-G,3,"British TV Shows, Docuseries, International TV Shows",18,January,2019
s7020,Movie,The World's Most Wanted Animal,United Kingdom,TV-PG,53,Documentaries,1,April,2019
s7021,TV Show,The Worst Witch,"United Kingdom, Germany",TV-G,4,"British TV Shows, Kids' TV",1,October,2020
s7022,Movie,The Worthy,"United Arab Emirates, Romania",TV-MA,99,"International Movies, Sci-Fi & Fantasy, Thrillers",1,December,2017
s7023,TV Show,The Writer,Lebanon,TV-14,1,"Crime TV Shows, International TV Shows, TV Dramas",7,May,2019
s7024,Movie,The Wrong Babysitter,Canada,TV-14,89,Thrillers,18,June,2019
s7025,Movie,The Wrong Missy,United States,TV-MA,90,"Comedies, Romantic Movies",13,May,2020
s7026,TV Show,The Yard,Turkey,TV-MA,2,"Crime TV Shows, International TV Shows, TV Dramas",15,November,2019
s7027,TV Show,The Year of Happiness and Love,Taiwan,TV-PG,1,"International TV Shows, Romantic TV Shows, TV Comedies",1,September,2016
s7028,Movie,The Young Messiah,United States,PG-13,111,"Dramas, Faith & Spirituality",27,August,2020
s7029,Movie,The Young Offenders,Ireland,TV-MA,83,"Comedies, International Movies",9,March,2017
s7030,Movie,The Young Vagabond,Hong Kong,TV-14,85,"Action & Adventure, Comedies, International Movies",16,August,2018
s7031,Movie,The Zoya Factor,India,TV-14,135,"Comedies, Dramas, International Movies",30,November,2019
s7032,Movie,Theater of Life,Canada,TV-PG,94,Documentaries,18,July,2017
s7033,Movie,Theeram,India,TV-14,104,"Dramas, International Movies, Romantic Movies",1,July,2018
s7034,Movie,Theeya Velai Seyyanum Kumaru,India,TV-PG,132,"Comedies, International Movies, Music & Musicals",1,October,2018
s7035,Movie,"Thelonious Monk: Straight, No Chaser",United States,PG-13,89,"Documentaries, Music & Musicals",1,November,2019
s7036,Movie,Then Came You,United States,TV-14,97,"Comedies, Dramas, Independent Movies",1,June,2019
s7037,Movie,Theo Von: No Offense,United States,TV-MA,67,Stand-Up Comedy,7,August,2019
s7038,Movie,Theo Who Lived,United States,TV-14,86,Documentaries,16,December,2016
s7039,Movie,There Will Be Blood,United States,R,158,"Dramas, Independent Movies",1,March,2020
s7040,Movie,There's Something in the Water,Canada,TV-14,72,"Documentaries, International Movies",27,March,2020
s7041,Movie,They Are Everywhere,"France, Belgium",TV-MA,110,"Comedies, International Movies",28,October,2016
s7042,TV Show,They've Gotta Have Us,United Kingdom,TV-MA,1,"British TV Shows, Docuseries",5,February,2020
s7043,Movie,They’ll Love Me When I’m Dead,United States,TV-MA,98,Documentaries,2,November,2018
s7044,Movie,Thi Mai,Spain,TV-MA,99,"Comedies, Dramas, International Movies",4,May,2018
s7045,Movie,Thiago Ventura: POKAS,Brazil,TV-MA,82,Stand-Up Comedy,2,July,2020
s7046,TV Show,Thieves of the Wood,Belgium,TV-MA,1,"International TV Shows, TV Action & Adventure, TV Dramas",2,January,2020
s7047,TV Show,ThirTEEN Terrors,Thailand,TV-14,1,"International TV Shows, TV Horror, TV Mysteries",1,March,2019
s7048,Movie,This Earth of Mankind,Indonesia,TV-14,180,"Dramas, International Movies",23,April,2020
s7049,TV Show,This Evening,Egypt,TV-14,1,"International TV Shows, TV Dramas",11,March,2019
s7050,TV Show,This Is My Love,South Korea,TV-14,1,"International TV Shows, Korean TV Shows, Romantic TV Shows",22,May,2017
s7051,Movie,This Is Not What I Expected,China,TV-PG,107,"Comedies, International Movies, Romantic Movies",14,October,2017
s7052,Movie,This Was Tomorrow,Belgium,NR,77,"Documentaries, International Movies, Music & Musicals",15,December,2015
s7053,Movie,Thithi,"India, United States",TV-MA,123,"Dramas, Independent Movies, International Movies",9,March,2017
s7054,Movie,Thomas & Friends: Marvelous Machinery: A New Arrival,Unknown,TV-Y,23,Children & Family Movies,1,May,2020
s7055,Movie,Thomas & Friends: Marvelous Machinery: World of Tomorrow,Unknown,TV-Y,23,Children & Family Movies,1,May,2020
s7056,Movie,Thomas & Friends: Thomas and the Royal Engine,Unknown,TV-Y,23,Children & Family Movies,1,May,2020
s7057,TV Show,Thomas and Friends,United Kingdom,TV-Y,2,"British TV Shows, Classic & Cult TV, Kids' TV",1,September,2020
s7058,Movie,Thong Dee Fun Khao,Thailand,TV-MA,122,"Action & Adventure, International Movies, Sports Movies",15,January,2018
s7059,Movie,Thor: Ragnarok,United States,PG-13,131,"Action & Adventure, Comedies, Sci-Fi & Fantasy",5,June,2018
s7060,Movie,Thor: Tales of Asgard,"United States, Canada",TV-Y7,77,Children & Family Movies,15,April,2020
s7061,Movie,Thorne: Scaredy Cat,United Kingdom,NR,125,"Dramas, International Movies",2,November,2016
s7062,Movie,Thorne: Sleepyhead,"United Kingdom, Australia, Canada, United States",NR,125,"Dramas, International Movies",2,November,2016
s7063,Movie,Thottappan,India,TV-14,139,"Comedies, Dramas, International Movies",8,February,2020
s7064,Movie,Three,"Hong Kong, China",TV-MA,88,"Action & Adventure, International Movies",3,June,2017
s7065,TV Show,Three Days of Christmas,Spain,TV-MA,1,"International TV Shows, Spanish-Language TV Shows, TV Dramas",6,December,2019
s7066,TV Show,Three Wives One Husband,United Kingdom,TV-14,1,"British TV Shows, International TV Shows, Reality TV",1,October,2018
s7067,Movie,Three Words to Forever,Philippines,TV-G,107,"Comedies, Dramas, International Movies",19,November,2020
s7068,Movie,Three-Quarters Decent,Unknown,TV-14,96,"Comedies, Dramas, International Movies",20,June,2019
s7069,Movie,Thriller,United States,TV-MA,87,Horror Movies,14,April,2019
s7070,Movie,Through My Father's Eyes: The Ronda Rousey Story,"Canada, United States",R,104,"Documentaries, Sports Movies",31,March,2020
s7071,Movie,Thug Life,India,TV-14,133,"Comedies, Dramas, International Movies",1,December,2019
s7072,Movie,Thumper,United States,TV-MA,93,"Dramas, Thrillers",5,February,2018
s7073,Movie,Thunderbolt,United States,TV-PG,42,"Classic Movies, Documentaries",31,March,2017
s7074,TV Show,Tidelands,Australia,TV-MA,1,"Crime TV Shows, International TV Shows, TV Dramas",14,December,2018
s7075,TV Show,Tidying Up with Marie Kondo,United States,TV-PG,1,Reality TV,1,January,2019
s7076,TV Show,Tiempos de guerra,Spain,TV-MA,1,"International TV Shows, Romantic TV Shows, Spanish-Language TV Shows",18,January,2018
s7077,TV Show,Tientsin Mystic,China,TV-14,1,"Crime TV Shows, International TV Shows, TV Dramas",9,February,2018
s7078,TV Show,Tiffany Haddish Presents: They Ready,United States,TV-MA,1,"Stand-Up Comedy & Talk Shows, TV Comedies",13,August,2019
s7079,Movie,Tiffany Haddish: Black Mitzvah,United States,TV-MA,56,Stand-Up Comedy,3,December,2019
s7080,Movie,Tiffany Haddish: She Ready! From the Hood To Hollywood!,United States,TV-MA,66,Stand-Up Comedy,7,April,2020
s7081,Movie,Tig,United States,TV-14,92,"Documentaries, Stand-Up Comedy",17,July,2015
s7082,Movie,Tig Notaro Happy To Be Here,United States,TV-14,58,Stand-Up Comedy,22,May,2018
s7083,Movie,Tiger,India,TV-14,130,"Action & Adventure, Dramas, International Movies",1,October,2018
s7084,TV Show,"Tiger King: Murder, Mayhem and Madness",United States,TV-MA,1,"Crime TV Shows, Docuseries",20,March,2020
s7085,Movie,Tigertail,United States,PG,91,Dramas,10,April,2020
s7086,TV Show,Tijuana,Mexico,TV-MA,1,"Crime TV Shows, International TV Shows, Spanish-Language TV Shows",5,April,2019
s7087,Movie,Tik Tok,China,TV-14,108,"Dramas, International Movies, Thrillers",1,July,2017
s7088,Movie,Tikli and Laxmi Bomb,India,TV-MA,151,"Dramas, International Movies",1,August,2018
s7089,TV Show,Til Death Do Us Part,Taiwan,TV-MA,1,"International TV Shows, TV Dramas, TV Thrillers",15,August,2019
s7090,Movie,Tim Allen: Men Are Pigs,United States,TV-MA,30,Stand-Up Comedy,31,December,2018
s7091,Movie,Tim Allen: ReWires America,United States,TV-MA,30,Stand-Up Comedy,31,December,2018
s7092,Movie,Tim Minchin And The Heritage Orchestra Live,United Kingdom,TV-MA,146,"Music & Musicals, Stand-Up Comedy",31,December,2018
s7093,Movie,Tim Minchin: So F**king Rock,United Kingdom,TV-MA,127,"Music & Musicals, Stand-Up Comedy",31,December,2018
s7094,Movie,Time Out,India,TV-14,98,"Dramas, Independent Movies, International Movies",26,September,2020
s7095,Movie,Time Please,India,TV-14,125,"Comedies, Dramas, International Movies",1,January,2018
s7096,Movie,Time Share,"Mexico, Netherlands",TV-MA,96,"Dramas, Independent Movies, International Movies",30,November,2018
s7097,Movie,Time to Hunt,South Korea,TV-MA,135,"International Movies, Thrillers",23,April,2020
s7098,Movie,Time Trap,United States,TV-14,88,"Action & Adventure, Sci-Fi & Fantasy",13,September,2019
s7099,TV Show,Time: The Kalief Browder Story,United States,TV-MA,1,Docuseries,7,April,2019
s7100,TV Show,Timeless Season,Unknown,TV-14,1,"International TV Shows, TV Dramas",18,September,2017
s7101,TV Show,Timeline,Unknown,TV-14,1,"Crime TV Shows, Docuseries, International TV Shows",23,February,2018
s7102,TV Show,Timmy Time,United Kingdom,TV-Y,1,"British TV Shows, Kids' TV",22,December,2020
s7103,Movie,Tini: The New Life of Violetta,"Spain, Italy, Argentina",G,99,"Children & Family Movies, Music & Musicals",19,February,2017
s7104,Movie,Tinker Bell and the Legend of the NeverBeast,United States,G,78,Children & Family Movies,17,May,2015
s7105,Movie,Tinker',United States,TV-14,97,"Dramas, Independent Movies, Sci-Fi & Fantasy",19,March,2019
s7106,TV Show,Tiny Creatures,United States,TV-PG,1,"Docuseries, Science & Nature TV, TV Action & Adventure",7,August,2020
s7107,TV Show,Tiny House Nation,United States,TV-PG,2,Reality TV,17,January,2020
s7108,TV Show,Tiny Pretty Things,United States,TV-MA,1,"TV Dramas, TV Mysteries, TV Thrillers",14,December,2020
s7109,TV Show,Tip the Mouse,"Germany, United States, Italy",TV-Y,1,Kids' TV,1,September,2017
s7110,TV Show,Titipo Titipo,Unknown,TV-Y,1,"Kids' TV, Korean TV Shows",1,July,2019
s7111,TV Show,Tjovitjo,South Africa,TV-MA,2,"International TV Shows, TV Dramas",29,April,2020
s7112,Movie,To All the Boys I’ve Loved Before,United States,TV-14,100,"Comedies, International Movies, Romantic Movies",17,August,2018
s7113,Movie,To All the Boys: P.S. I Still Love You,United States,TV-14,102,"Comedies, Romantic Movies",12,February,2020
s7114,Movie,To and From New York,United States,TV-MA,81,"Dramas, Independent Movies, Thrillers",1,January,2008
s7115,Movie,To Be a Miss,"United States, Venezuela",TV-14,84,Documentaries,1,January,2017
s7116,Movie,To Be of Service,United States,TV-MA,88,Documentaries,11,November,2019
s7117,Movie,"To Each, Her Own",France,TV-MA,95,"Comedies, International Movies, LGBTQ Movies",24,June,2018
s7118,Movie,To the Bone,United States,TV-MA,108,"Dramas, Independent Movies",14,July,2017
s7119,TV Show,To the Lake,Russia,TV-MA,1,"International TV Shows, TV Dramas, TV Mysteries",7,October,2020
s7120,Movie,"To Wong Foo, Thanks for Everything! Julie Newmar",United States,PG-13,108,"Comedies, Cult Movies, LGBTQ Movies",1,August,2019
s7121,TV Show,Toast of London,United Kingdom,TV-MA,3,"British TV Shows, Classic & Cult TV, TV Comedies",1,September,2017
s7122,TV Show,Tobot,Canada,TV-Y7,2,"Kids' TV, Korean TV Shows",11,September,2019
s7123,Movie,Toc Toc,Spain,TV-MA,96,"Comedies, International Movies",1,May,2018
s7124,Movie,Todd Barry: Spicy Honey,United States,TV-MA,61,Stand-Up Comedy,26,December,2017
s7125,Movie,Todd Glass: Act Happy,United States,TV-MA,63,Stand-Up Comedy,23,January,2018
s7126,Movie,Todd Glass: Stand-Up Special,United States,TV-MA,46,Stand-Up Comedy,31,December,2018
s7127,Movie,Todo lo que sería Lucas Lauriente,Argentina,TV-MA,78,Stand-Up Comedy,6,April,2018
s7128,Movie,Todo Sobre El Asado,Argentina,TV-MA,86,"Documentaries, International Movies",1,September,2017
s7129,TV Show,Together,Singapore,TV-14,1,"International TV Shows, TV Dramas",1,November,2017
s7130,Movie,Together For Eternity,India,TV-G,176,"Dramas, International Movies, Music & Musicals",1,February,2020
s7131,Movie,Toilet: Ek Prem Katha,India,TV-14,145,"Comedies, Dramas, International Movies",21,August,2018
s7132,Movie,Tokyo Idols,"United Kingdom, Canada, Japan",TV-14,89,"Documentaries, International Movies, Music & Musicals",1,October,2017
s7133,TV Show,Tokyo Trial,"Canada, Japan, Netherlands",TV-MA,1,"International TV Shows, TV Dramas",13,December,2016
s7134,Movie,Toll Booth,Turkey,TV-MA,98,"Dramas, Independent Movies, International Movies",7,September,2020
s7135,Movie,Tom and Jerry: The Magic Ring,Unknown,TV-Y7,60,"Children & Family Movies, Comedies",15,December,2019
s7136,Movie,Tom Papa Live in New York City,United States,TV-14,57,Stand-Up Comedy,31,December,2018
s7137,Movie,Tom Papa: You're Doing Great!,United States,TV-14,60,Stand-Up Comedy,4,February,2020
s7138,Movie,Tom Segura: Ball Hog,United States,TV-MA,70,Stand-Up Comedy,24,March,2020
s7139,Movie,Tom Segura: Completely Normal,United States,TV-MA,74,Stand-Up Comedy,13,July,2017
s7140,Movie,Tom Segura: Disgraceful,United States,TV-MA,71,Stand-Up Comedy,12,January,2018
s7141,Movie,Tom Segura: Mostly Stories,United States,TV-MA,74,Stand-Up Comedy,8,January,2016
s7142,Movie,"Tomasz Jachimek, Jacek Stramik Laugh at Live",Unknown,TV-MA,63,Stand-Up Comedy,19,September,2016
s7143,Movie,Tomorrow Never Dies,"United Kingdom, United States",PG-13,119,Action & Adventure,31,December,2019
s7144,TV Show,Tomorrow with You,South Korea,TV-14,1,"International TV Shows, Korean TV Shows, Romantic TV Shows",30,October,2019
s7145,TV Show,Tong: Memories,South Korea,TV-MA,1,"International TV Shows, Korean TV Shows, TV Action & Adventure",1,March,2017
s7146,Movie,Tony Parker: The Final Shot,France,TV-14,99,"Documentaries, International Movies, Sports Movies",6,January,2021
s7147,Movie,Tony Robbins: I Am Not Your Guru,United States,TV-MA,117,Documentaries,15,July,2016
s7148,Movie,Too Handsome to Handle,Indonesia,TV-14,106,"Comedies, Dramas, International Movies",31,December,2020
s7149,TV Show,Too Hot to Handle,United States,TV-MA,1,"Reality TV, Romantic TV Shows",17,April,2020
s7150,Movie,Too Young the Hero,United States,TV-MA,94,Dramas,1,October,2011
s7151,TV Show,Toon,Netherlands,TV-MA,2,"International TV Shows, TV Comedies",18,October,2019
s7152,Movie,Tootsies & The Fake,Thailand,TV-MA,108,"Comedies, International Movies, LGBTQ Movies",5,March,2020
s7153,TV Show,Top 10 Secrets and Mysteries,"United Kingdom, United States, Czech Republic",TV-14,1,"British TV Shows, Docuseries, Science & Nature TV",15,March,2019
s7154,TV Show,Top Boy,Unknown,TV-MA,1,"British TV Shows, Crime TV Shows, International TV Shows",13,September,2019
s7155,TV Show,Top Grier,United States,TV-MA,3,Reality TV,31,December,2018
s7156,Movie,Tope: The Bait,India,TV-14,87,"Dramas, Independent Movies, International Movies",1,March,2018
s7157,TV Show,Toradora!,Japan,TV-14,1,"Anime Series, International TV Shows, Romantic TV Shows",1,August,2020
s7158,Movie,Torbaaz,India,TV-MA,133,"Dramas, International Movies, Sports Movies",11,December,2020
s7159,Movie,Toro,Spain,TV-MA,106,"Dramas, International Movies, Thrillers",1,April,2017
s7160,Movie,Tortilla Soup,United States,PG-13,104,"Comedies, Dramas, Romantic Movies",15,September,2020
s7161,TV Show,Total Drama,"Canada, United States, France",TV-PG,5,"Kids' TV, TV Comedies",3,May,2018
s7162,Movie,Total Frat Movie,United States,NR,94,Comedies,19,December,2016
s7163,Movie,Total Recall,"United States, Mexico",R,114,"Action & Adventure, Sci-Fi & Fantasy",1,July,2020
s7164,Movie,Tottaa Pataaka Item Maal,India,TV-MA,107,"Dramas, Independent Movies, International Movies",25,June,2019
s7165,TV Show,Towies,Unknown,TV-MA,1,"International TV Shows, Reality TV",27,December,2017
s7166,TV Show,Toy Boy,Spain,TV-MA,1,"Crime TV Shows, International TV Shows, Spanish-Language TV Shows",28,February,2020
s7167,Movie,Tracers,United States,PG-13,94,Action & Adventure,22,October,2019
s7168,Movie,Tracy Morgan: Staying Alive,United States,TV-MA,59,Stand-Up Comedy,16,May,2017
s7169,Movie,Traffic Signal,India,TV-MA,130,"Dramas, Independent Movies, International Movies",31,December,2019
s7170,TV Show,Trailer Park Boys,Canada,TV-MA,12,"Classic & Cult TV, Crime TV Shows, International TV Shows",30,March,2018
s7171,Movie,Trailer Park Boys Live at the North Pole,Canada,TV-MA,89,Movies,1,March,2018
s7172,Movie,Trailer Park Boys Live In F**kin' Dublin,Canada,TV-MA,81,Movies,1,March,2018
s7173,Movie,Trailer Park Boys: Countdown to Liquor Day,Canada,R,102,"Comedies, Cult Movies",30,March,2018
s7174,Movie,"Trailer Park Boys: Drunk, High and Unemployed: Live in Austin",Canada,TV-MA,74,"Comedies, International Movies",9,December,2015
s7175,TV Show,Trailer Park Boys: Out of the Park: Europe,Canada,TV-MA,1,"International TV Shows, TV Comedies",28,October,2016
s7176,TV Show,Trailer Park Boys: Out of the Park: USA,Unknown,TV-MA,1,"International TV Shows, TV Comedies",24,November,2017
s7177,Movie,Trailer Park Boys: Say Goodnight to the Bad Guys,Canada,TV-MA,47,"Comedies, Cult Movies",1,March,2018
s7178,TV Show,Trailer Park Boys: The Animated Series,Canada,TV-MA,2,TV Comedies,22,May,2020
s7179,Movie,Trailer Park Boys: The Movie,Canada,R,95,"Comedies, Cult Movies",30,March,2018
s7180,Movie,Trailer Park Boys: Xmas Special,Canada,TV-MA,46,Movies,1,March,2018
s7181,Movie,Train of the Dead,Thailand,TV-MA,88,"Horror Movies, International Movies",25,July,2018
s7182,Movie,Train to Busan,South Korea,TV-MA,118,"Action & Adventure, Horror Movies, International Movies",18,March,2017
s7183,Movie,Trainspotting,United Kingdom,R,94,"Comedies, Cult Movies, Dramas",1,October,2019
s7184,Movie,Traitor,United States,PG-13,114,"Dramas, Thrillers",1,July,2018
s7185,TV Show,Traitors,United Kingdom,TV-MA,1,"British TV Shows, International TV Shows, TV Dramas",29,March,2019
s7186,Movie,Tramps,United States,TV-MA,83,"Dramas, Independent Movies, Romantic Movies",21,April,2017
s7187,Movie,Transcendence,"United Kingdom, China, United States",PG-13,119,"Sci-Fi & Fantasy, Thrillers",1,November,2018
s7188,TV Show,Transfers,"France, Belgium",TV-MA,1,"Crime TV Shows, International TV Shows, TV Sci-Fi & Fantasy",8,November,2018
s7189,Movie,Transformer,Canada,TV-MA,79,"Documentaries, LGBTQ Movies",20,February,2019
s7190,TV Show,Transformers Prime,United States,TV-Y7,1,Kids' TV,8,September,2018
s7191,TV Show,Transformers Rescue Bots Academy,United States,TV-Y,2,Kids' TV,1,August,2020
s7192,TV Show,Transformers: Cyberverse,Unknown,TV-Y7,2,Kids' TV,7,September,2020
s7193,TV Show,Transformers: Rescue Bots,"Canada, United States",TV-Y7,1,Kids' TV,19,September,2018
s7194,TV Show,Transformers: Robots in Disguise,United States,TV-Y7,1,Kids' TV,8,September,2018
s7195,TV Show,Transformers: War For Cybertron Trilogy,United States,TV-14,1,Anime Series,30,July,2020
s7196,TV Show,Transformers: War for Cybertron: Earthrise,Unknown,TV-Y7,1,Anime Series,30,December,2020
s7197,Movie,Trash,"United Kingdom, Brazil, Germany",R,114,"Dramas, Independent Movies, Thrillers",1,January,2019
s7198,Movie,Trash Fire,United States,R,94,"Comedies, Dramas, Independent Movies",2,February,2017
s7199,TV Show,Trash Truck,Unknown,TV-Y,1,Kids' TV,10,November,2020
s7200,Movie,Travel Mates 2,Turkey,TV-MA,111,"Comedies, International Movies",20,September,2019
s7201,TV Show,Travelers,"Canada, United States",TV-MA,3,"Crime TV Shows, International TV Shows, TV Dramas",14,December,2018
s7202,Movie,Travis Scott: Look Mom I Can Fly,United States,TV-MA,85,"Documentaries, Music & Musicals",28,August,2019
s7203,Movie,Tread,United States,TV-MA,88,Documentaries,29,July,2020
s7204,Movie,Treasures from the Wreck of the Unbelievable,United Kingdom,TV-G,82,"Documentaries, Dramas, International Movies",1,January,2018
s7205,TV Show,Tree House Tales,Unknown,TV-Y,1,Kids' TV,31,March,2020
s7206,Movie,Tree Man,Canada,TV-PG,82,Documentaries,1,November,2016
s7207,TV Show,Treehouse Detectives,"South Korea, United States",TV-Y,2,"Kids' TV, TV Thrillers",9,November,2018
s7208,Movie,Tremors,United States,PG-13,96,"Comedies, Cult Movies, Horror Movies",1,January,2020
s7209,Movie,Tremors 2: Aftershocks,Unknown,PG-13,100,"Comedies, Horror Movies, Sci-Fi & Fantasy",1,January,2020
s7210,Movie,Tremors 3: Back to Perfection,United States,PG,104,"Comedies, Horror Movies, Sci-Fi & Fantasy",1,January,2020
s7211,Movie,Tremors 4: The Legend Begins,United States,PG-13,101,"Comedies, Horror Movies, Sci-Fi & Fantasy",1,January,2020
s7212,Movie,Tremors 5:  Bloodline,"South Africa, United States",PG-13,99,"Comedies, Horror Movies, Sci-Fi & Fantasy",1,January,2020
s7213,Movie,Tremors 6: A Cold Day in Hell,"United States, South Africa",PG-13,98,"Action & Adventure, Comedies, Horror Movies",1,May,2018
s7214,Movie,Tremors: Shrieker Island,United States,PG-13,102,"Action & Adventure, Horror Movies",20,October,2020
s7215,Movie,Trespass Against Us,United Kingdom,R,100,Dramas,22,February,2019
s7216,Movie,Trevor Noah: Afraid of the Dark,United States,TV-14,67,Stand-Up Comedy,21,February,2017
s7217,Movie,Trevor Noah: Son of Patricia,United States,TV-MA,64,Stand-Up Comedy,20,November,2018
s7218,TV Show,Triad Princess,Unknown,TV-MA,1,"Crime TV Shows, International TV Shows, Romantic TV Shows",6,December,2019
s7219,TV Show,Trial 4,United States,TV-MA,1,"Crime TV Shows, Docuseries",11,November,2020
s7220,TV Show,Trial By Media,United States,TV-MA,1,"Crime TV Shows, Docuseries",11,May,2020
s7221,Movie,Tribhanga - Tedhi Medhi Crazy,Unknown,TV-MA,96,"Dramas, International Movies",15,January,2021
s7222,TV Show,Trigger Warning with Killer Mike,Unknown,TV-MA,1,"Docuseries, Stand-Up Comedy & Talk Shows",18,January,2019
s7223,Movie,"Trikal (Past, Present, Future)",India,TV-14,134,"Comedies, Dramas, Independent Movies",31,December,2019
s7224,Movie,Trimurti,India,TV-PG,173,"Action & Adventure, Dramas, International Movies",1,March,2018
s7225,TV Show,Trinkets,United States,TV-MA,2,"TV Dramas, Teen TV Shows",25,August,2020
s7226,TV Show,Trio and a Bed,Unknown,TV-PG,1,"International TV Shows, Romantic TV Shows, TV Comedies",27,April,2018
s7227,Movie,Trip to Bhangarh: Asia's Most Haunted Place,India,TV-MA,113,"International Movies, Thrillers",1,November,2017
s7228,Movie,Triple 9,United States,R,115,"Dramas, Thrillers",8,December,2020
s7229,Movie,Triple Frontier,United States,R,126,Action & Adventure,13,March,2019
s7230,Movie,Triple Threat,"Thailand, China, United States",R,96,"Action & Adventure, International Movies",22,June,2019
s7231,Movie,Triumph of the Heart,United States,TV-PG,93,"Dramas, Sports Movies",1,October,2011
s7232,Movie,Trixie Mattel: Moving Parts,United States,TV-MA,91,"Documentaries, Music & Musicals",27,March,2020
s7233,TV Show,Trollhunters,"United States, Mexico",TV-Y7,3,"Kids' TV, TV Action & Adventure, TV Sci-Fi & Fantasy",25,May,2018
s7234,Movie,Trolls Holiday Special,United States,TV-Y7,27,"Children & Family Movies, Comedies, Music & Musicals",6,December,2017
s7235,TV Show,Trolls: The Beat Goes On!,United States,TV-Y7,8,"Kids' TV, TV Comedies",22,November,2019
s7236,Movie,Trophy,"United Kingdom, Namibia, South Africa, Zimbabwe, United States",TV-MA,110,"Documentaries, International Movies",13,February,2018
s7237,TV Show,Trotro,France,TV-Y,1,Kids' TV,1,July,2020
s7238,TV Show,Trotsky,Russia,TV-MA,1,"International TV Shows, TV Dramas",10,December,2018
s7239,TV Show,Troy,"United Kingdom, South Africa, Australia, United States",TV-MA,1,"British TV Shows, International TV Shows, Romantic TV Shows",6,April,2018
s7240,Movie,Troy: The Odyssey,United States,TV-MA,90,Action & Adventure,12,March,2018
s7241,Movie,Truckbhar Swapna,India,TV-14,128,"Comedies, Dramas, International Movies",1,February,2019
s7242,TV Show,True and the Rainbow Kingdom,"United States, Canada",TV-Y,3,Kids' TV,30,August,2019
s7243,Movie,True Grit,United States,G,128,"Classic Movies, Dramas",1,January,2020
s7244,Movie,True Memoirs of an International Assassin,United States,TV-14,98,"Action & Adventure, Comedies",11,November,2016
s7245,Movie,True to the Game,United States,R,108,Dramas,1,March,2018
s7246,TV Show,True Tunes,Unknown,TV-Y,1,Kids' TV,12,July,2019
s7247,Movie,True: Friendship Day,Canada,TV-Y,24,Children & Family Movies,1,September,2020
s7248,Movie,True: Grabbleapple Harvest,Canada,TV-Y,24,Children & Family Movies,1,November,2019
s7249,Movie,True: Happy Hearts Day,"United States, Canada",TV-Y,24,Children & Family Movies,1,February,2019
s7250,TV Show,True: Magical Friends,Unknown,TV-Y,1,Kids' TV,15,June,2018
s7251,Movie,True: Rainbow Rescue,Canada,TV-Y,24,Movies,2,June,2020
s7252,TV Show,True: Terrific Tales,Canada,TV-Y,1,Kids' TV,12,May,2020
s7253,Movie,True: Tricky Treat Day,Canada,TV-Y,24,Children & Family Movies,20,September,2019
s7254,Movie,True: Winter Wishes,Unknown,TV-Y,46,Children & Family Movies,26,November,2019
s7255,TV Show,True: Wonderful Wishes,Unknown,TV-Y,1,Kids' TV,15,June,2018
s7256,Movie,True: Wuzzle Wegg Day,Canada,TV-Y,24,Children & Family Movies,27,March,2020
s7257,Movie,Trumbo,United States,R,124,"Dramas, Independent Movies",19,May,2020
s7258,TV Show,Trump: An American Dream,United Kingdom,TV-14,1,Docuseries,30,March,2018
s7259,Movie,Truth or Dare,United States,TV-MA,88,Horror Movies,3,October,2018
s7260,Movie,Tu Hai Mera Sunday,India,TV-14,125,"Comedies, Independent Movies, International Movies",1,March,2018
s7261,TV Show,Tuca & Bertie,United States,TV-MA,1,TV Comedies,3,May,2019
s7262,Movie,Tucker and Dale vs. Evil,"Canada, United States, India, United Kingdom",R,89,"Comedies, Horror Movies, Independent Movies",29,March,2019
s7263,Movie,Tukaram,India,TV-PG,162,"Dramas, Faith & Spirituality, International Movies",15,February,2018
s7264,Movie,Tum Milo Toh Sahi,India,TV-14,128,"Comedies, Dramas, International Movies",1,July,2018
s7265,Movie,Tumi or not Tumi,Unknown,TV-MA,72,Stand-Up Comedy,1,August,2020
s7266,Movie,TUNA GIRL,Japan,TV-PG,90,"Dramas, International Movies",28,September,2019
s7267,TV Show,Tundukkan Playboy Itu,Unknown,TV-PG,1,"International TV Shows, Romantic TV Shows, TV Comedies",8,January,2018
s7268,Movie,Tune in for Love,South Korea,TV-MA,123,"Dramas, International Movies, Romantic Movies",5,November,2019
s7269,Movie,Tunisian Victory,"United States, United Kingdom",TV-14,76,"Classic Movies, Documentaries",31,March,2017
s7270,TV Show,Tunnel,Unknown,TV-14,1,"Crime TV Shows, International TV Shows, TV Dramas",30,October,2019
s7271,Movie,Turbo,United States,PG,96,"Children & Family Movies, Comedies",12,September,2019
s7272,TV Show,Turbo FAST,United States,TV-Y7,3,Kids' TV,5,February,2016
s7273,Movie,Turkish Dance School,Turkey,TV-MA,107,"Comedies, International Movies, Romantic Movies",2,October,2020
s7274,TV Show,Turn Up Charlie,United Kingdom,TV-MA,1,"British TV Shows, International TV Shows, TV Comedies",15,March,2019
s7275,TV Show,TURN: Washington's Spies,United States,TV-14,4,TV Dramas,1,December,2017
s7276,Movie,Tusk,United States,R,102,Horror Movies,24,July,2018
s7277,TV Show,Twelve Forever,United States,TV-PG,1,Kids' TV,29,July,2019
s7278,Movie,Twice,"Japan, United States",TV-14,53,"Documentaries, International Movies",31,December,2017
s7279,TV Show,Twice Upon A Time,France,TV-MA,1,"International TV Shows, Romantic TV Shows, TV Dramas",19,December,2019
s7280,Movie,Twin Murders: the Silence of the White City,Spain,TV-MA,110,"International Movies, Thrillers",6,March,2020
s7281,TV Show,Twin Peaks,United States,TV-14,2,"Classic & Cult TV, Crime TV Shows, TV Dramas",1,July,2017
s7282,Movie,Twins Mission,"Hong Kong, China",TV-MA,102,"Action & Adventure, International Movies",21,July,2019
s7283,Movie,Twinsanity,United States,TV-MA,86,"Horror Movies, Independent Movies, Thrillers",15,March,2019
s7284,TV Show,Twirlywoos,United Kingdom,TV-Y,2,"British TV Shows, Kids' TV",15,May,2020
s7285,Movie,"Twisted Trunk, Big Fat Body",India,TV-14,89,"Dramas, International Movies",15,January,2017
s7286,Movie,Two Catalonias,Spain,TV-MA,117,"Documentaries, International Movies",28,September,2018
s7287,TV Show,Two Fathers,Taiwan,TV-14,1,"International TV Shows, Romantic TV Shows, TV Comedies",1,August,2016
s7288,Movie,Two Graves,United Kingdom,TV-MA,80,Thrillers,1,May,2019
s7289,Movie,Two Lovers and a Bear,Canada,R,95,"Dramas, Independent Movies, Romantic Movies",2,May,2017
s7290,TV Show,Two Sentence Horror Stories,United States,TV-14,1,"TV Horror, Teen TV Shows",20,September,2019
s7291,TV Show,Twogether,South Korea,TV-G,1,"International TV Shows, Korean TV Shows, Reality TV",26,June,2020
s7292,Movie,Tyke Elephant Outlaw,Australia,TV-14,78,"Documentaries, International Movies",1,December,2015
s7293,TV Show,Typewriter,India,TV-MA,1,"International TV Shows, TV Horror, TV Mysteries",19,July,2019
s7294,Movie,Tyson,"United States, France",R,90,"Documentaries, Sports Movies",1,March,2019
s7295,Movie,U Turn,India,TV-14,121,"International Movies, Thrillers",7,November,2019
s7296,Movie,U-Turn,Philippines,TV-MA,99,"Horror Movies, International Movies",1,December,2020
s7297,Movie,Udaan,India,TV-MA,137,"Dramas, Independent Movies, International Movies",1,October,2018
s7298,Movie,Udta Punjab,India,TV-MA,146,"Dramas, International Movies",1,January,2017
s7299,Movie,Ugly,India,NR,125,"Dramas, International Movies, Thrillers",1,March,2017
s7300,Movie,Ugly Aur Pagli,India,TV-14,115,"Comedies, International Movies, Romantic Movies",15,February,2019
s7301,TV Show,Ugly Delicious,United States,TV-MA,2,Docuseries,6,March,2020
s7302,TV Show,Ugly Duckling,Thailand,TV-14,4,"International TV Shows, Romantic TV Shows, TV Dramas",15,February,2019
s7303,Movie,Ujala,India,TV-14,143,"Dramas, International Movies",15,October,2017
s7304,TV Show,Ultimate Beastmaster,"United States, Brazil, South Korea, Mexico, Japan, Germany",TV-PG,3,Reality TV,31,August,2018
s7305,TV Show,Ultimate Beastmaster México,Unknown,TV-PG,3,"Reality TV, Spanish-Language TV Shows",31,August,2018
s7306,TV Show,Ultraman,"United States, Japan",TV-14,1,"Anime Series, International TV Shows",1,April,2019
s7307,TV Show,Ultramarine Magmell,Japan,TV-14,1,"Anime Series, International TV Shows",10,October,2019
s7308,Movie,Ultras,Italy,TV-MA,109,"Dramas, International Movies, Sports Movies",20,March,2020
s7309,TV Show,Ultraviolet,Poland,TV-MA,2,"Crime TV Shows, International TV Shows, TV Dramas",19,December,2019
s7310,Movie,Uma Maheswara Ugra Roopasya,India,TV-MA,137,"Comedies, Dramas, Independent Movies",30,July,2020
s7311,Movie,Umrika,India,TV-MA,96,"Dramas, Independent Movies, International Movies",1,October,2016
s7312,Movie,Un plus une,France,TV-MA,114,"Comedies, Dramas, International Movies",1,August,2017
s7313,Movie,Una,"United Kingdom, Canada, United States",R,94,"Dramas, International Movies",1,April,2018
s7314,TV Show,Unabomber - In His Own Words,Canada,TV-MA,1,"Crime TV Shows, Docuseries",22,February,2020
s7315,Movie,Unaccompanied Minors,United States,PG,90,"Children & Family Movies, Comedies",1,October,2019
s7316,Movie,Unacknowledged,United States,TV-MA,104,Documentaries,21,August,2017
s7317,TV Show,Unauthorized Living,Spain,TV-MA,2,"Crime TV Shows, International TV Shows, Spanish-Language TV Shows",31,January,2020
s7318,TV Show,Unbelievable,United States,TV-MA,1,"Crime TV Shows, TV Dramas",13,September,2019
s7319,TV Show,Unbreakable Kimmy Schmidt,United States,TV-14,4,TV Comedies,30,May,2018
s7320,Movie,Unbreakable Kimmy Schmidt: Kimmy vs. the Reverend,United States,TV-14,190,Comedies,12,May,2020
s7321,Movie,Unbridled,Spain,TV-MA,100,"International Movies, Thrillers",30,August,2019
s7322,Movie,Unbroken,India,TV-14,109,"Documentaries, International Movies",26,June,2019
s7323,Movie,Uncertain Glory,Spain,TV-MA,116,"Dramas, International Movies",17,July,2017
s7324,TV Show,Unchained Fate,Unknown,TV-14,1,"International TV Shows, TV Dramas, TV Sci-Fi & Fantasy",8,May,2019
s7325,Movie,Unchained: The Untold Story of Freestyle Motocross,United States,TV-MA,92,"Documentaries, Sports Movies",1,October,2016
s7326,Movie,Uncle Naji in UAE,United Arab Emirates,TV-14,95,"Comedies, International Movies",1,September,2019
s7327,Movie,Uncorked,United States,TV-MA,104,"Dramas, Independent Movies",27,March,2020
s7328,Movie,Uncovered,South Africa,TV-MA,98,"Dramas, International Movies",3,March,2020
s7329,Movie,Uncut Gems,United States,R,135,"Dramas, Thrillers",25,May,2020
s7330,Movie,Undefeated,United States,PG-13,113,"Documentaries, Sports Movies",18,August,2017
s7331,Movie,Under an Arctic Sky,United States,TV-14,40,"Action & Adventure, Documentaries, Sports Movies",15,December,2017
s7332,TV Show,Under Arrest,United States,TV-MA,8,"Crime TV Shows, Docuseries, International TV Shows",1,February,2018
s7333,TV Show,Under the Black Moonlight,South Korea,TV-14,1,"International TV Shows, Korean TV Shows, TV Dramas",10,June,2017
s7334,Movie,Under the Bombs,"France, Lebanon, United Kingdom",TV-MA,94,"Dramas, Independent Movies, International Movies",19,October,2020
s7335,Movie,Under the Eiffel Tower,United States,TV-MA,87,"Comedies, Independent Movies, Romantic Movies",23,September,2019
s7336,Movie,Under the Riccione Sun,Italy,TV-MA,102,"Comedies, International Movies, Romantic Movies",1,July,2020
s7337,Movie,Under the Shadow,"United Kingdom, Jordan, Qatar, Iran",PG-13,84,"Horror Movies, International Movies, Thrillers",7,January,2017
s7338,Movie,Under The Skin,"Switzerland, United Kingdom, United States",R,108,"Dramas, Independent Movies, International Movies",15,July,2018
s7339,TV Show,Undercover,"Belgium, Netherlands",TV-MA,2,"Crime TV Shows, International TV Shows, TV Action & Adventure",9,November,2020
s7340,Movie,Undercover Brother 2,United States,R,85,Comedies,5,November,2019
s7341,Movie,Undercover Grandpa,Canada,PG-13,94,"Action & Adventure, Children & Family Movies, Comedies",1,November,2017
s7342,TV Show,Undercover Law,Colombia,TV-MA,1,"Crime TV Shows, International TV Shows, Spanish-Language TV Shows",31,August,2018
s7343,Movie,Undercover: How to Operate Behind Enemy Lines,United States,TV-PG,61,"Classic Movies, Documentaries",31,March,2017
s7344,Movie,Underdogs,"Argentina, Spain",PG,85,"Children & Family Movies, Sports Movies",15,June,2020
s7345,Movie,Unexpectedly Yours,Philippines,TV-14,121,"Comedies, International Movies, Romantic Movies",26,November,2020
s7346,Movie,Unfinished Song,"United Kingdom, Germany",PG-13,94,"Comedies, Dramas, Independent Movies",22,July,2019
s7347,Movie,Unfriended,"United States, Russia",R,83,"Horror Movies, Thrillers",16,October,2020
s7348,Movie,Ungli,India,TV-14,114,"Comedies, Dramas, International Movies",1,April,2020
s7349,Movie,Unicorn Store,United States,TV-14,92,"Comedies, Dramas, Independent Movies",5,April,2019
s7350,Movie,Union Leader,"Canada, India",TV-14,105,"Dramas, Independent Movies, International Movies",31,December,2019
s7351,TV Show,Unit 42,Belgium,TV-MA,1,"Crime TV Shows, International TV Shows, TV Dramas",15,June,2019
s7352,Movie,Unknown,"United Kingdom, Germany, France, United States",PG-13,113,"Action & Adventure, Thrillers",1,January,2021
s7353,Movie,Unknown Origins,Spain,TV-MA,97,"International Movies, Thrillers",28,August,2020
s7354,TV Show,Unlucky Ploy,Unknown,TV-MA,1,"International TV Shows, Romantic TV Shows, TV Comedies",30,July,2020
s7355,TV Show,Unnatural Selection,United States,TV-MA,1,"Docuseries, Science & Nature TV",18,October,2019
s7356,TV Show,Unorthodox,Germany,TV-MA,1,"International TV Shows, TV Dramas",26,March,2020
s7357,TV Show,Unrequited Love,China,TV-14,1,"International TV Shows, Romantic TV Shows, TV Dramas",17,July,2019
s7358,Movie,Unrest,"United Kingdom, United States",TV-14,97,Documentaries,15,January,2018
s7359,TV Show,Unriddle,Singapore,TV-14,2,"Crime TV Shows, International TV Shows, TV Dramas",1,July,2017
s7360,Movie,Unruly Friends,Egypt,TV-14,83,"International Movies, Thrillers",20,June,2019
s7361,TV Show,Unsolved,United States,TV-MA,1,"Crime TV Shows, TV Dramas",27,February,2019
s7362,TV Show,Unsolved Mysteries,Unknown,TV-MA,2,"Crime TV Shows, Docuseries",19,October,2020
s7363,Movie,Unspeakable Acts,United States,TV-14,95,Dramas,1,October,2011
s7364,TV Show,Unstoppable,Mexico,TV-MA,1,"International TV Shows, Spanish-Language TV Shows, TV Dramas",28,February,2020
s7365,Movie,Untamed Romania,"Romania, United Kingdom",TV-PG,93,"Children & Family Movies, Documentaries, International Movies",20,February,2020
s7366,TV Show,Until Dawn,France,TV-MA,1,"International TV Shows, Reality TV, TV Comedies",10,January,2020
s7367,Movie,Up Among  The Stars,Spain,TV-MA,86,"Dramas, International Movies, Sci-Fi & Fantasy",29,January,2019
s7368,Movie,Up in the Air,United States,R,110,"Comedies, Dramas, Romantic Movies",1,January,2020
s7369,Movie,Up North,Nigeria,TV-14,99,"Dramas, International Movies",18,October,2019
s7370,TV Show,Upin & Ipin,Malaysia,TV-Y,1,Kids' TV,10,June,2019
s7371,Movie,Uppity: The Willy T. Ribbs Story,United States,TV-MA,106,"Documentaries, Sports Movies",5,February,2020
s7372,Movie,Upstarts,India,TV-14,112,"Comedies, Dramas, International Movies",18,October,2019
s7373,Movie,Uriyadi 2,India,TV-14,116,"Dramas, International Movies",2,August,2019
s7374,Movie,Urvi,India,TV-MA,121,"Dramas, Independent Movies, International Movies",15,January,2018
s7375,Movie,Urzila Carlson: Overqualified Loser,Australia,TV-MA,62,Stand-Up Comedy,14,July,2020
s7376,Movie,Us and Them,China,TV-MA,119,"Dramas, International Movies, Romantic Movies",22,June,2018
s7377,Movie,Used Goods,Egypt,TV-14,95,"Action & Adventure, Comedies, International Movies",1,September,2019
s7378,Movie,USS Indianapolis: Men of Courage,United States,R,130,Action & Adventure,25,September,2019
s7379,Movie,Uyare,India,TV-14,119,"Dramas, International Movies",14,August,2019
s7380,Movie,V for Vendetta,"United States, United Kingdom, Germany",R,132,"Action & Adventure, Dramas, Sci-Fi & Fantasy",1,October,2018
s7381,TV Show,V Wars,United States,TV-MA,1,"TV Action & Adventure, TV Dramas, TV Horror",5,December,2019
s7382,TV Show,V.R. Troopers,United States,TV-G,2,Kids' TV,1,January,2016
s7383,TV Show,Vagabond,South Korea,TV-MA,1,"International TV Shows, Korean TV Shows, TV Action & Adventure",21,September,2019
s7384,TV Show,Vai Anitta,Brazil,TV-MA,1,"Docuseries, International TV Shows, Reality TV",16,November,2018
s7385,TV Show,Valentino,Egypt,TV-14,1,"International TV Shows, TV Comedies, TV Dramas",24,November,2020
s7386,TV Show,Valeria,Spain,TV-MA,1,"International TV Shows, Romantic TV Shows, Spanish-Language TV Shows",8,May,2020
s7387,TV Show,Valor,United States,TV-14,1,"TV Action & Adventure, TV Dramas",6,February,2018
s7388,TV Show,Vampire Knight,Japan,TV-14,2,"Anime Series, International TV Shows, Romantic TV Shows",15,October,2016
s7389,TV Show,Vampires,France,TV-MA,1,"International TV Shows, TV Dramas, TV Horror",20,March,2020
s7390,Movie,Vampires vs. the Bronx,United States,PG-13,86,"Comedies, Horror Movies",2,October,2020
s7391,TV Show,Van Helsing,United States,TV-MA,4,"International TV Shows, TV Action & Adventure, TV Dramas",27,September,2020
s7392,Movie,Vanjagar Ulagam,India,TV-MA,145,"Dramas, International Movies, Thrillers",15,December,2018
s7393,Movie,Vantage Point,United States,PG-13,90,Action & Adventure,1,November,2019
s7394,Movie,Varane Avashyamund,India,TV-14,144,"Comedies, Dramas, International Movies",20,April,2020
s7395,Movie,Vaya,South Africa,TV-MA,106,"Dramas, Independent Movies, International Movies",1,November,2018
s7396,Movie,Veerappan,India,TV-14,117,"Action & Adventure, Dramas, International Movies",15,October,2017
s7397,Movie,Veerey Ki Wedding,India,TV-14,130,"Comedies, Dramas, International Movies",31,December,2019
s7398,Movie,Vegas Baby,United States,TV-14,78,Documentaries,4,July,2017
s7399,TV Show,VeggieTales in the City,United States,TV-Y,2,Kids' TV,15,September,2017
s7400,TV Show,VeggieTales in the House,United States,TV-Y,4,Kids' TV,23,September,2016
s7401,TV Show,Velvet,Spain,TV-14,4,"International TV Shows, Romantic TV Shows, Spanish-Language TV Shows",4,March,2020
s7402,Movie,Velvet Buzzsaw,United States,R,113,"Dramas, Thrillers",1,February,2019
s7403,TV Show,Velvet Colección,Spain,TV-14,2,"International TV Shows, Romantic TV Shows, Spanish-Language TV Shows",14,February,2019
s7404,Movie,Velvet Colección: Grand Finale,Unknown,TV-14,82,"Dramas, International Movies, Romantic Movies",1,March,2020
s7405,Movie,Verónica,Mexico,TV-MA,81,"Dramas, Independent Movies, International Movies",1,October,2017
s7406,Movie,Veronica,Spain,TV-MA,105,"Horror Movies, International Movies, Thrillers",25,February,2018
s7407,TV Show,Versailles,"France, Canada",TV-MA,3,"International TV Shows, TV Dramas",29,March,2019
s7408,Movie,Verses of Love,Indonesia,TV-PG,126,"Dramas, International Movies, Romantic Movies",27,March,2019
s7409,Movie,Verses of Love 2,Indonesia,TV-14,127,"Dramas, Faith & Spirituality, International Movies",18,October,2019
s7410,Movie,Very Big Shot,"Lebanon, Qatar",TV-MA,109,"Comedies, Dramas, International Movies",12,January,2017
s7411,Movie,Vettai,India,TV-14,156,"Action & Adventure, International Movies, Music & Musicals",1,October,2018
s7412,TV Show,Vexed,United Kingdom,TV-MA,2,"British TV Shows, Crime TV Shows, International TV Shows",1,August,2017
s7413,Movie,Viceroy's House,"United Kingdom, India, Sweden",NR,106,Dramas,12,December,2017
s7414,TV Show,Victim Number 8,Spain,TV-MA,1,"International TV Shows, Spanish-Language TV Shows, TV Action & Adventure",16,August,2019
s7415,Movie,Victim of Beauty,United States,TV-14,93,"Dramas, Thrillers",1,October,2011
s7416,Movie,Victor,United States,PG-13,110,Dramas,24,July,2017
s7417,TV Show,Victorious,United States,TV-G,3,"Kids' TV, TV Comedies",2,November,2019
s7418,TV Show,Vientos de agua,"Argentina, Spain",TV-MA,1,"International TV Shows, Spanish-Language TV Shows, TV Dramas",1,November,2019
s7419,Movie,Viking Destiny,"United Kingdom, Belgium",R,91,"Action & Adventure, Sci-Fi & Fantasy",2,February,2019
s7420,Movie,Vikings Unearthed,United States,TV-PG,113,Documentaries,1,March,2017
s7421,Movie,Villain,United Kingdom,R,97,Dramas,5,September,2020
s7422,Movie,Vince and Kath and James,Philippines,TV-PG,115,"International Movies, Romantic Movies",21,March,2019
s7423,Movie,Vincent N Roxxy,United States,R,101,"Dramas, Thrillers",2,September,2017
s7424,TV Show,Violet Evergarden,Japan,TV-14,1,"Anime Series, International TV Shows, Romantic TV Shows",5,February,2019
s7425,Movie,Violet Evergarden: Eternity and the Auto Memory Doll,Japan,TV-PG,91,"Anime Features, International Movies, Sci-Fi & Fantasy",2,April,2020
s7426,TV Show,Violet Evergarden: Special,Unknown,TV-PG,1,"Anime Series, International TV Shows, Romantic TV Shows",4,October,2018
s7427,Movie,Vir Das: Abroad Understanding,United States,TV-MA,66,Stand-Up Comedy,25,April,2017
s7428,Movie,Vir Das: For India,India,TV-MA,76,Stand-Up Comedy,26,January,2020
s7429,Movie,Vir Das: Losing It,United States,TV-MA,68,Stand-Up Comedy,11,December,2018
s7430,Movie,Vir Das: Outside In - The Lockdown Special,India,TV-MA,50,Stand-Up Comedy,16,December,2020
s7431,TV Show,ViR: The Robot Boy,Unknown,TV-Y7,2,Kids' TV,31,March,2018
s7432,TV Show,Virgin River,United States,TV-14,2,"Romantic TV Shows, TV Dramas",27,November,2020
s7433,Movie,Virsa,"India, Pakistan",TV-14,127,"Dramas, International Movies, Music & Musicals",30,January,2019
s7434,Movie,Virunga,"United Kingdom,",TV-MA,100,"Documentaries, International Movies",7,November,2014
s7435,Movie,Virunga: Gorillas in Peril,United States,TV-14,29,Documentaries,13,February,2015
s7436,Movie,Viswasapoorvam Mansoor,India,TV-14,125,"Dramas, International Movies",1,July,2018
s7437,Movie,Vitti Dandu,India,TV-14,116,"Dramas, International Movies",15,July,2017
s7438,Movie,Vivah,India,TV-14,166,"Dramas, International Movies, Romantic Movies",25,June,2020
s7439,Movie,Vizontele,Turkey,NR,106,"Comedies, Dramas, International Movies",10,March,2017
s7440,Movie,Vizontele Tuuba,Turkey,NR,106,"Comedies, Dramas, International Movies",10,March,2017
s7441,Movie,Vodka Diaries,India,TV-14,113,"Dramas, International Movies, Thrillers",31,December,2019
s7442,TV Show,Voice,South Korea,TV-14,2,"Crime TV Shows, International TV Shows, Korean TV Shows",1,November,2020
s7443,TV Show,Voices of Fire,United States,TV-PG,1,"Docuseries, Reality TV",20,November,2020
s7444,TV Show,Voltron: Legendary Defender,United States,TV-Y7,8,Kids' TV,14,December,2018
s7445,Movie,Voulez-vous rire avec moi ce soir?,France,TV-MA,93,"Documentaries, International Movies",1,March,2020
s7446,Movie,Voyeur,United States,TV-MA,96,Documentaries,1,December,2017
s7447,TV Show,Vroomiz,South Korea,TV-Y,3,"Kids' TV, Korean TV Shows",1,August,2017
s7448,Movie,VS.,United Kingdom,TV-MA,99,Dramas,19,June,2019
s7449,Movie,W. Kamau Bell: Private School Negro,United States,TV-MA,66,Stand-Up Comedy,26,June,2018
s7450,Movie,W.E.,United Kingdom,R,119,"Dramas, Romantic Movies",3,March,2020
s7451,TV Show,W/ Bob & David,United States,TV-MA,1,TV Comedies,13,November,2015
s7452,Movie,W/O Ram,India,TV-MA,115,"Dramas, International Movies, Thrillers",26,October,2018
s7453,TV Show,W1A,United Kingdom,TV-MA,3,"British TV Shows, TV Comedies",24,October,2017
s7454,Movie,Waar,Pakistan,TV-MA,130,"Action & Adventure, International Movies",1,July,2017
s7455,Movie,Waarrior Savitri,India,TV-14,120,"Action & Adventure, International Movies, Sci-Fi & Fantasy",1,November,2017
s7456,TV Show,Wadi,Unknown,TV-14,1,"International TV Shows, TV Dramas",29,December,2017
s7457,Movie,Wadjda,"Saudi Arabia, Netherlands, Germany, Jordan, United Arab Emirates, United States",PG,93,"Dramas, International Movies, Sports Movies",19,May,2020
s7458,TV Show,"Wait, My Youth",China,TV-PG,1,"International TV Shows, Romantic TV Shows, Teen TV Shows",27,October,2019
s7459,Movie,Waiting,India,TV-MA,94,"Dramas, International Movies",1,May,2018
s7460,Movie,"Waiting for ""Superman""",United States,PG,111,Documentaries,7,September,2020
s7461,Movie,Waiting...,United States,R,94,"Comedies, Independent Movies",23,September,2020
s7462,TV Show,Wake Up,Unknown,TV-14,2,"International TV Shows, TV Dramas",31,March,2018
s7463,Movie,Wake Up Sid,India,TV-14,132,"Comedies, International Movies, Romantic Movies",1,October,2018
s7464,Movie,Wakefield,United States,R,109,Dramas,2,March,2019
s7465,TV Show,Wakfu,France,TV-PG,3,Kids' TV,6,April,2018
s7466,TV Show,Wakfu: The Quest for the Six Eliatrope Dofus,Unknown,TV-PG,1,Kids' TV,1,October,2015
s7467,Movie,Walk Away from Love,United States,TV-14,81,"Dramas, Romantic Movies",6,October,2020
s7468,Movie,Walk with Me,United Kingdom,TV-PG,94,Documentaries,26,December,2017
s7469,Movie,Walk. Ride. Rodeo.,United States,TV-PG,100,"Children & Family Movies, Dramas",8,March,2019
s7470,Movie,Walking Out,United States,PG-13,96,"Dramas, Independent Movies, Thrillers",1,October,2019
s7471,Movie,Walt Disney Animation Studios Short Films Collection,United States,TV-Y,90,Children & Family Movies,25,October,2015
s7472,Movie,Wanda Sykes: Not Normal,United States,TV-MA,66,Stand-Up Comedy,21,May,2019
s7473,Movie,Wandering Stars,France,TV-MA,95,"Documentaries, International Movies, Music & Musicals",1,December,2019
s7474,TV Show,Wanderlust,United Kingdom,TV-MA,1,"British TV Shows, International TV Shows, Romantic TV Shows",19,October,2018
s7475,TV Show,Wanted,Australia,TV-14,3,"Crime TV Shows, International TV Shows, TV Dramas",13,December,2018
s7476,Movie,War,"United States, Canada",R,103,Action & Adventure,1,April,2019
s7477,Movie,War Against Women,"United States, Spain",TV-MA,61,"Documentaries, International Movies",1,July,2019
s7478,Movie,War Chhod Na Yaar,India,TV-14,109,"Comedies, Dramas, International Movies",2,March,2019
s7479,Movie,War Horse,"United States, India",PG-13,147,Dramas,6,May,2019
s7480,Movie,War Machine,United States,TV-MA,123,"Comedies, Dramas",26,May,2017
s7481,Movie,War on Everyone,United Kingdom,R,98,"Action & Adventure, Comedies",3,December,2019
s7482,Movie,Warda,Egypt,TV-14,73,"Horror Movies, Independent Movies, International Movies",18,April,2019
s7483,Movie,Warehoused,Mexico,TV-14,92,"Comedies, Dramas, International Movies",1,November,2017
s7484,TV Show,Warrior,Denmark,TV-MA,1,"Crime TV Shows, International TV Shows, TV Dramas",13,November,2018
s7485,TV Show,Warrior Nun,United States,TV-MA,1,"TV Action & Adventure, TV Mysteries, TV Sci-Fi & Fantasy",2,July,2020
s7486,TV Show,Wartime Portraits,Poland,TV-MA,1,"Docuseries, International TV Shows",15,September,2016
s7487,TV Show,Was It Love?,South Korea,TV-14,1,"International TV Shows, Korean TV Shows, Romantic TV Shows",9,July,2020
s7488,Movie,Wasp Network,"France, Brazil, Spain, Belgium",TV-MA,128,"Dramas, International Movies, Thrillers",19,June,2020
s7489,TV Show,Wassup Man GO!,Unknown,TV-MA,1,"International TV Shows, Korean TV Shows, Reality TV",27,March,2020
s7490,Movie,Watchman,India,TV-14,93,"Comedies, Dramas, International Movies",4,September,2019
s7491,Movie,Water & Power: A California Heist,United States,PG,78,Documentaries,1,February,2018
s7492,Movie,Waterschool,"United States, Brazil, India, Uganda, China",TV-G,68,Documentaries,25,July,2018
s7493,TV Show,Watership Down,"United Kingdom, Ireland, United States",TV-PG,1,"British TV Shows, International TV Shows, TV Action & Adventure",23,December,2018
s7494,TV Show,Way Back into Love,Taiwan,TV-14,1,"International TV Shows, Romantic TV Shows, TV Comedies",24,December,2018
s7495,Movie,Wazir,India,TV-MA,98,"Dramas, International Movies, Thrillers",1,August,2019
s7496,Movie,We Are All For The Fatherland,"Lebanon, Canada, France",TV-14,74,"Documentaries, International Movies",11,November,2020
s7497,Movie,We Are Family,"India, Australia",TV-14,119,"Dramas, International Movies",1,October,2018
s7498,Movie,We Are Legends,Hong Kong,TV-14,109,"Action & Adventure, International Movies, Sports Movies",1,June,2019
s7499,Movie,We Are One,France,TV-MA,86,"Documentaries, International Movies, Music & Musicals",14,July,2020
s7500,TV Show,We Are the Champions,United States,TV-MA,1,"Docuseries, Reality TV",17,November,2020
s7501,TV Show,We Are the Wave,Germany,TV-MA,1,"International TV Shows, TV Dramas, TV Mysteries",1,November,2019
s7502,Movie,We Are Young. We Are Strong.,Germany,TV-MA,123,"Dramas, International Movies",15,January,2017
s7503,Movie,We Are Your Friends,"United Kingdom, France, United States",R,96,"Dramas, Independent Movies, Music & Musicals",27,January,2020
s7504,TV Show,We Bare Bears,United States,TV-Y,2,"Kids' TV, TV Comedies",12,February,2020
s7505,Movie,We Belong Together,United States,TV-14,83,Thrillers,16,July,2019
s7506,Movie,We Can Be Heroes,United States,PG,101,"Children & Family Movies, Comedies",25,December,2020
s7507,Movie,We Have Always Lived in the Castle,United States,TV-14,95,"Dramas, Thrillers",1,October,2020
s7508,Movie,We Need to Talk,Spain,TV-MA,91,"Comedies, International Movies, Romantic Movies",1,September,2016
s7509,TV Show,We Speak Dance,United States,TV-MA,1,Docuseries,17,March,2020
s7510,Movie,We Summon the Darkness,"United States, Canada, United Kingdom",R,90,"Horror Movies, Thrillers",8,August,2020
s7511,Movie,We the Animals,United States,R,93,"Dramas, Independent Movies",11,February,2019
s7512,Movie,"We, the Marines",United States,TV-PG,38,"Documentaries, International Movies",1,July,2018
s7513,Movie,We'll Be Right Back After The Break,Egypt,TV-14,106,"Action & Adventure, Comedies, International Movies",28,April,2020
s7514,TV Show,We're Lalaloopsy,United States,TV-Y,1,"Kids' TV, TV Comedies",10,January,2017
s7515,Movie,We're No Animals,"United States, Argentina",TV-MA,94,"Comedies, Dramas, Independent Movies",15,August,2017
s7516,Movie,Weapon of Choice,"Austria, Iraq, United States",TV-MA,89,"Documentaries, International Movies",2,March,2019
s7517,Movie,Weather forecast,Poland,TV-MA,91,"Dramas, International Movies",1,October,2019
s7518,Movie,Wedding Unplanned,France,TV-MA,94,"Comedies, International Movies, Romantic Movies",19,October,2017
s7519,Movie,Wedy Atkalam,Kuwait,TV-PG,72,"Comedies, Dramas, International Movies",14,May,2020
s7520,Movie,Weed the People,United States,TV-MA,94,Documentaries,14,May,2019
s7521,TV Show,Weeds,United States,TV-MA,8,"TV Comedies, TV Dramas",1,April,2014
s7522,Movie,Weeds on Fire,Hong Kong,TV-MA,95,"Dramas, Independent Movies, International Movies",27,September,2018
s7523,TV Show,Weird Wonders of the World,United Kingdom,TV-PG,2,"British TV Shows, Docuseries, Science & Nature TV",31,March,2017
s7524,Movie,Welcome,India,TV-PG,149,"Comedies, International Movies, Music & Musicals",28,September,2020
s7525,Movie,Welcome 2 Karachi,India,TV-MA,124,"Comedies, International Movies",1,March,2018
s7526,Movie,Welcome Mr. President,Italy,TV-MA,99,"Comedies, International Movies",1,October,2016
s7527,Movie,Welcome to Monster High: The Origin Story,United States,TV-Y7,73,Children & Family Movies,1,October,2017
s7528,Movie,Welcome to New York,"United States, France",R,108,"Dramas, Independent Movies",23,March,2017
s7529,Movie,Welcome to Sajjanpur,India,TV-14,131,"Comedies, Dramas, International Movies",1,November,2018
s7530,Movie,Welcome to Sudden Death,United States,R,80,Action & Adventure,29,September,2020
s7531,TV Show,Welcome to the Family,Spain,TV-MA,1,"International TV Shows, TV Comedies, TV Dramas",27,July,2018
s7532,Movie,Welcome to Willits,United States,TV-MA,84,"Comedies, Horror Movies, Independent Movies",6,February,2018
s7533,Movie,Well Done Abba,India,TV-14,135,"Comedies, International Movies",19,November,2020
s7534,TV Show,Well-Intended Love,China,TV-14,2,"International TV Shows, Romantic TV Shows, TV Comedies",1,April,2020
s7535,TV Show,Wentworth,Australia,TV-MA,8,"Crime TV Shows, TV Dramas",30,September,2020
s7536,Movie,West Beirut,"France, Norway, Lebanon, Belgium",TV-MA,106,"Dramas, International Movies",19,October,2020
s7537,Movie,West Coast,France,TV-MA,81,"Comedies, Dramas, International Movies",28,October,2016
s7538,TV Show,West Coast Customs,United States,TV-G,6,"Docuseries, Reality TV",15,October,2017
s7539,Movie,Westerplatte Resists,Poland,TV-MA,93,"Classic Movies, Dramas, International Movies",1,October,2019
s7540,TV Show,Westside,United States,TV-MA,1,Reality TV,9,November,2018
s7541,TV Show,Westside Story,Unknown,TV-14,1,"International TV Shows, Romantic TV Shows, TV Action & Adventure",15,November,2019
s7542,Movie,Westside vs. the World,Unknown,TV-MA,96,"Documentaries, Sports Movies",9,August,2019
s7543,TV Show,Wet Hot American Summer,United States,TV-MA,1,TV Comedies,31,July,2015
s7544,TV Show,Wet Hot American Summer: Ten Years Later,United States,TV-MA,1,TV Comedies,4,August,2017
s7545,TV Show,WHAT / IF,United States,TV-MA,1,"TV Dramas, TV Thrillers",24,May,2019
s7546,Movie,What a Girl Wants,"United States, United Kingdom",PG,105,"Children & Family Movies, Comedies",1,May,2020
s7547,Movie,What a Wonderful Family!,China,TV-14,102,"Comedies, Dramas, International Movies",1,July,2018
s7548,Movie,What Are the Odds?,India,TV-MA,92,"Comedies, Dramas, Independent Movies",20,May,2020
s7549,Movie,What Did I Mess,Lebanon,TV-14,98,"Comedies, International Movies, Romantic Movies",19,October,2020
s7550,Movie,WHAT DID JACK DO?,United States,TV-14,17,"Dramas, Independent Movies",20,January,2020
s7551,Movie,What Happened to Monday,"United Kingdom, France, United States, Belgium",TV-MA,124,"Action & Adventure, Sci-Fi & Fantasy",18,August,2017
s7552,Movie,What Happened to Mr. Cha?,South Korea,TV-MA,102,"Comedies, International Movies",1,January,2021
s7553,Movie,"What Happened, Miss Simone?",United States,TV-14,103,"Documentaries, Music & Musicals",26,June,2015
s7554,TV Show,What Happens to My Family,Turkey,TV-14,1,"International TV Shows, TV Comedies, TV Dramas",5,May,2017
s7555,TV Show,What If?,Unknown,TV-14,1,"International TV Shows, TV Dramas",7,May,2019
s7556,TV Show,What in the World Happened?,South Korea,TV-14,1,"International TV Shows, Korean TV Shows, Romantic TV Shows",28,April,2017
s7557,TV Show,What Is Love?,Taiwan,TV-14,1,"International TV Shows, Romantic TV Shows, TV Comedies",1,January,2017
s7558,Movie,What Keeps You Alive,Canada,R,99,"LGBTQ Movies, Thrillers",1,August,2020
s7559,Movie,What Lies Beneath,United States,PG-13,130,"Horror Movies, Thrillers",1,January,2020
s7560,Movie,What Makes a Psychopath?,United Kingdom,TV-14,52,Documentaries,1,February,2019
s7561,TV Show,What She Put on the Table,Taiwan,TV-14,1,"International TV Shows, TV Dramas",1,October,2017
s7562,Movie,What Still Remains,United States,TV-14,91,"Dramas, Thrillers",21,December,2018
s7563,Movie,What the F* Is Going On?,Spain,TV-MA,87,"Documentaries, International Movies",25,November,2019
s7564,Movie,What the Fish,India,TV-14,96,"Comedies, International Movies",5,July,2020
s7565,Movie,What the Health,United States,TV-PG,92,Documentaries,16,June,2017
s7566,Movie,What the Jatt!!,India,TV-PG,140,"Comedies, International Movies, Romantic Movies",1,October,2018
s7567,TV Show,What the Love! with Karan Johar,United States,TV-14,1,"International TV Shows, Reality TV, Romantic TV Shows",30,January,2020
s7568,Movie,What We Started,United States,TV-MA,96,"Documentaries, Music & Musicals",1,July,2018
s7569,Movie,What We Wanted,Austria,TV-MA,93,"Dramas, International Movies",11,November,2020
s7570,Movie,What Would Sophia Loren Do?,United States,TV-14,32,Documentaries,15,January,2021
s7571,Movie,What's Eating Gilbert Grape,United States,PG-13,118,"Classic Movies, Dramas, Independent Movies",1,January,2021
s7572,TV Show,What's New Scooby-Doo?,United States,TV-Y7,3,"Kids' TV, TV Comedies",15,December,2019
s7573,Movie,What's Up With Love?,Indonesia,R,110,"Dramas, International Movies, Romantic Movies",8,December,2018
s7574,Movie,What's Up?,"Saudi Arabia, United Arab Emirates",TV-PG,95,"Comedies, Dramas, International Movies",2,June,2020
s7575,Movie,What's Your Raashee?,India,TV-PG,203,"Comedies, International Movies, Music & Musicals",15,August,2020
s7576,Movie,Wheelman,United States,TV-MA,82,Action & Adventure,20,October,2017
s7577,Movie,Wheels of Fortune,United States,R,107,"Comedies, Sports Movies",1,November,2020
s7578,Movie,When Angels Sleep,Spain,TV-MA,96,"Dramas, International Movies, Thrillers",28,December,2018
s7579,TV Show,When Calls the Heart,United States,TV-PG,5,TV Dramas,29,December,2018
s7580,Movie,When Hari Got Married,"United Kingdom, India, United States",NR,75,"Documentaries, International Movies",25,December,2016
s7581,TV Show,When Heroes Fly,Israel,TV-MA,1,"International TV Shows, TV Action & Adventure, TV Dramas",10,January,2019
s7582,TV Show,When I See You Again,Taiwan,TV-14,1,"International TV Shows, Romantic TV Shows, TV Comedies",1,October,2016
s7583,Movie,When Love Happens,Nigeria,TV-14,109,"International Movies, Romantic Movies",26,February,2020
s7584,TV Show,When the Camellia Blooms,South Korea,TV-14,1,"International TV Shows, Korean TV Shows, Romantic TV Shows",18,September,2019
s7585,TV Show,When They See Us,United States,TV-MA,1,"Crime TV Shows, TV Dramas",31,May,2019
s7586,Movie,When Two Worlds Collide,"Peru, United States, United Kingdom",TV-14,103,"Documentaries, International Movies",30,November,2016
s7587,Movie,When We First Met,United States,TV-14,97,"Comedies, Romantic Movies",9,February,2018
s7588,Movie,Where the Money Is,"Germany, United States, United Kingdom, Canada",PG-13,89,"Action & Adventure, Comedies, Dramas",15,January,2020
s7589,Movie,Where's the Money,United States,R,86,Comedies,22,January,2018
s7590,Movie,While We're Young,United States,R,97,"Comedies, Dramas, Independent Movies",23,October,2017
s7591,Movie,Whindersson Nunes: Adult,Brazil,TV-MA,69,Stand-Up Comedy,15,August,2019
s7592,Movie,Whipped,Indonesia,TV-14,98,"Comedies, International Movies, Romantic Movies",18,September,2020
s7593,Movie,Whisky,"Uruguay, Argentina, Germany, Spain",TV-MA,98,"Comedies, Dramas, International Movies",22,January,2020
s7594,Movie,Whispers,"Lebanon, Canada, France",TV-14,93,"Documentaries, International Movies",19,October,2020
s7595,Movie,White Chamber,United Kingdom,TV-MA,89,"Sci-Fi & Fantasy, Thrillers",1,August,2019
s7596,Movie,White Christmas,United States,TV-G,120,"Children & Family Movies, Classic Movies, Comedies",15,November,2020
s7597,Movie,White Fang,"France, Luxembourg, United States",TV-PG,88,"Children & Family Movies, Dramas",6,July,2018
s7598,Movie,White Girl,United States,TV-MA,90,"Dramas, Independent Movies",2,December,2016
s7599,TV Show,White Gold,United Kingdom,TV-MA,2,"British TV Shows, International TV Shows, TV Comedies",17,May,2019
s7600,Movie,White Island,United Kingdom,TV-MA,91,"Comedies, Independent Movies, Thrillers",25,September,2017
s7601,TV Show,White Lines,"United Kingdom, Spain",TV-MA,1,"British TV Shows, Crime TV Shows, International TV Shows",15,May,2020
s7602,TV Show,White Nights,South Korea,TV-14,1,"International TV Shows, Korean TV Shows, TV Dramas",14,February,2017
s7603,TV Show,White Rabbit Project,United States,TV-14,1,"Docuseries, International TV Shows, Reality TV",9,December,2016
s7604,Movie,Whitney Cummings: Can I Touch It?,Unknown,TV-MA,59,Stand-Up Comedy,30,July,2019
s7605,Movie,Whitney Cummings: Money Shot,United States,TV-MA,48,Stand-Up Comedy,1,January,2019
s7606,TV Show,Who Killed Little Gregory?,France,TV-MA,1,"Crime TV Shows, Docuseries, International TV Shows",20,November,2019
s7607,TV Show,Who Killed Malcolm X?,United States,TV-MA,1,"Crime TV Shows, Docuseries",7,February,2020
s7608,Movie,Who the F**k Is That Guy?,United States,TV-MA,78,"Documentaries, LGBTQ Movies, Music & Musicals",1,September,2017
s7609,Movie,Who Would You Take to a Deserted Island?,Spain,TV-MA,94,"Dramas, International Movies",13,April,2019
s7610,Movie,Who's That Knocking at My Door?,United States,R,90,"Classic Movies, Dramas, Independent Movies",1,July,2019
s7611,TV Show,Who's the One,Taiwan,TV-14,1,"International TV Shows, Romantic TV Shows, TV Comedies",1,January,2017
s7612,Movie,Whose Streets?,United States,R,102,Documentaries,16,November,2020
s7613,TV Show,"Whose Vote Counts, Explained",United States,TV-PG,1,Docuseries,28,September,2020
s7614,Movie,Why Are We Getting So Fat?,United Kingdom,TV-14,50,Documentaries,1,February,2019
s7615,Movie,Why Knot,"Canada, India, Thailand, United States, United Arab Emirates",TV-MA,84,Documentaries,15,October,2017
s7616,Movie,Why Me?,"Romania, Bulgaria, Hungary",TV-MA,126,"Dramas, International Movies, Thrillers",1,December,2019
s7617,Movie,Why We Fight: The Battle of Russia,United States,TV-PG,82,Documentaries,31,March,2017
s7618,TV Show,Wild Alaska,United Kingdom,TV-PG,1,"British TV Shows, Docuseries, Science & Nature TV",31,March,2017
s7619,TV Show,Wild Arabia,United Kingdom,TV-PG,1,"British TV Shows, Docuseries, Science & Nature TV",31,March,2017
s7620,Movie,Wild Child,"United States, United Kingdom, France",PG-13,98,"Comedies, Romantic Movies",1,November,2019
s7621,TV Show,Wild District,Colombia,TV-MA,2,"Crime TV Shows, International TV Shows, Spanish-Language TV Shows",8,November,2019
s7622,Movie,Wild Oats,"Germany, United States",PG-13,86,Comedies,13,May,2017
s7623,TV Show,Wild Wild Country,United States,TV-MA,1,"Crime TV Shows, Docuseries",16,March,2018
s7624,Movie,Wild Wild West,United States,PG-13,106,"Action & Adventure, Comedies, Sci-Fi & Fantasy",1,January,2020
s7625,Movie,Wildlife,United States,PG-13,105,"Dramas, Independent Movies",1,September,2020
s7626,Movie,Wildling,United States,R,93,"Horror Movies, Independent Movies, Sci-Fi & Fantasy",1,April,2020
s7627,Movie,Williams,United Kingdom,TV-MA,105,"Documentaries, International Movies, Sports Movies",4,November,2017
s7628,Movie,Willy and the Guardians of the Lake: Tales from the Lakeside Winter Adventure,Hungary,TV-Y,72,Children & Family Movies,27,March,2020
s7629,Movie,Willy Wonka & the Chocolate Factory,"United States, East Germany, West Germany",G,100,"Children & Family Movies, Classic Movies, Comedies",1,January,2020
s7630,Movie,Win It All,United States,TV-MA,89,"Comedies, Independent Movies, Romantic Movies",7,April,2017
s7631,TV Show,Win the Wilderness,United Kingdom,TV-14,1,"British TV Shows, International TV Shows, Reality TV",22,April,2020
s7632,Movie,Winchester,"Australia, United States",PG-13,100,"Horror Movies, Sci-Fi & Fantasy",1,July,2020
s7633,Movie,Wine Country,United States,R,104,Comedies,10,May,2019
s7634,Movie,Winnie,"France, Netherlands, South Africa, Finland",TV-14,85,"Documentaries, International Movies",26,February,2018
s7635,TV Show,Winsanity,United States,TV-G,1,Reality TV,15,December,2018
s7636,Movie,Winter of Our Dreams,Australia,NR,86,"Classic Movies, Dramas",1,November,2016
s7637,Movie,Winter on Fire: Ukraine's Fight for Freedom,"United Kingdom, Ukraine, United States",TV-MA,99,"Documentaries, International Movies",9,October,2015
s7638,TV Show,Winter Sun,Turkey,TV-MA,1,"International TV Shows, TV Dramas, TV Thrillers",1,August,2017
s7639,Movie,Winter's Bone,United States,R,100,"Dramas, Independent Movies",1,March,2019
s7640,TV Show,Winx Club,Italy,TV-Y7,1,Kids' TV,15,April,2020
s7641,Movie,Wira,Malaysia,TV-14,108,"Action & Adventure, Dramas, International Movies",15,June,2020
s7642,Movie,Wish I Was Here,United States,R,106,"Comedies, Dramas, Independent Movies",16,August,2018
s7643,Movie,Wish Man,United States,TV-14,108,"Children & Family Movies, Dramas",3,December,2019
s7644,Movie,Wish Upon a Unicorn,Unknown,PG,93,Children & Family Movies,15,September,2020
s7645,Movie,Wish You,Unknown,TV-PG,102,"Dramas, International Movies, LGBTQ Movies",15,January,2021
s7646,TV Show,Witches: A Century of Murder,United Kingdom,TV-14,1,"British TV Shows, Crime TV Shows, Docuseries",1,September,2016
s7647,Movie,Withdrawn,Canada,TV-MA,74,"Dramas, Independent Movies",1,May,2018
s7648,Movie,Without Gorky,United Kingdom,TV-14,80,Documentaries,31,May,2017
s7649,Movie,Wives on Strike,Nigeria,TV-14,92,"Comedies, Dramas, International Movies",6,December,2019
s7650,Movie,Wives on Strike: The Revolution,"United Kingdom, Nigeria",TV-PG,93,"Comedies, Dramas, International Movies",6,December,2019
s7651,TV Show,Wizards: Tales of Arcadia,United States,TV-Y7,1,"Kids' TV, TV Action & Adventure, TV Sci-Fi & Fantasy",7,August,2020
s7652,TV Show,Wolf,Turkey,TV-MA,1,"International TV Shows, TV Action & Adventure, TV Dramas",21,December,2018
s7653,Movie,Wolves,United States,R,109,"Dramas, Independent Movies, Sports Movies",29,March,2019
s7654,TV Show,Women Behind Bars,United States,TV-14,3,"Crime TV Shows, Docuseries",1,November,2016
s7655,Movie,Women of Mafia 2,Poland,TV-MA,132,"Action & Adventure, Dramas, International Movies",14,January,2020
s7656,TV Show,Women Of The Night,Netherlands,TV-MA,1,"Crime TV Shows, International TV Shows, TV Dramas",18,March,2020
s7657,Movie,Wonho Chung: Live in New York,Unknown,TV-14,69,Stand-Up Comedy,11,September,2020
s7658,Movie,Woodshock,United States,R,101,"Dramas, Independent Movies, Thrillers",21,June,2020
s7659,Movie,Woodstock,United States,TV-MA,97,"Documentaries, Music & Musicals",13,August,2019
s7660,Movie,Woody Woodpecker,United States,PG,91,"Children & Family Movies, Comedies",6,February,2018
s7661,TV Show,Word Party,United States,TV-Y,4,Kids' TV,21,January,2020
s7662,TV Show,Word Party Songs,United States,TV-Y,1,Kids' TV,7,August,2020
s7663,Movie,Work It,United States,TV-14,94,Comedies,7,August,2020
s7664,TV Show,Workin' Moms,Canada,TV-MA,4,"International TV Shows, TV Comedies",6,May,2020
s7665,TV Show,World at Your Feet,Singapore,TV-14,1,"International TV Shows, TV Dramas",1,July,2017
s7666,Movie,World Famous Lover,India,TV-MA,147,"Dramas, International Movies, Romantic Movies",15,April,2020
s7667,TV Show,World of Winx,"Italy, United States",TV-Y7,2,Kids' TV,16,June,2017
s7668,Movie,World Trade Center,United States,PG-13,129,"Action & Adventure, Dramas",20,November,2019
s7669,TV Show,World War II in Colour,United Kingdom,TV-MA,1,"British TV Shows, Docuseries, International TV Shows",1,August,2017
s7670,TV Show,World's Busiest Cities,United Kingdom,TV-PG,1,"British TV Shows, Docuseries",1,February,2019
s7671,TV Show,World's Most Wanted,United States,TV-14,1,"Crime TV Shows, Docuseries, International TV Shows",5,August,2020
s7672,Movie,World's Weirdest Homes,Unknown,TV-PG,49,Movies,1,February,2019
s7673,TV Show,Wormwood,United States,TV-14,1,"Crime TV Shows, Docuseries",15,December,2017
s7674,Movie,Would You Rather,United States,TV-MA,93,"Horror Movies, Independent Movies, Thrillers",5,June,2019
s7675,TV Show,Wrong Kind of Black,Australia,TV-MA,1,"TV Comedies, TV Dramas",6,November,2020
s7676,Movie,Wrong No.,Pakistan,TV-14,133,"Comedies, International Movies, Romantic Movies",1,July,2017
s7677,Movie,Wrong Side Raju,India,TV-MA,140,"Dramas, International Movies",1,October,2017
s7678,TV Show,Wu Assassins,United States,TV-MA,1,"TV Action & Adventure, TV Sci-Fi & Fantasy",8,August,2019
s7679,TV Show,WWII in HD,United States,TV-14,1,Docuseries,2,May,2020
s7680,Movie,WWII: Report from the Aleutians,United States,TV-PG,45,Documentaries,31,March,2017
s7681,Movie,Wyatt Cenac: Brooklyn,United States,TV-MA,68,Stand-Up Comedy,21,October,2014
s7682,Movie,Wyatt Earp,United States,PG-13,191,Action & Adventure,1,January,2020
s7683,TV Show,Wynonna Earp,"Canada, United States",TV-14,3,"International TV Shows, TV Action & Adventure, TV Dramas",16,July,2019
s7684,Movie,X Large,Egypt,TV-14,135,"Comedies, International Movies, Romantic Movies",2,June,2020
s7685,Movie,X: Past Is Present,India,TV-MA,105,"Dramas, Independent Movies, International Movies",1,July,2016
s7686,Movie,XOXO,United States,TV-MA,92,"Dramas, Music & Musicals",26,August,2016
s7687,Movie,XV: Beyond the Tryline,United Kingdom,TV-14,91,"Documentaries, Sports Movies",18,March,2020
s7688,Movie,XX,"Canada, United States",R,81,Horror Movies,22,June,2017
s7689,Movie,XXx,United States,PG-13,124,"Action & Adventure, Sports Movies",1,January,2019
s7690,Movie,XXX: State of the Union,United States,PG-13,101,Action & Adventure,1,January,2019
s7691,Movie,Y Tu Mamá También,Mexico,R,106,"Dramas, Independent Movies, International Movies",1,June,2017
s7692,Movie,Y.M.I.: Yeh Mera India,India,TV-MA,137,"Dramas, Independent Movies, International Movies",1,March,2018
s7693,Movie,Ya no estoy aquí: Una conversación entre Guillermo del Toro y Alfonso Cuarón,Unknown,TV-PG,15,Documentaries,3,November,2020
s7694,Movie,Yaadein,India,TV-14,171,"Dramas, International Movies, Romantic Movies",1,March,2018
s7695,Movie,Yaar Gaddar,India,TV-14,148,"Dramas, International Movies",1,July,2017
s7696,Movie,Yaara O Dildaara,India,TV-14,132,"Dramas, International Movies, Music & Musicals",1,November,2017
s7697,Movie,Yamla Pagla Deewana 2,India,TV-14,147,"Action & Adventure, Comedies, International Movies",1,May,2017
s7698,Movie,Yanda Kartavya Aahe,India,TV-PG,151,"Comedies, Dramas, International Movies",1,January,2018
s7699,TV Show,Yankee,Mexico,TV-MA,1,"Crime TV Shows, International TV Shows, Spanish-Language TV Shows",14,June,2019
s7700,TV Show,Yanxi Palace: Princess Adventures,China,TV-14,1,"International TV Shows, TV Dramas",31,December,2019
s7701,Movie,يوم الدين,"Egypt, Austria, United States",TV-14,97,"Dramas, Independent Movies, International Movies",22,October,2019
s7702,Movie,Yeh Ballet,India,TV-MA,117,"Dramas, International Movies",21,February,2020
s7703,Movie,Yeh Hai Bakrapur,India,TV-PG,95,"Comedies, Dramas, Independent Movies",1,November,2018
s7704,TV Show,Yeh Meri Family,India,TV-PG,1,"International TV Shows, TV Comedies",31,August,2018
s7705,Movie,Yellowbird,"France, Belgium",PG,90,"Children & Family Movies, Comedies",5,August,2015
s7706,Movie,Yes Man,"United States, United Kingdom",PG-13,104,"Comedies, Romantic Movies",1,January,2020
s7707,Movie,Yes or No,Thailand,TV-PG,111,"International Movies, LGBTQ Movies, Romantic Movies",6,December,2018
s7708,Movie,Yes or No 2,Thailand,TV-PG,112,"International Movies, LGBTQ Movies, Romantic Movies",8,November,2018
s7709,Movie,Yes or No 2.5,Thailand,TV-PG,107,"International Movies, LGBTQ Movies, Romantic Movies",8,November,2018
s7710,TV Show,Yes We Can!,Singapore,TV-14,1,"International TV Shows, TV Dramas",1,July,2017
s7711,Movie,"Yes, God, Yes",United States,R,78,"Comedies, Dramas, Independent Movies",22,October,2020
s7712,TV Show,YG Future Strategy Office,South Korea,TV-MA,1,"International TV Shows, Korean TV Shows, TV Comedies",5,October,2018
s7713,TV Show,Yo-Kai Watch,United States,TV-Y7,1,"Anime Series, Kids' TV",1,April,2016
s7714,Movie,Yo-Kai Watch: The Movie,"Japan, United States",TV-Y7,96,"Anime Features, Children & Family Movies",1,December,2016
s7715,Movie,Yoga Hosers,United States,PG-13,88,"Comedies, Horror Movies, Independent Movies",2,December,2016
s7716,TV Show,Yoko,Unknown,TV-Y,1,Kids' TV,23,June,2018
s7717,Movie,Yoko and His Friends,"Russia, Spain",TV-Y,78,Children & Family Movies,23,June,2018
s7718,TV Show,YOM,Unknown,TV-Y7,1,Kids' TV,7,June,2018
s7719,Movie,Yoo Byung Jae: Discomfort Zone,South Korea,TV-MA,54,Stand-Up Comedy,17,August,2018
s7720,Movie,Yoo Byung Jae: Too Much Information,Unknown,TV-MA,63,Stand-Up Comedy,16,March,2018
s7721,TV Show,YooHoo to the Rescue,South Korea,TV-Y,3,"Kids' TV, Korean TV Shows",25,March,2020
s7722,TV Show,You,United States,TV-MA,2,"Crime TV Shows, Romantic TV Shows, TV Dramas",26,December,2019
s7723,Movie,You Are My Home,United States,TV-PG,93,"Children & Family Movies, Dramas",4,December,2020
s7724,Movie,You Can Tutu,United Kingdom,TV-G,87,Children & Family Movies,31,December,2017
s7725,Movie,You Can’t Fight Christmas,United States,TV-PG,85,"Comedies, Romantic Movies",19,December,2017
s7726,TV Show,You Cannot Hide,Mexico,TV-MA,1,"Crime TV Shows, International TV Shows, Spanish-Language TV Shows",1,October,2020
s7727,Movie,You Carry Me,"Croatia, Slovenia, Serbia, Montenegro",TV-MA,157,"Dramas, International Movies",1,July,2016
s7728,Movie,You Changed My Life,Philippines,TV-PG,116,"Comedies, Dramas, International Movies",27,February,2019
s7729,Movie,You Don't Mess with the Zohan,United States,UR,113,"Action & Adventure, Comedies",1,September,2019
s7730,Movie,You Get Me,United States,TV-MA,89,"Dramas, Thrillers",23,June,2017
s7731,TV Show,You vs. Wild,United States,TV-PG,1,"Kids' TV, Reality TV, Science & Nature TV",10,April,2019
s7732,Movie,You're Everything To Me,Turkey,TV-PG,107,"Comedies, Dramas, Independent Movies",15,February,2019
s7733,Movie,You're My Boss,Philippines,TV-14,117,"Comedies, International Movies, Romantic Movies",4,September,2020
s7734,TV Show,You're My Destiny,Taiwan,TV-MA,1,"International TV Shows, Romantic TV Shows, TV Comedies",1,August,2016
s7735,Movie,You've Got This,Mexico,TV-MA,112,"Comedies, International Movies, Romantic Movies",2,October,2020
s7736,TV Show,Young & Hungry,United States,TV-14,5,TV Comedies,21,June,2017
s7737,Movie,Young Adult,United States,R,94,"Comedies, Dramas, Independent Movies",20,November,2019
s7738,Movie,Young Tiger,Hong Kong,NR,81,"Action & Adventure, International Movies",1,November,2016
s7739,TV Show,Young Wallander,United Kingdom,TV-MA,1,"Crime TV Shows, International TV Shows, TV Dramas",3,September,2020
s7740,Movie,Your Excellency,Unknown,TV-G,120,"Comedies, International Movies",10,July,2020
s7741,TV Show,Your lie in April,Japan,TV-14,1,"Anime Series, International TV Shows, Romantic TV Shows",1,March,2016
s7742,Movie,Your Name Engraved Herein,Taiwan,TV-MA,115,"Dramas, International Movies, LGBTQ Movies",23,December,2020
s7743,Movie,Your Son,"Spain, France",TV-MA,103,"Dramas, International Movies, Thrillers",1,March,2019
s7744,TV Show,Yours Fatefully,Singapore,TV-14,1,"International TV Shows, Romantic TV Shows, TV Comedies",1,July,2017
s7745,Movie,"Yours Sincerely, Kanan Gill",India,TV-MA,72,Stand-Up Comedy,24,April,2020
s7746,Movie,"Yours, Mine and Ours",United States,PG,88,"Children & Family Movies, Comedies",20,November,2019
s7747,TV Show,دفعة القاهرة,Unknown,TV-14,1,"International TV Shows, TV Dramas",25,April,2020
s7748,Movie,اشتباك,"Egypt, France",TV-14,98,"Dramas, Independent Movies, International Movies",11,October,2018
s7749,Movie,الف مبروك,Egypt,TV-14,115,"Comedies, Dramas, International Movies",25,April,2020
s7750,TV Show,Yu-Gi-Oh!,Japan,TV-Y7,2,"Anime Series, Kids' TV",8,July,2020
s7751,TV Show,Yu-Gi-Oh! Arc-V,"Japan, Canada",TV-Y7,2,"Anime Series, Kids' TV",1,May,2018
s7752,Movie,Yucatán,Spain,TV-MA,130,"Comedies, International Movies",15,February,2019
s7753,TV Show,Yummy Mummies,Australia,TV-MA,2,"International TV Shows, Reality TV",3,July,2019
s7754,TV Show,Yunus Emre,Turkey,TV-PG,2,"International TV Shows, TV Dramas",17,January,2017
s7755,Movie,Yuva,India,TV-14,160,"Dramas, International Movies",1,March,2018
s7756,TV Show,Z Nation,United States,TV-MA,5,"TV Action & Adventure, TV Comedies, TV Horror",27,January,2019
s7757,TV Show,Z4,Brazil,TV-PG,2,Kids' TV,22,February,2019
s7758,Movie,Zach Galifianakis: Live at the Purple Onion,United States,TV-MA,61,Stand-Up Comedy,26,February,2019
s7759,Movie,Zack and Miri Make a Porno,United States,R,101,"Comedies, Independent Movies, Romantic Movies",1,October,2018
s7760,TV Show,Zak Storm,"United States, France, South Korea, Indonesia",TV-Y7,3,Kids' TV,13,September,2018
s7761,Movie,Zaki Chan,Egypt,TV-PG,109,"Comedies, International Movies, Romantic Movies",19,May,2020
s7762,Movie,Zapped,"Canada, United States",TV-Y,92,"Children & Family Movies, Comedies",1,February,2017
s7763,Movie,Zed Plus,India,TV-MA,131,"Comedies, Dramas, International Movies",31,December,2019
s7764,Movie,Zenda,India,TV-14,120,"Dramas, International Movies",15,February,2018
s7765,Movie,Zero,India,TV-14,159,"Comedies, Dramas, International Movies",21,May,2019
s7766,Movie,Zero Hour,Unknown,TV-MA,89,"International Movies, Thrillers",13,December,2019
s7767,TV Show,Zig & Sharko,France,TV-Y7,1,"Kids' TV, TV Comedies",1,December,2017
s7768,TV Show,Zindagi Gulzar Hai,Pakistan,TV-PG,1,"International TV Shows, Romantic TV Shows, TV Dramas",15,December,2016
s7769,Movie,Zindagi Kitni Haseen Hay,Pakistan,TV-14,126,"Dramas, International Movies, Romantic Movies",1,October,2018
s7770,Movie,Zindagi Na Milegi Dobara,India,TV-14,154,"Comedies, Dramas, International Movies",15,December,2019
s7771,Movie,Zinzana,"United Arab Emirates, Jordan",TV-MA,96,"Dramas, International Movies, Thrillers",9,March,2016
s7772,Movie,Zion,United States,TV-PG,12,"Documentaries, Sports Movies",10,August,2018
s7773,Movie,Zipi & Zape y la Isla del Capitan,Spain,TV-PG,105,"Children & Family Movies, Comedies",1,July,2017
s7774,Movie,Zoé: Panoramas,Mexico,TV-MA,89,"Documentaries, International Movies, Music & Musicals",1,November,2019
s7775,Movie,Zodiac,United States,R,158,"Cult Movies, Dramas, Thrillers",20,November,2019
s7776,TV Show,Zoids Wild,Japan,TV-Y7,1,"Anime Series, Kids' TV",14,August,2020
s7777,Movie,Zokkomon,India,PG,104,"Children & Family Movies, Dramas",1,November,2018
s7778,TV Show,Zombie Dumb,Unknown,TV-Y7,2,"Kids' TV, Korean TV Shows, TV Comedies",1,July,2019
s7779,Movie,Zombieland,United States,R,88,"Comedies, Horror Movies",1,November,2019
s7780,TV Show,Zona Rosa,Mexico,TV-MA,1,"International TV Shows, Spanish-Language TV Shows, Stand-Up Comedy & Talk Shows",26,November,2019
s7781,Movie,Zoo,India,TV-MA,94,"Dramas, Independent Movies, International Movies",1,July,2018
s7782,Movie,Zoom,United States,PG,88,"Children & Family Movies, Comedies",11,January,2020
s7783,Movie,Zozo,"Sweden, Czech Republic, United Kingdom, Denmark, Netherlands",TV-MA,99,"Dramas, International Movies",19,October,2020
s7784,Movie,Zubaan,India,TV-14,111,"Dramas, International Movies, Music & Musicals",2,March,2019
s7785,Movie,Zulu Man in Japan,Unknown,TV-MA,44,"Documentaries, International Movies, Music & Musicals",25,September,2020
s7786,TV Show,Zumbo's Just Desserts,Australia,TV-PG,1,"International TV Shows, Reality TV",31,October,2020
s7787,Movie,ZZ TOP: THAT LITTLE OL' BAND FROM TEXAS,"United Kingdom, Canada, United States",TV-MA,90,"Documentaries, Music & Musicals",1,March,2020
